0,1,2,3,4,5,6,7,8,9,10,11,12,13,14,15,16,17,18,19,20,21,22,23,24,25,26,27,28,29,30,31
-0.5718628,0.7032224,0.13083155,-0.7694679,-0.40252316,-0.8024204,0.43098217,0.055700578,0.6309636,-1.1243494,0.1124921,0.3120466,-0.6420727,0.6996396,0.4178112,1.6233649,-0.54481137,1.1354457,0.13790679,0.17223397,-0.08973135,1.1408577,-0.13228318,-0.13290316,-1.6425635,0.91785645,0.46911907,1.3915231,-0.94716513,-0.22310928,0.20678356,-1.4091053
0.1422107,-0.30751652,0.56368846,-0.72504115,-1.8038194,-0.906166,0.2650033,-1.3462749,1.1748344,-0.72546494,0.1553171,-0.23718402,-0.49959028,-0.18049096,0.54057276,-0.12409096,1.1713142,-0.5435673,-1.2146953,-1.3355267,-1.2410321,0.031224802,0.31535736,0.74739015,0.41883832,-1.018075,0.85938245,-0.17089066,0.47868264,-0.0012010038,0.91451263,0.10897064
1.8128703,0.25654295,0.019276187,-0.88845223,-0.27150255,-1.546655,-0.09375444,0.5139171,0.48099315,-1.1438272,1.8086684,-0.95798695,-0.5111718,0.2884802,0.43037933,-0.09008231,0.09113881,-0.673788,1.949515,2.1978765,0.45118028,0.38826054,-0.95616335,0.42790335,0.054323554,0.82771826,0.734852,0.630138,-1.5503039,0.8723638,-0.28126058,-0.46253085
-0.012801606,1.3077402,0.39935482,1.7553303,0.3148751,-1.2365867,-0.622255,-0.4433772,0.18742645,0.42198765,0.31444246,0.19056818,1.4655137,1.745461,1.2232187,-0.8140679,0.07885204,-0.49215895,0.6644061,0.08106613,-0.2579608,-0.6103946,-0.32187435,1.6778557,-0.25150895,-0.043895684,0.9567205,-0.049627185,2.1017113,-0.7073158,-0.8715397,0.78653157
1.2311239,-0.8641739,1.4931967,-0.25145477,1.5395854,1.2026683,-1.6404927,1.4943616,0.37299576,0.6297696,0.07817916,-0.7396428,-0.670837,0.23437898,1.4566811,-0.084217,-0.05120249,-0.44746166,-0.9824075,0.19686012,0.1371018,-0.09323831,1.1916586,0.45279223,1.025331,-1.1092632,0.14937949,-0.9703387,0.8786175,0.75229037,-0.13045123,-2.7470872
0.600935,-0.4406169,0.039047223,-0.9117942,-1.6769178,-1.6416171,-0.85013247,-0.7513701,-0.49440363,0.8963438,2.062585,-0.22944558,-0.7272052,-0.5725066,1.0992198,0.111672625,-1.5769863,-1.3095772,1.5111415,1.7846434,0.62976766,0.29292235,1.0270469,0.035812914,-0.06920396,0.7105491,-0.8686695,-0.7051976,-0.5244634,-0.57455254,-0.5115005,-3.1749277
-0.4722174,-0.56254756,-0.448738,-0.69970566,-0.34149128,1.5948113,-1.9844434,-0.6633102,1.1667061,1.2943428,0.33019343,1.7243538,-1.5301899,-1.2490652,-0.77733254,-0.61902016,-0.25929272,-1.4096091,-0.1585445,1.1072004,1.8425092,-0.54294574,-1.0247949,0.68532175,0.56332475,-2.2254076,0.8840662,-0.9671285,0.41489053,-0.8001823,0.29886276,-1.6201181
-0.23647866,0.24963577,-1.3350714,-0.1806269,0.72714365,-0.23378499,-0.025368273,0.46432108,-0.8378266,0.43145156,0.46369535,0.3705785,-0.3718463,-1.3605914,0.06097517,0.5417917,0.4938063,-1.0326532,-1.5046637,0.7669101,-0.9278857,0.23196341,-0.021732539,0.5505824,0.55981135,1.295804,0.31393057,-0.29729652,-0.5483366,1.3368533,0.10599114,0.21322641
1.4397599,-0.36951277,-0.86793005,0.6060296,-0.5670403,1.8097315,0.43241084,0.44053572,0.7660704,-1.6244206,0.37187475,-0.036270335,0.18321458,1.556711,1.0998404,-0.3224888,-1.9493237,0.80318755,-0.19468069,1.2207248,-1.206862,0.076261744,-2.6704113,0.10058577,0.6245253,-0.06476903,-0.53686225,1.3993657,0.17564896,1.1307328,-0.046586163,-2.0924823
-0.52204055,0.8216709,0.7288196,-1.2004706,0.123295665,-1.0629152,-0.95292133,-0.0062144995,-0.93537724,-0.15490764,-1.0152687,-0.63773906,-0.20443414,-0.4013316,0.7814644,0.40325093,-0.039685905,-0.23911536,0.2854416,0.20325452,0.6295395,-1.2567996,-1.1640975,0.3024626,1.0741966,1.5373006,1.4074825,-1.0179747,0.13735211,-0.101523146,0.9371449,-0.7133805
-0.26915312,-0.072153896,-1.5000868,-1.2870682,-1.465723,-0.37513,-0.34204778,-0.14369708,-0.43748093,0.8602786,-0.72874874,-0.28606424,-0.3636657,-0.60700816,0.57123196,-0.7517242,-1.2313783,0.41406915,1.2641523,0.3586079,0.37009138,0.740266,-0.24813765,-0.07806954,-0.2037599,0.6074892,-0.14863613,0.025309809,0.3581335,0.22991285,-0.7702899,-1.4296111
-0.27645978,0.36726564,-0.5520845,0.46639603,0.1413973,-0.7819575,-0.6069806,0.17931324,-0.04430724,0.7611495,-0.19909406,-0.36538523,-0.9975822,0.6299139,0.9474858,-0.06376349,-0.0956906,-0.47241962,-0.19051215,-0.37548256,-1.0073822,0.018005302,-0.009885408,0.42215466,0.13276628,-0.09838031,0.18160884,-0.46131685,0.78662986,-0.39465964,-0.7568041,-0.2696758
0.7883444,0.43245584,0.8957255,0.31994486,0.37349913,0.79082763,-1.2673625,0.53253126,-0.58854437,-0.3332883,-0.37159878,-1.173421,-1.36913,-0.585126,1.6027706,1.320177,-0.889047,0.6737242,-0.6462411,0.52003676,-0.035002843,-0.38022095,-0.5389566,-1.4197412,2.0491014,-0.12632626,1.0076386,-0.6670515,1.7540681,0.89105463,-0.417621,0.7012006
-0.5022361,0.41974777,1.1479659,-0.7123953,-0.047691464,-0.26430896,-0.42884615,-0.4569546,-0.59644943,0.20580462,0.20243153,0.6392757,-1.2695671,-0.8824916,0.531194,0.8487859,0.34022158,0.6274108,0.47681746,-0.8111643,0.1814536,-1.216893,-0.6869446,0.07869073,1.018651,0.119880445,1.7203399,-0.053976208,0.61609316,0.62742966,0.9091691,-2.1684704
-0.58403796,0.6568749,-0.34893012,-1.0319071,-0.6152009,-0.9854103,-1.0224607,-0.072724506,-1.0578105,-0.040372,-0.6322235,-0.38478884,-0.40206042,-0.35592735,0.6963587,0.6628368,-0.31668884,-0.6587495,0.22365233,-0.13663498,-0.031120405,-0.59400433,-0.7582069,-0.6820844,0.56706494,0.22309704,0.72890145,0.36929432,0.090061314,-0.18052603,0.70421195,-0.20854592
1.4533926,-0.35466325,-0.1722359,0.0012925267,1.0745726,0.037232786,-0.30925885,0.22677991,-0.94180393,-0.04028439,-0.35922283,0.029956438,-0.27658734,0.14727746,0.24786578,-0.07371874,-0.13179338,-2.5333714,0.5732263,-0.9169621,0.4603739,-0.3804129,-0.37208173,-1.4268761,0.2009239,-0.33163482,-0.12403159,0.18615077,-0.2574958,-0.16361007,0.42670068,-1.6015506
0.6715832,0.11291583,0.43400636,-0.6267555,-0.27194563,1.0056331,-0.2539434,-0.14766264,-0.27144745,-0.40974295,-0.43651178,0.6741275,-0.5860272,-0.06978179,1.0210646,0.37149093,-0.5616437,0.627125,-0.25170082,-1.1437817,-1.0665808,0.19617306,-1.582794,1.0620759,0.54696286,-0.90717775,-1.0284173,-0.33867502,0.18081248,1.3987947,0.23215881,0.14511238
-0.10117699,-0.68665,0.8387016,1.8536494,-0.026021466,-0.29747993,-1.3224615,0.95641327,-0.45216396,1.098175,0.012440309,-1.3079523,-0.7434146,-2.8667357,0.19301873,0.4738096,0.21992497,-1.3020005,0.57868826,1.182931,-0.8831862,0.24729176,0.00095926225,0.90242016,-0.87924254,-0.5933669,0.30767688,-0.9865871,1.5198187,-0.09771858,0.6665052,-0.5543464
-2.4650528,-0.89839494,-1.5866431,2.4048574,0.09991148,2.2058325,-1.4251993,2.7093048,-0.47749412,3.1588507,-1.9882543,-2.2516603,1.2057874,3.6051342,0.11124101,2.6147923,-0.23314662,-1.7041705,1.9960728,-0.37121832,-2.8023973,2.6416888,1.017783,-2.9000516,-2.3061304,0.17871356,-0.706509,0.29967743,-1.2588038,0.5487995,2.3017735,0.7144608
0.07583881,0.48729786,-1.4960415,-0.50703573,-1.4709301,-0.9830499,-0.41944695,-0.9985083,0.3499201,1.8136958,0.55304515,0.7754042,-0.5931349,-1.4120513,1.3139974,0.038637206,-1.335666,0.22755665,0.5189366,0.82757473,-0.074814014,0.42170778,0.10334122,0.17241773,-0.76642966,0.8573711,-1.2891752,-0.22405365,0.31319466,0.21050438,0.68101406,-1.0141834
1.4450357,0.19928557,-0.1865587,-0.35290366,-1.5199448,0.14476956,-0.5581565,2.6577706,0.71881646,-0.87128806,0.37595305,-1.5937846,-0.5215391,1.0959882,0.21357869,-0.057572216,-0.31534877,0.452702,2.0777414,-0.3936204,-0.85354435,-2.2207682,1.0236953,-0.98218095,0.21759838,-0.71676755,-1.5885906,0.7801318,0.7268998,-2.572009,-0.8386998,-0.04979518
-0.053589396,1.1175216,-0.17608562,-0.17395428,-0.25148532,-0.901352,-1.0965221,-1.0326011,-1.13974,0.6420019,-0.3225599,-0.25354668,-1.091147,-1.30197,0.15794116,0.20283629,0.7641925,-0.52376693,0.5427773,0.97151697,-0.03202625,-0.3537979,-0.12976193,0.22414625,0.16983387,0.7464941,0.046926077,0.3355201,0.739127,-0.43611142,-0.5267405,-0.3562367
0.14215845,-0.29350054,-1.0026003,1.6437362,-0.8246764,-2.4810746,-1.3823206,-1.4357567,1.0622587,2.0805383,0.8176478,-0.5033662,1.3886641,-0.5056082,1.1081223,-1.094632,-1.475177,-0.12802869,2.0505,-0.25127196,0.047970742,0.46881068,0.44651753,0.18738884,-1.4211812,0.96732885,-0.036208645,0.595413,-0.9124766,1.2419167,1.1233467,-2.1587207
1.5570176,-0.70556945,0.15302569,-0.6760532,-0.7794858,-0.78609943,0.8223138,0.09085053,0.20869233,-1.3803712,0.7563508,0.62188065,-1.1109152,0.4847805,0.33738837,0.19238518,0.3844094,-0.019743279,-0.28717095,1.0440431,-0.25406528,2.0499032,-1.0071073,0.5787563,0.20172971,0.37090236,-1.1427402,0.24430194,-0.5341284,1.0903153,-0.020135067,-0.3109464
0.61112726,-1.098743,0.8731338,-1.0921863,-0.038924478,-0.089108996,0.26888326,-0.15588431,0.39714012,0.51508385,-0.2775877,0.44145828,0.36310163,0.021755844,0.7527381,-2.0014567,0.5432143,-0.17298684,-0.22148158,-0.32105458,-0.6208936,0.6643586,-0.62516344,1.075924,0.61429507,-0.36725017,0.36142248,-0.6755295,-1.0564593,1.4719919,-0.7236365,-1.0028456
-0.48279142,0.40663445,0.82695705,1.1021975,0.7846415,-0.7866864,-0.48691446,-0.28972143,0.31574965,-0.789284,-0.41836882,-1.198849,-1.8938099,-0.042774305,1.5555794,1.0642407,-0.1441666,0.51315176,0.030014962,-1.5432887,-0.14288165,0.13960834,-0.49435607,1.2243263,-0.074857734,-0.7168732,-0.4078841,-0.96543795,-0.5669575,0.4492974,-0.34186053,0.077470005
0.62135446,0.59321904,-0.6710799,-0.35633957,-1.6686299,-1.1697088,0.90319574,3.0374537,0.22630253,-1.2041669,-1.3150058,-0.18529844,-1.7741168,1.6703839,0.5529152,-0.92355406,0.037979662,-0.6891552,-0.057789296,2.5254173,-0.017214715,0.3604228,-0.5549544,0.06692308,0.3932498,0.16432473,-1.6310852,0.46992484,-0.020623159,-0.7811916,0.5610523,-0.12128852
0.10334197,0.003578633,0.53270847,0.620909,2.1474628,-1.5455899,0.6527631,0.85133463,-0.8252858,-1.4440489,-0.55374193,-0.5080642,-0.086580485,-0.2653416,-0.75110984,-0.357616,-0.90480775,-1.7414505,-0.69272447,0.6391276,-2.1589212,0.2679873,-0.9474871,-0.49900383,1.3569301,0.3926748,0.9601798,-0.40714353,-2.5935297,1.3556005,0.43954945,-0.89741015
0.022754833,-0.6045108,0.48788726,1.3463635,0.8570186,0.19338685,0.82229155,-0.54243577,-0.07552101,0.9684489,1.3264852,1.9814156,-0.94357955,0.046593413,0.5871744,-1.1587673,-1.459563,1.2504133,0.011015981,-0.011877917,-1.2584103,-0.76752925,-0.9306761,0.0024423897,0.20797464,0.55569357,0.8687477,0.2868073,0.69326216,0.9791154,0.76909506,0.16014934
-0.08621049,-0.34483764,-0.016318973,0.2255669,-0.4274829,0.4480482,-1.1924897,-0.8248454,0.11940344,-0.9833133,0.3865289,0.3259576,-0.7920897,-0.6572353,1.364025,-0.5180456,0.893222,0.15969567,-0.6843381,0.83817166,0.5895571,0.452834,0.28969643,0.36294264,0.8176575,0.14657286,0.33142924,1.1646943,0.44931385,1.003815,1.1372981,-0.84111357
-0.9601777,-1.8052495,0.06549984,-1.3452697,-1.5629537,-1.5980794,-0.13774942,1.2867272,0.00022736192,1.3471618,-1.888721,0.82182264,-1.1658621,-2.2632318,1.2309885,-1.1233065,-0.06387399,1.0328038,0.7660468,0.015655562,1.9658003,-0.9327754,-0.5170485,-0.37459397,0.0008164197,2.2469306,-1.3203322,0.072158664,0.048452497,-0.15567617,0.7229082,-1.3613997
0.7447236,-0.7720556,0.64912474,0.3858261,0.1762949,0.014845042,0.20217553,-0.25730836,0.80032367,-0.24533792,-0.58498037,-1.0319028,-1.8249776,-1.177599,0.53752416,-0.46039307,-0.0383507,0.40574297,0.33949497,0.21112984,-0.7230655,-0.17880641,-0.7986472,-0.040342167,0.67104006,-1.1144043,0.38606173,-0.3645361,0.18181753,-0.3077319,1.0418584,-0.46576688
-0.22103697,0.7264561,0.12468446,-0.025657408,0.70788336,-0.22234337,-0.21689734,0.6097599,-0.9725095,-1.829332,0.2617566,0.80100346,-1.255741,1.2196386,1.517095,0.6539875,0.09870878,-0.2801796,0.034061447,0.124050185,-0.15704644,0.19587815,-0.9733246,1.5317094,0.96705043,-0.5710572,-0.41286448,-0.7856451,0.14018464,0.61926913,0.43205506,-0.9949261
-0.51247275,0.6817945,-0.20418024,-0.17218879,0.31283376,-0.5046448,0.9711721,-0.32620358,-0.3787355,-0.37527138,0.8708003,0.37136593,-0.10570286,-0.28605223,0.2239024,0.2886331,-1.41912,-1.5988617,-0.5214329,-0.008945972,-0.09302055,-0.73870647,0.20554774,-0.15681687,0.6722038,-0.6639686,-0.015968613,0.047909148,0.7548317,0.20480657,-0.39684445,-0.73174834
1.9928846,1.0786422,-1.9735398,-0.21151131,-1.0011773,0.9100755,-1.1579924,0.8232517,-0.4148388,-3.7071638,0.30447432,1.6010902,0.5399218,0.66122353,-0.11499214,0.054802984,-0.25580895,-2.3264446,0.93415487,1.4195535,-0.6769073,-0.7933809,0.99074066,-0.34395388,-0.116760075,0.73991996,-0.57704544,1.6899942,1.0849118,1.2220197,0.37011808,0.7409593
0.1249429,-0.49841595,1.1923807,-0.6498322,-0.13372567,-0.7592852,-0.82928306,0.27171308,-0.023091758,0.0167979,0.20932384,0.4829587,0.08395241,-0.70228994,0.5323423,-0.32978892,-1.4043925,-1.1566807,0.38190308,-1.1974797,-0.14607358,-0.3622373,-0.41203374,1.1336694,-0.15674317,0.011039909,-0.54173255,-0.6744508,0.6789632,-1.0362725,-1.90557,0.13748837
3.2619274,0.36031824,-0.18840879,0.07895039,-1.8211255,0.047962427,0.029935807,-0.63978726,1.1643715,-0.7459232,-1.8135047,-0.7450296,-2.9620705,-1.2360554,-0.39445555,-1.342404,-1.1659497,0.62927014,2.243808,-0.8095958,-0.05982106,2.834659,1.0092636,-1.0966705,-1.7841957,2.5303743,-1.3094367,0.15232885,-0.6835837,-0.46687904,0.3267901,1.8246436
0.16311273,-0.35325986,0.48274994,-0.016517699,0.04398343,0.32364902,-0.75814986,-0.16680935,-0.24965757,0.1413032,0.463879,-0.107587114,0.6170325,-0.9819199,0.2239763,0.5433774,-1.1965863,-0.5085193,-0.20513852,-0.9479395,0.10197118,-0.45938873,-0.18739457,1.326644,0.4800068,0.7523515,-0.988351,-0.25387228,0.64219606,0.07174135,-0.33749852,-1.0176308
0.39717075,0.71383965,-0.37961847,0.58555937,-0.9733751,0.93126774,-1.0965118,-0.8875515,-1.5509833,-1.2633663,-0.2876924,1.1610787,1.1562498,0.7105921,0.92045236,0.7187478,0.09360094,-0.5404799,0.46549714,-1.0795724,-1.7885406,-0.6089704,-1.4697988,-0.32466185,-0.13567388,0.552397,0.92043686,0.4659465,-0.47017312,0.4620192,0.68296957,0.38334864
-1.1867498,0.14800254,-1.0050907,-1.4138145,-0.27029514,0.3829956,-1.342431,-0.6022868,-0.6871531,-1.013435,-0.51137906,1.2252231,-0.5849975,-0.81375897,-1.1546512,-0.43571085,0.28300598,-0.14998518,-0.4526742,0.39273494,-0.048450902,-0.8409984,-2.034285,1.6755131,0.5337277,0.6420113,0.063492686,-0.13335724,0.46254224,0.27704468,-0.17821081,0.72588027
0.11503844,0.62101245,0.21840842,0.8596994,0.41401532,-0.156116,-0.17247851,0.0011899029,-0.544323,0.09750798,-0.44095296,0.8608718,-0.8892502,-0.23537275,1.4938922,-1.3515708,0.13515423,0.125131,-0.016261801,-0.88759494,-0.7191498,0.20467009,0.22233662,-0.45782715,-0.014618546,-0.91556036,1.1840599,-0.6882091,-0.14861178,0.49060237,-0.09995725,-0.7034885
-0.20318985,-0.4383336,0.36464322,0.09226471,1.3184031,-2.5747232,-2.3244421,1.149295,0.49694118,-0.75743926,-1.7932993,1.0481215,1.0911419,-1.1495452,0.50876135,-0.2754446,0.82772154,0.53380615,-0.3370954,1.1208668,-1.5254173,-0.18206379,-0.23115042,1.4554445,-0.4653449,-1.5302651,0.0010731257,-0.4165448,-0.26198906,-0.26482487,-0.66949975,0.19297388
0.44044054,0.2620358,-0.68201685,-1.3999594,0.087295294,-1.6146746,0.2287843,1.5767949,0.010962918,-1.2613413,0.9030496,-0.32472366,0.045187935,-0.561939,0.9152639,1.2322662,0.33242595,1.6037776,0.11317803,1.2428863,-0.114242665,0.74099004,-0.24751112,0.75719905,1.1243594,0.43092066,-0.2919878,0.89368725,-0.046128936,0.28182143,-0.32597536,-1.5427191
-0.4071421,0.008122474,0.47953567,-0.19769235,-0.11947955,0.09104826,-0.09105195,-0.28150153,-0.7458334,-0.07371113,0.059664473,0.83222747,-1.3939073,0.5635831,0.7961713,0.5856042,-0.41048524,-0.23082452,-0.091582894,-0.39111567,-0.26987734,0.016981177,-0.81473833,-0.16394964,0.54564065,-0.97500026,1.4445968,0.54632944,2.047017,-0.19489819,-0.5246418,-1.8297347
-0.56483716,0.6605759,0.6177373,0.4706975,-0.30018017,-1.5112839,-0.8185139,-0.61250377,-1.144321,-0.11718871,0.1313593,-0.55511606,0.13034631,-0.109983,-0.23462918,0.4774015,-0.53432393,-0.40293318,-1.8652697,0.5252345,-0.16926041,-0.27715364,-1.0395749,1.4347982,-0.96024895,0.2032489,0.38008028,-1.3657726,1.0711188,-0.015879393,-0.3960855,-0.26720837
0.27241808,-0.084412314,2.2001405,-0.58373535,-0.9837661,-1.8283961,0.7443932,-0.58918893,-0.11566205,-0.46354595,-0.9370122,-0.9229964,-0.12210858,-0.50723445,1.1327866,0.39059865,0.07668118,0.2579563,-1.0514866,-0.050686806,-0.71422267,-1.3351666,-1.1998887,0.08897954,-0.117013864,0.44226187,-0.5006866,-0.693556,1.5705504,-0.19632673,-0.3495471,0.2512166
-0.28850466,-1.5475382,-0.63538235,0.35447377,-0.15750147,0.09210723,0.29524004,0.15561944,0.7174505,-0.68369126,-0.44625205,-0.8233926,-1.3660216,-1.4369991,0.46438587,-0.08315331,1.0754168,-0.67279387,-0.2387753,1.1235032,-1.2490761,-0.6244571,-0.2979922,1.1375457,-0.9371297,0.18540429,-0.21602371,-0.21108316,0.63058066,0.00093750097,-0.3960282,-1.1066723
0.77430546,-0.2160956,-0.08657449,1.0054855,0.16893633,-0.14775304,-0.89877784,-0.044806898,-0.41729724,-1.423245,-0.15535842,-0.07037833,0.28938565,-0.94697964,1.5441303,0.01690936,0.3709038,-1.7505555,0.3816498,1.3161244,-0.6962091,-1.0079614,-1.3150225,-0.2788065,-0.7616166,-0.6217976,-0.24340078,-0.35184485,-0.399585,0.8841876,0.44189182,0.5274868
0.83852446,-1.427338,-2.6659613,-2.550864,0.48750323,-0.38222992,-0.28178948,-1.1749345,-1.451423,-2.0450592,-0.3437785,-0.3606557,1.6094708,-1.4199228,-1.2536743,-1.8132222,-0.8039154,1.0494717,1.4053533,1.6152227,0.9657629,0.118633226,1.0076897,-1.0815643,1.4877429,-0.6681717,0.7320863,-1.73771,0.72802573,0.33453214,0.7459362,0.52677256
-0.1896863,-0.6840719,0.08413109,-0.2261844,-0.47463548,-0.84975266,-0.04956278,-0.52653515,0.6633643,0.53433895,-0.8752158,-0.7382912,-0.47713697,-0.3890265,1.1719359,0.253336,-0.18444645,0.22233912,0.5704063,-0.2994898,-0.20871723,-1.3087821,0.37855384,0.8394493,1.0366116,-0.06977016,-0.057563946,0.5603036,-0.63581055,-0.94806993,-0.5374613,0.68312997
-0.44626683,0.25944966,-0.36891216,-0.36851913,-0.48026627,-0.28819,-0.48275065,0.12524678,-0.62443084,-1.1380645,-1.0165417,-1.0590954,-1.1760104,-1.2423469,-0.3952403,-0.4680317,-0.29027343,-0.87954795,-0.7285829,-0.82706714,0.4963025,-1.1424227,-0.54981077,0.5934003,0.20926106,-0.4886073,0.50042105,1.0093725,0.63405263,-0.5092671,0.364374,1.0857604
-0.6574906,-0.24069121,0.4877594,0.6699207,0.278902,-0.79858977,0.66665244,-1.205255,-0.18761003,-0.18479416,-0.15058169,0.94899786,-0.5141562,0.06385195,0.8438064,0.19004372,-0.881904,0.47613472,-0.5526459,0.06676236,0.004662618,-0.03176876,-1.1666367,1.5986011,-0.45959345,0.7199992,-1.0433109,-0.077223465,-0.652954,0.1482682,0.55326605,0.6197599
1.259774,1.3931098,0.24537428,-1.0479044,0.6295452,0.73434776,-0.67564344,0.33011723,-1.2223135,-0.8426355,0.2865525,1.0636997,-0.6518096,0.9500953,-0.030733183,-0.44982135,-0.4658558,-1.78372,0.25420862,-0.45788404,0.16601731,2.5946195,0.90296763,0.38359645,0.27621567,-0.44125646,-0.0533477,0.6913632,-0.5988929,0.9459733,-1.4468569,0.646783
0.35067558,-0.62441,0.32300293,0.28819332,-1.8188058,0.7424798,-0.5187359,-0.5939151,1.0266454,-1.3378974,1.6138372,0.5963029,-2.6243677,1.9075663,-0.03951682,-0.80215687,-1.2375805,0.61182296,0.4260194,2.2025208,0.60833454,-0.2301666,-1.4927473,0.513661,0.1200435,-0.9635806,0.12331067,1.3020439,0.4639737,0.6090103,-0.38730314,0.4387198
1.1370031,0.30073696,0.41416037,-0.22247484,0.03548962,2.9062343,-0.33053482,0.4478326,1.3090218,-0.21285503,-0.0054950416,0.36482906,-0.69349116,-0.10818099,0.6958273,-1.2435795,-0.93608946,0.8970046,-1.368436,0.4883284,0.1170744,-1.4749928,-0.07875809,2.1816378,0.07496001,0.22676677,-0.5395007,-0.5587927,0.7785414,0.41525936,0.37640244,-0.060393505
0.6784315,2.0888615,-1.3162615,-1.2032036,0.8662803,-0.40761694,2.1678224,-0.076711476,-1.1746998,-0.5648452,-0.9935631,0.8255595,0.20231268,0.10660976,-0.38001338,1.1550698,2.2803063,-0.460541,-0.8856245,-0.97049123,0.8530382,0.029325733,0.92563236,-0.120259516,-0.57122993,-0.99760354,0.89548534,-0.612236,-0.8184821,0.15295848,0.4639504,-0.45181695
-0.6304498,-2.0270977,-1.1357852,0.30471253,-0.27108073,-0.9220974,0.15640537,0.07119361,-2.0895472,0.16232051,0.6787728,-0.24475168,0.56109,0.16505262,-0.61266243,-1.6789243,1.4098934,0.9434516,1.238663,-0.1751743,-0.3823714,0.29948005,0.5754847,-2.13991,0.72848284,-1.074055,0.7978842,0.36356187,-0.643433,-0.37969455,-1.5026853,0.12121424
-0.8079215,-1.0447412,-2.5783024,-2.1701818,-1.1120036,-1.5852437,1.8762933,-1.2904181,-1.3995578,1.6641049,-2.229902,-0.80308396,1.193299,-2.9995632,-0.21781182,-1.1921473,0.50092894,3.512903,0.17045443,0.39501137,-0.26283556,1.0336647,-0.5736085,-1.1683085,0.20674583,-0.18230876,-0.36569664,-2.2014284,2.1535788,0.5446828,1.2897339,-1.0323849
0.83028984,-0.14276798,0.079752885,-1.0972157,0.22185934,-0.33412653,-0.18996494,-1.9429789,-0.9566275,-0.77600616,1.0890794,-0.72629046,0.74568546,-0.15011702,1.3211678,1.6574802,-1.6656713,-0.21401648,1.3173504,0.05449061,-0.11589296,-0.22138712,-0.9956453,0.6496783,1.3995111,-0.09917182,-0.61486876,1.2448201,-0.37783897,-1.8891224,0.29538643,0.70250213
0.5873812,-1.6858464,0.016083281,-0.0038711727,-0.18361175,-0.39900306,0.33041206,-0.48449302,0.7396313,0.6084806,-0.5316208,-0.17045277,0.5363324,0.31095213,1.2285252,-0.21912669,0.8052534,-0.7599925,0.2355115,1.4279021,2.0994081,-0.28646582,-0.08711533,1.6564468,1.6711353,-0.3585692,0.513831,-0.63420147,-0.65516055,0.6396147,0.6084168,0.33039093
-0.5153058,-0.451997,-1.0552113,1.6419749,-1.0196519,-0.5164274,-0.8353469,0.41839036,-0.86802864,-0.43286127,1.7838767,0.9878092,-0.11216861,-0.52218413,0.57695675,-0.6973398,0.23813121,0.13871282,0.94801056,-1.8649933,0.3147959,-0.89626026,-0.39236063,0.85716414,-0.049845275,0.43540508,0.36866397,1.6454072,-1.3906186,0.021423265,0.26112574,-0.089751095
-0.3982704,-0.30548757,0.80115426,0.18240832,0.5012655,-1.5358068,-0.18435284,1.2515631,-0.4098868,-0.42302418,-1.1943003,1.28509,-0.75623477,-0.5439967,0.28808433,0.47040096,-0.039445788,1.2952731,-1.0056968,-0.5839722,0.18143462,-0.8155228,-0.68075424,0.5358858,1.0788672,1.0597144,-1.4442186,-0.31826022,0.79867446,-0.46633816,-0.09319633,-1.1346545
-0.55675775,0.747312,-0.22704628,-1.6668929,0.07112389,-0.51176804,-1.001144,0.3964697,1.1469744,0.031209394,1.3902559,-0.7617461,0.032138497,0.59372336,1.6590862,-0.688921,0.32396868,1.4715868,-0.5609438,-0.56320506,-0.6382597,-0.16314556,1.0571101,0.72318095,0.7345766,0.41646284,1.212764,0.930936,-0.25251913,-1.8518264,-0.24981737,-0.39729246
-0.39653724,0.38854662,1.5711362,-0.7784411,-0.13505356,-1.7972076,0.039801866,-0.34565285,-1.0684471,0.45631844,-0.2976231,-0.12407983,-0.8028736,-1.6488134,0.23807722,1.2387199,0.38149163,0.4071365,0.43833065,0.8325364,-0.76159406,-0.17518651,0.25955078,1.77335,-0.17422745,0.9616625,-0.15703319,-0.034989506,0.40057755,0.36506218,-0.530365,0.18963024
0.36040705,-1.6157742,1.9625177,0.15300727,2.4347196,-0.28018355,-0.008182883,0.4517829,-0.78535914,0.48532853,-0.6150626,-0.18655547,-1.2184644,-0.11308427,-0.04325807,-0.87831604,-1.1942954,-0.34986922,0.7845365,1.3519228,-1.1445384,-0.27359244,0.5242182,0.8268527,-0.05199501,1.3852434,0.1586365,-0.37892497,0.6451703,0.5469388,-0.40963364,-1.7777121
0.0964905,0.013939723,-0.59592414,0.8146685,-0.40690345,-0.7574224,0.6969757,-0.42594945,-0.28341055,-0.15955715,-0.73818964,-0.37184322,0.54181486,-1.0397816,0.8987895,0.022597268,0.5456447,0.97633237,-0.50464463,-0.039308593,-0.75811315,-0.11393662,-1.0755966,0.4106611,0.40038443,0.23148237,0.80970657,0.5962651,-0.38948196,0.76435614,0.021825064,-0.3264734
0.45077962,0.2664503,0.2673136,0.31524983,-0.6977961,-1.3372376,1.0635482,-1.3943112,-0.14757605,-0.0054642223,1.0088333,-0.5358197,-0.31363863,-0.99165833,0.63300747,0.36308715,-0.13806179,-0.93167764,-0.67297727,0.9676083,-0.3508367,0.20995565,-0.8640518,-0.5129454,-0.013189793,-0.69263405,-1.4014914,0.57230985,1.2514876,-1.7251825,-0.8161994,-1.0379688
-0.61242324,-0.34184027,-0.26274997,-1.5809199,0.617211,-0.66714025,-0.54000646,-0.5174976,-0.2801722,-1.1511493,-0.35745108,-0.96809703,-0.10455249,-1.1302154,-0.29572254,0.5635876,-0.6493324,-0.35170847,1.3853459,-0.48453993,-0.91828954,-0.9068829,-1.5825288,0.08948296,2.2497082,-0.42027482,-0.5890982,-2.5024605,0.39279637,1.3032732,0.6327053,-0.034172602
-0.8772383,0.67982626,-0.7107558,0.5919183,1.0735995,-1.1068519,-0.4502721,-1.1213472,-0.06848724,-0.2778988,0.32001975,-0.029923871,-1.1432233,-0.4519298,0.84899867,0.9248378,-0.7650647,-1.4119532,-0.45604467,-0.06983444,-0.30938426,0.14552823,-0.15638614,0.87364304,-0.84105647,-1.6052608,0.3905081,0.071737885,-0.02373901,-0.5254949,-0.119161375,-0.03273563
-1.1065049,-1.8809636,1.7806892,0.6487489,0.44772184,0.3379452,0.96459794,-0.13356505,0.33044842,-0.2368765,0.6241684,0.47520941,-0.46354616,-1.7284846,0.7280838,0.10686362,-0.9219681,-0.29213935,-0.15071553,0.82418716,-0.6501099,-0.204596,0.5696963,0.47879478,0.13029751,1.596101,-1.0684602,0.79564905,0.8373388,-0.31642357,0.20455307,-1.2042294
0.44502446,-0.26398733,0.6623968,0.11930057,-0.4667273,0.08021644,0.5690027,-0.13202097,-0.522317,-0.45611492,-0.37189686,0.3063959,-0.31227827,0.075437754,1.0876317,-0.07218672,-0.19358459,-0.40480444,0.32909098,-1.3219908,-0.24067065,0.03875129,-0.052141458,1.1564512,-0.16785294,-1.160374,-0.1475195,-0.6263247,0.574551,0.8183714,-0.251871,-0.12617837
0.6314901,2.63211,-0.71689904,0.12716004,0.41989028,-0.6882381,0.69035125,0.2971892,-0.4579543,0.1592415,-0.15687025,-1.2428503,0.5763335,1.4124318,-0.0003143698,-0.08884156,1.642298,-0.05245453,-0.6898476,-0.19127727,-0.7243495,-0.880056,-0.19064492,-0.7149347,0.04874605,0.4256487,1.3972409,0.16185656,1.2197231,-0.5828568,-1.3161261,0.2909889
0.9769298,0.2694189,0.46980625,0.16969538,0.38101482,0.12791291,-2.898508,0.7221071,-0.3737722,-0.42009783,0.7475667,1.4034996,0.20845738,-0.97286403,0.6844009,-1.3803679,1.3535025,-1.8964627,1.4083085,0.049978167,-2.3426623,-1.1503421,-1.6974136,-0.30738327,-1.5573311,-0.40621224,0.5396018,0.08569326,-0.18887824,-1.1667714,0.34328228,2.6659975
-0.598812,0.69839436,-0.33571005,-0.2949777,-0.03415364,-0.958807,0.9245378,-0.054631338,-1.1259633,0.031741265,0.33395666,0.4434888,-0.8287488,-0.21635966,0.4695406,-0.86732376,-0.3279481,-0.6486753,0.10131462,-0.014550358,-0.7939879,0.1281693,-0.34347054,-0.054709643,-1.1483736,-0.10634205,0.40545073,0.25536907,-0.3999323,0.31369993,-0.7897682,-0.33477312
-0.52418005,-2.8881936,0.516204,1.1284151,-1.7756855,-0.9882095,-0.96544206,-0.37021726,-1.2547431,-0.037036687,1.9541557,0.19810589,-1.2000303,0.027821213,-1.8738751,-0.58641446,0.23745762,-0.96655756,0.404943,-0.10887468,-1.5879371,-1.2738369,-0.0385475,1.31642,-2.387896,-0.35911724,0.7756571,-0.03800255,-1.3394926,-1.3219229,-1.0084482,0.52660376
1.4456987,1.864877,0.97567797,-0.097478956,-0.31619802,-0.14535207,1.0747393,0.81409305,-0.9249318,-1.9299681,-0.6442063,1.5333437,-0.9776568,1.5349703,0.28845116,-0.9129414,-1.139137,-1.1945162,-0.46748886,1.0770457,0.68294895,1.8550022,-0.39550722,-0.20403874,-0.365672,2.8785903,-1.6765336,-0.030535921,-1.9762721,0.42747656,-0.9600066,-0.19226423
0.16087472,0.26184016,0.98847306,-0.45165145,-1.3584158,-0.80322456,-0.3518313,0.84286237,0.4684422,0.3949182,0.01989904,0.3122951,0.31188127,-0.3672174,0.67467475,-2.1059287,0.37825492,-0.72152585,-0.56833524,-1.5377563,-0.88120365,-0.48591912,-1.1192706,1.2966876,1.8048074,0.087490804,1.0131024,-0.4079551,0.05873169,-1.4267812,-0.111935906,1.3293291
-1.0113685,0.71271306,-0.12698923,0.02126509,0.8062405,1.6145535,-1.0982518,-1.022532,0.17248558,-0.34364069,0.618691,1.6540244,-0.31189215,-0.29633254,-0.20847479,0.3449172,0.013217688,0.4462508,-2.0675447,-0.44262972,-1.5686972,-2.4187007,1.9239159,0.58345205,0.48049486,-1.0097185,-0.23068462,2.0773506,1.596726,-0.6834284,1.119477,-0.40050298
0.6559217,-0.24512707,-0.0073459446,-0.4873095,0.012323193,-0.5600553,0.45132077,-0.58587533,-0.064339474,-0.21710975,-0.2711669,0.7748429,-0.16303866,0.22944699,1.3866525,-0.05697059,0.24879646,-0.568978,-1.2563431,-0.79485494,-1.1336185,0.21445984,-0.7465811,-0.4455301,0.88160896,0.2916801,-0.21888827,-0.308746,0.033475175,0.21156429,0.6598166,-0.77943265
-0.36974087,-0.44235232,1.1360033,0.2989654,0.24438287,-0.5518856,-0.82812,-0.18354845,-0.37642154,0.104450725,0.56232166,0.57136184,0.50849766,-1.2526704,0.24649206,-2.2219017,-0.15598372,0.201552,0.19962743,-0.7668606,1.0789735,-0.11153653,0.22822821,0.230822,1.1668518,-0.29710248,1.001312,1.2067095,0.5431326,-0.74794865,-0.7250016,0.21462213
-0.5422533,-0.8342742,0.88097346,1.1257507,-0.436764,-1.179351,0.14122838,-0.31738272,0.32804662,-0.32480493,0.9403377,-0.2163569,-0.122687936,-0.8380275,-0.74597466,0.61011803,-0.36241958,-1.1272879,-0.11939247,-0.9860176,-0.9247482,0.32694367,-1.1859224,0.35614064,2.0354025,-2.5094159,1.575567,1.9321035,-0.62895894,1.1530356,1.0756881,-1.4519494
0.5033924,0.44467348,-0.27840155,0.84269416,-0.53613734,-0.5829349,0.1217854,-1.0076745,-0.311543,0.09114793,0.43450123,0.43581602,-0.22999972,-1.2118487,0.5589129,0.30675027,0.0378024,-0.8591981,-0.76336914,-0.52501476,-0.17076053,1.011214,-0.49421614,1.7191203,0.31327912,-0.2004841,-1.497027,-0.29798892,-0.332906,0.42909628,-0.066103145,-0.1689675
0.44515824,1.2583919,-1.1949849,-0.037601814,0.051772635,0.42895368,0.19808744,-0.056986153,-0.34839547,-0.037068963,1.06788,0.65531397,-0.6509806,-1.0627596,0.98767257,-0.113503024,0.13918215,1.5555115,-3.7397137,1.0394739,-0.89888704,1.3691075,-0.6420647,0.17136253,1.1784774,-0.8189297,-0.15160961,-0.50367594,0.77624977,0.6614519,-1.3771477,-0.4712436
-1.6748633,-0.6662025,0.49211293,-0.37502703,-0.82532394,-2.1220775,-0.26904353,0.45660627,1.161283,0.63328195,0.32816088,0.14082846,0.22328356,-0.7125181,0.8105105,1.7873013,-0.1151791,0.19906011,-0.8198029,-1.9180312,0.7331209,-0.66025853,-0.28044522,0.6069176,-0.011990242,0.44644853,-0.37622392,-0.08638097,-0.41504133,-0.64104986,-0.73135126,0.020987045
-0.78300697,0.7978164,0.7037782,-0.6734186,-1.1194907,0.43899888,0.79950345,-1.194931,-0.92328113,-0.22871932,-0.635684,0.8077851,-0.38274997,-0.3279491,0.7050586,-0.8321143,0.23595917,-1.3351238,-0.5955218,-0.7994253,1.0969276,-1.8372049,0.18126589,0.7403276,-0.12200639,0.48326653,1.6844488,-0.40868992,-0.26012528,0.22492665,0.052117884,-0.5963894
-1.3843223,1.5395931,0.25197738,0.18330765,0.36100006,-0.7081963,-1.4896727,-0.46521688,-0.34559703,0.53445166,1.0646695,-0.6711507,1.3167758,0.6852304,0.58097124,-0.92412364,1.0869343,-1.4117012,0.086179316,0.7919489,0.973269,0.03864204,-0.6356581,-0.69795936,-0.79835284,-0.3210733,0.34234646,0.47006357,0.78789777,0.13827868,0.6896858,-0.38611808
0.12166494,0.2930571,-0.46637055,0.57825804,-1.2861664,-0.39911333,0.37379867,0.89933395,-0.95801175,0.25870785,-0.60585356,0.100387186,0.03168372,-1.2652217,0.8041862,1.2210044,-0.2483392,-0.27107096,-0.43691474,-1.1488843,0.23773906,-0.6106822,-0.9912369,-1.0433085,-0.9045361,-0.03326708,-1.1269531,0.7018227,-1.053815,-0.98676884,-0.13665405,-0.9593339
0.6853794,1.4150034,-0.45317248,0.3269468,1.2055382,-0.27030766,0.79229724,0.5656886,-0.4231315,-0.9918862,-1.4112049,0.0826609,-1.2251272,1.2359478,-0.09683597,0.76790553,2.1263962,0.60702705,0.36144805,-1.0005604,-0.7031534,-0.1798882,-0.5783315,-1.6071357,-0.5854104,-0.48505735,1.0264528,0.33514008,0.7826797,-0.60532975,0.6594088,-0.30776334
2.6442537,0.70451504,1.527467,-1.3390317,0.13876793,-1.0889136,-0.24855451,1.755546,0.73446107,-0.58596563,-0.42465776,-0.15410207,-0.63684756,0.94372565,-0.2632141,-0.3879311,-0.78630686,-0.60588384,-0.013495743,-1.3196687,0.35663426,1.1804376,-0.7003069,-0.83320504,0.13492535,1.4153494,-0.28231928,1.4922298,-1.4023613,-1.4014542,-1.8380792,-1.0246081
-0.17050083,0.857148,-0.07121647,0.6940162,0.0066062696,-1.078507,-0.8792964,0.3540629,-0.9018922,1.3879205,-0.048210874,0.20455498,-0.2616687,-0.4723349,0.65924287,0.45552665,-0.16925515,-0.4615352,-1.2602789,-0.6851251,-0.21027532,-0.15781894,-0.69609076,0.63865733,0.44666645,-0.36351398,0.21680818,0.42076433,0.6800045,0.08419754,-1.0017079,0.0046265125
0.8206803,-1.9196837,-0.20400937,-2.4915845,0.91953385,1.3284124,0.87872875,-0.5995822,-2.674353,-1.0620284,-0.26124513,-0.62109303,1.6785083,-1.020206,-0.116881005,-2.2780633,1.3800454,2.5208883,0.72570837,-0.9427561,-2.1402364,1.1937499,0.8842272,-1.4093726,0.32323432,0.30712605,1.1592793,-0.90406436,-0.18120939,0.51391613,0.0060739666,0.5824083
-0.63313127,-1.8506954,-1.2731916,-3.2047138,0.30851734,-0.24084741,0.9394604,-2.700065,-2.736839,-0.7184715,0.9454712,-1.15218,3.375616,0.49944693,0.3430493,-1.2150637,-1.148864,0.78614235,2.0189817,0.41082036,-1.1254965,-2.8145328,1.098314,-1.169005,1.3318853,-0.5975488,-0.007789567,1.557338,-0.16313308,-2.5938232,-2.117769,4.2111382
1.2386695,0.80212677,-1.7035923,0.30052865,0.8057469,-0.27616,0.38364553,-0.07207884,-0.32605857,-0.3137122,0.26504415,-0.1448638,0.52802753,0.54669553,0.28038108,0.48786664,1.7052009,-0.22938731,-0.009022795,-1.4291601,-1.0894518,0.2106737,-0.11974482,-0.55050904,-0.43493134,0.12847418,1.2255874,0.079265594,0.7056676,-1.293864,-1.0910618,-0.52322704
-0.3211838,1.078697,1.0773709,-0.6408503,-0.4630893,-0.6786518,0.60527945,0.60976547,-0.6279608,0.06552504,1.9624124,1.66014,-0.7264192,-0.6010725,1.1772,-0.88748527,-0.27809274,0.13525563,0.085440874,-1.2122616,0.6088559,0.35010752,0.16458206,1.5120709,0.43800205,1.4669688,0.20364247,-0.6741786,1.8350464,0.4459771,0.30525377,1.0789589
-1.0050485,-0.51027566,1.0529845,0.4298609,-0.18297544,-1.1327708,-0.12163942,0.3942066,0.21290287,1.335506,0.54470146,-0.71223485,-0.06471057,-0.003559187,-0.90642107,-1.9115971,0.35491896,0.5294119,-0.4285531,-1.7575278,0.66268134,-1.2504042,-0.41611865,-0.0034006238,2.1586654,-1.1056385,0.19094011,1.003776,0.5496992,1.2079535,-1.4271257,-1.5343783
0.5895653,-1.0956919,0.95102596,-0.15882201,0.47304836,-0.21457541,-0.5193345,-0.81399274,0.056445323,-0.13699797,0.6600055,-1.7574004,-0.7292502,0.19043273,1.3487735,-0.11251396,0.032109637,-0.30900842,-1.6414418,1.2486967,0.6750394,-0.14395875,-0.66127515,0.45602295,1.0009267,0.845683,0.43046874,1.4673725,0.3370288,-0.21541841,1.0810871,0.4150108
0.86585826,-0.38751367,0.42695466,0.61900425,0.08424047,-1.2582505,-0.365425,-1.2873306,-0.17577271,-0.17419451,-1.6525701,1.4834136,0.07397933,1.5151551,1.3778845,-1.461232,1.7927797,-2.0871727,-1.6147056,1.0421441,0.6036076,0.17330244,0.5988667,0.5215162,1.087885,-0.981009,0.44344962,-0.8588608,-1.4140272,-0.18301442,0.9857746,-1.2786404
0.22249886,-0.02033937,0.18496658,-1.6805274,0.93884104,0.59481776,-0.60561305,-0.147876,1.2653314,-0.0076965503,0.81158507,-0.02965863,-0.7492124,-1.1237731,0.35091686,0.54762924,-0.45340437,0.61583114,-0.0026073307,0.15184176,-0.2752687,0.42680454,-1.9052496,1.056668,-1.0622146,-2.6891236,0.5284865,-0.9943429,0.5819887,1.8076588,0.41628706,-1.5623851
0.17448747,-0.47916132,0.60704577,1.0342115,0.7633939,-1.4776856,0.7150955,0.6779751,1.3163953,0.039715126,0.45032397,-2.5794313,-0.6700361,-2.0698085,-0.1348296,-0.20762861,0.5786144,-0.2037856,-0.10016121,1.09177,1.1879809,-0.85798216,-1.0201689,1.2818633,-1.0250162,-0.8976153,-1.0733275,0.06089899,-0.6358496,1.6627877,-0.9823243,-0.39162838
-0.6245251,-1.7949381,-0.6362903,-1.4478679,1.0356964,0.55885094,0.4291213,0.2353843,-0.45475146,0.33118534,-0.7451928,-0.9893633,1.2586545,-0.06775988,0.75088215,-0.14472339,0.2645536,-1.9020591,0.49596262,-1.6404853,-1.3680124,0.28775543,-1.5843006,0.5085972,0.30027092,1.7386777,0.5797,0.5752128,0.017248929,1.1589298,0.12027545,0.4561825
-0.48217583,-0.076327294,-0.8108437,0.2572717,0.16969058,0.08830425,1.1163355,0.5860734,-2.8707418,-0.90369207,0.08758654,-0.07418275,0.66768867,0.31669003,0.44538468,-0.7290858,0.851489,0.104484946,1.4395161,0.019231498,0.1243103,-0.23320785,0.41332933,-2.1020937,0.32206783,-0.50448704,0.6494267,-0.4622407,0.22994912,-0.8434714,-1.0026243,0.23446694
0.79378587,0.6292855,-0.25208792,0.1831755,-0.20570588,-1.25313,0.19649401,-0.58634794,0.3628735,0.42310512,-0.651681,-0.3839327,-0.21460746,-0.640689,1.0717037,1.0570805,-0.22339594,-0.8599467,0.25061256,-1.3652341,-0.15107825,-0.53766865,-0.07013033,0.3931979,0.47190157,0.09776678,1.3857374,0.23524696,0.1847493,0.28361413,-0.82319766,-0.81242454
-0.3150928,0.95644057,-0.45030817,-0.7374257,-0.15782198,-0.46986175,-0.31168807,0.12174082,-0.09099548,-0.2491944,0.24625912,-0.40707493,-0.5244496,-0.38570315,-0.48653752,1.0993978,-0.9166465,0.046877205,0.57695925,1.1204891,-0.6148464,0.21704838,-0.7825633,-0.102330565,0.077744134,0.3527339,-0.62773335,0.8356233,-0.8267299,0.07459636,-0.9873659,-2.747745
-1.3201678,-2.259357,-2.6397638,-2.848444,2.1453915,0.009789273,-1.2845197,-0.7262118,-2.2821517,-1.6448998,-3.610392,0.07303332,0.6832781,-2.069527,-1.7858241,-1.5720471,-0.7037107,0.92538035,-0.35179335,-3.9128656,-0.20247093,0.30014893,0.5317535,-1.5714884,0.4686135,1.7613856,1.6448221,-3.1253214,3.3567228,-0.03654605,-0.47593468,0.11756036
0.30360022,1.0377454,-0.3068988,0.19631076,-0.9996104,-0.40148646,-0.14175797,-0.75700116,-0.5846623,-0.006486088,-0.011133537,0.6651705,-1.5860326,-0.52821904,0.6080614,-0.2132256,0.8237973,0.20203713,0.15656866,-0.3003562,-1.4507928,0.10193457,-0.7076254,0.7616655,-0.27024725,0.7842088,-1.4453757,0.23653956,0.14366737,-0.023797601,0.3871137,-0.37571266
0.327684,1.0059316,0.2583467,0.77682626,-0.7756505,-0.6442617,-0.19497392,-0.9007832,-0.42939934,-0.46710324,-1.171905,-0.39419252,-0.18866307,-1.3076916,1.1438854,-0.14383066,0.51982296,-0.015766382,0.7146029,-0.27733365,-0.85809517,0.23803347,-0.21409,-0.6716267,-0.38821375,-0.025537103,0.57172436,-0.6142066,0.08433136,0.11836793,-0.75474274,-0.619895
0.985031,-0.51062626,0.9752406,-0.9036085,0.23725876,-0.4663096,0.8621825,1.0050225,1.1091208,-0.51045024,-0.6873503,0.60386217,0.44104612,-0.08024602,1.7976115,-0.5636817,-0.6211693,-0.5707756,0.03741899,-0.899616,0.41958335,0.22188976,-1.2473748,0.5023927,-0.70247376,-0.20369256,0.6870491,0.5968125,0.5684781,-0.09252678,-1.0974708,-0.5641656
0.5101106,0.49643517,0.24855316,-1.2196364,-0.14893466,-0.015894517,0.08251162,-0.86888117,-0.9289392,-0.0985845,0.7822586,-0.6081722,1.233612,1.0764852,1.1506865,0.8826741,-1.2024913,-0.34009618,0.30873993,-1.05795,-0.77382874,-0.9653732,-0.46426833,0.20835829,-0.24607614,0.42596215,1.0643426,1.7742889,-0.32125768,-0.3195976,-0.09133585,0.92702156
0.23310202,-0.8414917,-0.20099759,0.35025346,0.44804835,-1.1606032,0.8770289,-0.8272501,-0.5712455,0.2881991,-0.7505484,0.3317636,-1.6190294,0.7478838,1.2260432,0.80814207,-0.6526642,-0.84092206,1.581553,-0.060896695,-1.6281519,-0.31044978,-0.032879967,0.78316563,-0.053373694,0.41571945,-1.0777574,-0.12395777,-0.97782457,0.66816,0.42817304,-0.016596682
-0.674602,-0.66994846,0.2403362,-0.0024468899,-0.32123235,1.1807283,0.34405112,-0.08104399,-0.94595367,0.4441358,-1.1336366,0.7712716,-0.31737933,0.026211571,0.19429848,0.31081885,-0.4331352,-0.5384874,-0.95714176,-0.8135138,-0.48018336,-0.98442745,-0.6207011,1.5303812,-0.21666895,0.39347184,0.73280066,0.61562043,0.61602116,-0.20349316,-0.27177852,-0.39322674
0.65658844,0.06842935,0.37866893,0.31834015,-0.32477346,-0.98863804,-0.8579599,-0.49264395,-1.6100532,-0.14231727,0.45704904,0.88995266,0.31840762,0.26770565,0.15318307,-0.3348115,0.5583938,-1.5631285,0.8260815,-0.6179011,0.21267557,0.44129336,0.1853148,1.0928427,-0.7353391,-0.10572599,-1.0537306,0.47282535,-1.0147084,1.6986849,-0.45585206,0.9054188
-0.8934916,-1.5005817,-2.7502606,-1.5261636,0.17457664,0.24861364,1.2133815,-2.8616188,-1.9290677,-0.9303042,0.5560354,-0.53035647,2.426714,0.9383332,0.019493714,-1.282804,-0.44620132,1.392694,2.1851127,1.6231995,-1.0385337,-2.4874778,1.1646149,0.6606149,-0.31920633,-2.896496,1.3815575,0.32168686,-0.51136637,-2.4610713,-0.4144626,4.174835
-0.3963767,-0.9775848,-1.8912268,-1.0899305,1.183929,0.6056639,0.5574636,-0.9364651,-1.6000061,-1.0225502,0.22461413,-0.7379901,1.8471465,0.5286163,0.8657106,-0.35954753,-0.0072836056,0.54311395,2.286836,0.63246167,0.23627248,-1.4927737,1.0489619,0.12586379,1.3853223,-0.8336695,0.8740504,1.3972214,0.38428915,-1.0747387,-0.19388533,2.160955
-0.30191195,2.4959893,-0.37547553,0.34971,0.042926267,-0.7333245,1.2262995,0.99804693,-0.48184216,-1.7416077,0.3287829,-0.8652091,0.46699238,-0.1552688,-1.3783247,-0.8995956,2.0990314,-0.8154058,-0.1179101,-0.9065673,0.13994396,0.951015,-0.47113925,-2.0379543,0.72205275,-0.53684014,-0.67099655,-0.97082865,-0.48592347,-1.0743049,0.24541211,-1.3389949
-0.69198424,0.9526932,1.6329494,0.48193493,0.7861746,-0.19185628,-1.9424208,0.22648355,-2.6781363,-0.7527482,-0.4155995,0.20550461,-0.31338447,-0.9444423,0.08831969,0.75977314,0.8032278,0.24008556,-0.66223073,1.5779349,-0.52266973,0.18938795,-0.2177799,0.80133134,0.38755307,-1.6712849,0.3721866,0.8327358,-0.26283735,1.3710028,0.55208457,-0.8694538
-1.3403025,-0.5388208,1.1426876,1.3707438,0.084587626,-0.032206833,1.003418,2.0506735,0.62209105,0.9985746,1.3733103,-1.1947043,-1.3225608,-1.6167946,-0.07174447,-1.2540942,-0.16176377,0.22033034,1.1830326,-1.2403271,0.76262736,0.17984231,0.5401234,1.620758,-0.58203083,-0.4148435,1.3373339,0.2773216,-1.3411757,-1.6305138,-0.4820168,1.6853285
-1.5132632,-0.07654327,-0.56132776,0.51406795,-0.78780234,-1.3172163,-1.2619984,-0.89718235,0.1250796,0.2886533,0.87227714,-1.4897263,0.6027449,-0.37944072,-0.0031970404,-1.040539,0.3853392,0.23817733,0.3403323,-1.2441733,-2.9509585,-0.16927466,0.6678879,1.6766167,-1.4393091,0.5033336,-0.7376354,-0.31666884,-1.426528,-0.92972636,-1.8172741,-0.16193181
-0.17995653,0.02633895,0.7712321,0.50415576,-0.38647774,-0.832674,-0.8977548,1.2866955,0.6804431,-0.08656095,-0.4285605,-1.0547097,0.20098,0.08925465,-0.21098869,0.55966043,-0.1939919,1.2090021,-0.9451741,0.60580444,0.91525394,-0.17001686,-1.3476518,0.008173369,1.133845,0.25235003,0.059179388,1.1803102,-0.56116456,0.048631847,-0.9930178,-0.8401359
0.7533992,0.21222308,0.7617918,0.32130468,-0.5335526,-1.2822802,-0.1533318,1.0436697,-0.9943968,-0.31532714,-0.47232684,0.3703221,-0.19861543,-0.60844845,-0.23316841,0.247696,0.8974546,0.46171832,-0.6629776,-0.9371242,-0.44185516,0.6945847,-0.59286344,0.45947796,0.5047188,-1.5565908,1.6070795,0.7299179,0.009335607,-0.090526834,-0.71458095,1.4135396
0.92215705,0.26043212,0.77393943,0.35198763,0.6499861,0.1718121,0.0045775026,0.50509006,-1.5996221,-0.2344321,-0.038034245,0.32864296,-0.71874505,0.82491195,1.1538236,0.9527978,-0.36180538,0.9762217,-1.365438,0.13307205,-0.4546433,-0.14370099,-0.68250644,-0.17322916,0.4150266,-0.2075291,-0.19408667,-0.24175525,1.848455,0.018548153,-1.5386622,-0.034860015
0.9367415,-0.54271764,-0.14651904,0.44152403,0.38942242,-1.3267947,0.5632175,-0.21995527,-0.96767265,-0.66436315,-2.3203874,-0.7794827,-0.042424023,0.087300375,-1.1291692,0.32071382,-0.6667914,-2.869421,-0.761243,0.5175859,-2.618453,0.45594808,-0.5803401,0.97800124,0.40529972,-1.6327198,1.8323789,0.4207226,-0.5252688,1.0094093,1.2935992,0.11688374
-0.3816249,-0.10434353,0.006280482,0.21054527,0.74534404,-1.220108,0.7314867,0.35474333,-1.6085808,-0.397322,0.48441172,0.6143267,-1.3640097,0.16740483,0.008727431,1.1826112,-0.1194257,-1.363688,0.73438287,1.0882349,-0.74941313,0.34498787,0.2821667,0.6613811,-0.5573772,0.63416266,-0.34219703,0.86038923,0.38554248,-0.77722615,-2.0075815,-0.96727526
-2.2281811,0.22257212,-0.777727,-0.9583186,-0.05217892,-0.4999772,-0.7296188,0.55155075,0.74154246,-0.15949266,0.059930995,-0.33492094,-0.7156229,-1.1259781,0.38944536,0.21989694,0.03298369,0.04933475,-1.1609483,0.015211463,2.2658505,-2.0045013,-1.2751645,0.8841326,-0.82227844,-0.58747107,0.2936499,0.21665683,0.645267,-1.1390401,0.6183741,0.18860254
-0.52707756,0.5899293,0.45788038,-0.5893259,0.036670692,-0.2854666,-0.21271452,0.34662798,-1.1075666,-0.39572048,0.26061448,-0.035800427,-0.4339143,0.35611367,0.60099506,1.0039804,0.19736558,0.29513624,0.14106391,-0.62362826,-0.41691762,-0.9695046,-0.6725009,-0.08652086,-0.41066483,-0.3517032,0.58708465,-1.383508,0.4718666,-0.63699,-0.08912564,-0.23735146
-0.8102078,0.12112954,0.17892078,0.9103345,-0.22222827,1.9314836,-0.17357227,0.5137034,0.08540558,0.83463955,0.673208,0.66521937,-0.1360833,-0.6426205,1.2357857,-0.6942732,-1.3471594,0.17336285,-0.69659954,0.7767068,0.23688559,-0.7086681,0.009220593,-0.34482887,0.7419368,0.04460138,0.007540822,1.1639786,-1.2652249,0.91892695,-0.22935557,-1.4024646
0.54512537,1.8414615,-1.2011129,0.21580662,1.825958,0.14368746,1.1422384,-0.16365229,0.6666199,-0.51452893,-2.984457,0.25031933,-0.96468335,0.5001688,-0.028484635,-0.07078272,1.8620957,2.4113417,1.9419776,-0.8220775,0.29560423,1.0052729,-1.205126,0.04198125,-0.13979219,-0.7189931,1.0014861,-0.06514543,0.9898249,-0.30365527,0.18132208,-0.81146646
-0.8419757,-1.216217,0.34735066,0.9776288,1.7262086,0.46397096,0.09618968,0.01760415,0.27263698,-0.5982806,-1.1638794,0.21829188,-1.4046745,-0.19245553,1.2443984,-0.8591503,-1.2009568,0.86873287,-0.63419914,-0.23949608,0.3774901,-0.94707334,-1.1666155,0.30441803,-1.3254087,-0.10324761,0.34055117,1.4881911,-0.5412834,0.7944087,0.5109562,0.25555488
-0.4049019,-0.77853656,-0.60545594,-0.33082497,0.29416913,0.13748655,-0.24842873,0.45009375,-0.13654958,0.40674016,-0.22042054,-0.41313258,-0.7006366,-0.08180997,0.9961029,-0.02063144,-0.03333292,-0.2870249,-0.17755832,0.5547848,-0.50907135,0.26808894,-0.72930825,0.029474303,0.055696603,1.2081503,0.8907581,0.3145445,-0.120330624,-0.40638334,-0.19742203,-1.1874189
1.5338733,-0.8021028,0.19043967,0.98097765,0.23057252,-0.17590661,-0.54885346,-0.52250916,-0.28544477,-0.38713297,-0.7425742,-0.75559014,0.5941594,-0.43371177,0.67224157,0.89931047,0.00399518,-0.25221306,-1.1834712,0.7459871,0.18886065,-0.2623903,-1.1477765,-0.37239596,0.31350163,0.4113685,-1.2646098,-0.27326378,-0.61911273,0.20696574,0.5169891,-0.08415276
-0.16621664,0.65117884,-0.3595447,0.48950362,-0.76130295,1.1708863,-0.19449896,0.0438729,-0.64315206,0.45338959,-0.016832829,0.23257251,0.17689669,-0.9684818,0.5609898,-0.29821187,-0.07393221,-0.63916594,-0.79779553,-0.76397765,0.25907984,-0.5743125,0.17477228,0.53832924,0.9878012,0.33265024,0.8844547,0.45413935,0.27235806,-0.46980098,-0.9780132,-0.3975698
0.52029836,2.2481513,-1.4046609,0.73249304,1.5695469,-1.6326537,0.6868775,-1.1337662,-0.5675051,0.75200653,0.7834926,0.3747326,-0.067423016,0.6049684,-1.289794,0.857487,2.806685,-0.8893399,0.23697832,-1.4299428,-0.383889,-0.39120287,0.23104079,0.16224182,-0.40475643,0.9270874,1.2109681,-0.15834981,-1.4403834,-1.5361072,-0.915101,0.11914449
-0.7889461,-0.779199,-0.1939161,-0.56106895,0.35173208,-1.750031,-0.27802703,-0.4007029,0.06597225,-0.22693402,-1.2179079,0.06860733,-1.9531407,0.22271246,0.13280964,-1.3547616,-0.36275184,-1.816679,-0.59736824,0.041716598,0.24779366,-0.6654744,0.47684222,0.11048503,0.039133348,-0.24314125,1.12998,0.08697779,-0.8106811,-0.608183,0.56894684,-0.95213234
-0.97908485,0.7653439,0.1998003,-0.5516688,0.36807758,-0.8084761,0.9116077,0.39637062,-0.5831994,0.18523166,-0.30533415,-0.04352755,-0.8905622,-0.62029314,0.7844655,0.23244484,0.017719857,-1.0582877,0.28837037,0.7139859,0.2974008,-0.28045535,0.5106956,0.7727876,-0.5405888,-0.78681886,0.9665791,-0.8859328,0.185898,0.14690426,-0.4474519,-0.56604284
-2.31858,1.232525,0.63242376,-0.482067,-0.96495277,-0.64015263,-0.5155747,-1.120762,0.2003128,0.9656575,0.10379169,0.5015567,-0.12401003,0.06333943,0.36197543,1.6394756,-0.15542334,-0.48396054,-0.5453494,-0.2982778,0.21598312,-0.7012582,-0.8172246,0.7087061,0.34022313,-0.5444419,1.1157389,-0.76855874,0.27609769,1.2835128,-0.28165194,-1.5155244
-2.659665,3.8172717,-0.52933073,-0.093565404,0.39614338,0.018953986,-0.76404727,0.8658349,1.3880018,3.749475,-0.5767033,0.98670435,0.06359774,1.284519,-1.7668359,0.96492404,-1.7662668,0.10041699,-1.434199,1.386164,-0.20530501,4.903921,2.45971,-0.11255412,-0.16284929,-2.19276,0.34069005,0.12231102,2.5414448,0.75188935,1.4522542,1.6430886
1.3538903,-0.22544348,-0.6556855,0.37322697,-0.29738224,0.6251441,0.7534919,-0.38744232,-0.12163179,-0.17347188,0.16377538,1.3158181,-0.37663984,0.36573422,0.020982437,-0.8729727,-0.9690355,-1.1253034,-1.9184264,-1.1425331,-0.5432457,-0.24901466,0.06874088,0.71460956,0.20623264,0.89150774,0.47231996,1.7597954,1.3459306,0.43765178,0.24594685,0.062222928
-1.1277375,0.9093316,0.6803187,0.6331327,-0.6998875,-0.4537754,-0.44894683,0.28105757,0.23845129,-0.9635482,0.4376465,0.2912501,0.16883653,-0.9502032,0.8442855,1.2957394,-0.31040567,0.32911977,-0.74093735,-0.4899342,-0.4373595,-0.47303024,0.5793128,0.11847885,0.43590838,0.76448405,-0.9445113,0.33781394,0.69881415,1.4118109,-0.18973659,-0.41421595
0.9572052,-0.8006421,0.51118785,-0.24667886,0.07899244,-0.7531761,-1.7747389,0.45118046,-0.1944142,0.5175637,0.4369958,-0.07061325,-0.7574542,0.3481849,1.3505951,-0.13557714,0.13166574,0.24667841,0.6970893,-0.27375165,1.2171932,-1.0757291,-0.16537118,0.88868916,0.1853671,0.81446075,-1.385611,-0.12232912,0.2946608,0.9778153,-0.10767629,-0.3780108
-1.0797718,-0.45097396,1.1519572,-0.9675947,-1.1550956,0.18354543,0.2205934,-0.97394586,0.89014816,-0.8464128,-0.8533693,0.4943539,-1.5747981,0.29942185,1.5063043,-0.36963496,0.05409193,0.5911008,-0.18975228,-1.1871423,0.8201667,0.1669558,0.31356192,1.4093704,-0.48743513,-0.6943312,0.2571477,-0.038604096,-0.11537556,0.7140876,1.8035798,0.34961623
1.3428575,0.6963392,1.5478413,0.65065217,0.15917422,-1.8029969,-0.12348637,0.36589903,-1.2110691,0.97363865,-0.69256246,-0.19981778,-0.9654833,-0.30095267,0.5031844,1.0086678,0.04838121,-0.85511285,-0.80399346,-0.2938354,0.09195381,-0.32474846,0.554273,-0.061804995,0.8482914,-0.7897344,1.6467938,0.6686248,-0.23170817,0.49080566,-0.5217388,0.20692329
0.38508084,-0.03571156,1.707099,1.2440708,0.22850461,-1.4942564,-0.18660817,0.59779584,-0.18380949,0.5233202,0.28459212,0.96567994,0.45406032,-0.5201672,0.08391505,-0.075693026,-1.2346379,-0.10160999,-0.8636275,-1.2560183,-1.8582668,-0.648107,-0.9038314,0.7811314,1.5778513,-0.40074435,-0.6402153,0.2195102,0.66143364,0.31475073,0.25049388,0.4305523
-0.07636614,0.14052543,1.7604561,-0.6217002,-0.43318954,2.1948733,0.21454535,1.9676323,-0.6429721,-0.42225993,0.28378022,0.12495802,0.2426241,0.60406893,0.50521576,-0.2533548,-0.3562897,-0.18161379,-1.405503,-1.6887324,-0.884757,-0.7070776,0.63237774,3.157834,-1.648679,1.198639,0.71395165,-1.1918702,-0.30400044,0.036789827,-0.7044383,-0.61561394
-0.6414397,0.5528735,0.76096505,0.61313945,0.12401992,0.09359661,1.2461426,0.9673332,-0.3621235,0.71607697,-1.1225997,-0.137014,-0.46341783,-1.3797705,1.4654269,0.9561771,-1.0010912,-0.80857116,0.910333,0.043218,0.49736637,-1.0826843,-0.43234193,1.3313073,-0.030027714,0.5222561,-0.27826762,-0.32324022,-0.72380644,0.19108872,1.0943551,-0.49362516
0.10760181,1.7927353,-1.9194062,0.058014363,1.0088623,0.11808207,2.1292996,-0.9406516,-0.439926,-0.6997006,1.1984475,1.548211,-0.3044259,0.19959901,-0.00095500145,0.6586666,2.546808,-0.5913389,-0.264004,-0.5411241,-0.34361783,0.56986475,0.10365076,-0.42725432,-0.84854424,-1.953017,-0.16368769,0.3596093,0.5861264,-1.0975766,-0.47719443,0.120152086
0.41696024,-1.2154148,1.2949303,0.0382331,-0.5144924,-1.2880323,0.036240608,0.04736185,0.14124124,0.7950641,1.107609,-1.0945537,-1.2970214,-1.2879612,0.70410097,0.33306515,0.77876484,-0.020960748,-0.51172745,-0.72620267,-1.4772022,-0.12953544,-2.0014873,0.124456674,-0.24739218,0.30867842,-0.41481486,0.33663857,-0.19230735,-0.9850746,0.13240564,0.632051
-0.52737004,-0.40389112,0.5737125,-0.6918978,0.25694317,0.2243118,-0.43512946,-0.067130595,0.79549897,-0.33144206,1.0622022,0.29679954,1.0223716,0.042512324,0.8779946,0.04946723,0.80420923,-0.22649999,-0.06253667,0.2276238,-0.12440648,-0.1468008,-2.3139522,1.0794677,-0.062947966,1.0053911,-0.79795796,1.1155345,0.80572116,-0.13185018,-0.13879989,0.45429754
0.61969966,-0.99169827,0.17379224,-0.32985362,0.18553375,-1.6371182,1.0325295,-0.77530825,1.398806,0.6143737,0.2797815,-0.1893511,-0.45372257,0.14173168,1.2935627,0.5975702,1.283205,0.5066481,-1.6566377,-0.24968877,0.6290748,-2.3334422,-0.96675277,-1.117263,2.7368498,0.31153733,2.357009,0.06228569,0.75331247,1.3476276,-2.0003185,-0.9061215
-0.41382527,-0.54373974,-0.000826709,-0.937607,-0.8600377,-0.62576854,-0.06082052,-1.46368,0.18648738,0.52024835,-0.5119182,-0.410494,-0.2021057,-0.38569337,0.8179777,0.026144713,-0.6031666,0.6449627,0.107021004,-1.0208708,-0.09376854,-1.3919611,-0.05293391,-0.35287118,0.25301278,-0.30336565,-0.032216273,0.28429732,-0.2894409,0.8447634,0.056476086,0.5953003
0.12937357,0.8000209,-0.26055646,-0.02597697,-1.4337589,0.9211435,-1.030843,0.77906823,-0.66580003,-1.3430848,-0.34116825,1.5357802,-0.68943787,1.9189887,-0.5227953,-0.43725565,1.1142956,-0.4182198,1.1407992,0.2483378,-0.9571624,-0.38057235,-0.30578268,-0.14534703,-0.7188986,1.1690373,0.028271556,1.2806064,-1.5371861,-0.70331484,-1.9243178,0.713624
-1.0448716,-0.75717163,-0.028710317,-1.4386215,1.6921515,0.2891418,0.2935557,0.65106684,0.53446954,-0.8599267,0.68898004,-0.45999032,-0.6400076,-2.216032,1.0841017,-0.78610957,-0.89696634,-1.0041445,-0.88531053,-2.13805,-0.8227376,0.41360664,-0.5087483,0.9890724,1.4761231,-0.52885675,0.26447976,-1.7598578,0.3320693,0.37364852,0.56665325,0.525265
-0.25869322,0.16157323,0.21960846,-0.18513493,1.5031608,-0.33399054,-0.48327515,-0.6521325,-1.0106969,0.5645921,1.4313493,-0.77722406,-0.05269596,-1.121867,-0.020198151,0.21176942,-0.22455382,-2.2580528,0.84743273,-0.011187702,-0.04203111,1.2867,-0.33915156,-0.76151097,-0.58566415,1.1247997,0.70521283,0.7085589,-0.48489487,1.0378466,-1.2736672,0.03713473
1.0261276,2.021713,-1.4761204,0.8386298,0.6860164,0.43998098,1.8959197,-0.59047914,-1.2080977,-0.7644862,0.72288156,1.4928507,-1.0418422,0.97232294,0.6002762,2.470674,2.0238223,1.7207022,-0.6833368,-0.10496786,-0.30194718,-0.139765,1.1186302,-0.26513785,-1.7222266,-0.98229694,0.8761377,0.41217548,1.0466793,-1.1179416,-0.03165792,-0.6033941
0.6666313,0.1052118,0.2723614,0.6059055,-0.45322,-1.780601,1.2254683,-0.08356458,1.8197613,1.8751938,0.17669183,-0.17663148,0.6810915,-1.5699629,-0.0075714886,-1.3999982,0.47149843,-2.4911323,0.82041395,0.9587085,-0.07898688,-1.3939818,-1.533738,-0.9445073,2.2511787,-0.7534894,1.4599988,-0.55947256,0.8677777,0.62315863,-0.28648114,-1.2730572
0.20297483,-0.3876793,0.8150923,-0.4092888,0.6188457,-0.07867041,-0.70554936,-0.44816566,-0.28964064,-0.24054237,-0.85401446,-0.09022818,-0.17566693,-1.6526878,0.11157113,-0.90426314,0.131393,0.5970491,-0.66636795,-0.0043464378,-1.3223741,0.16659553,0.1332453,0.7715988,-0.13652328,0.11958126,0.4690772,0.4878654,0.7461859,0.4951836,-0.19895007,0.123204045
1.2585905,-0.55107975,0.5401813,2.390672,-0.71679235,-0.99820673,0.035813943,-0.5026718,-0.062086865,-0.51922965,0.7422069,0.32922474,-0.25870514,0.51394504,0.85982835,1.4962583,-0.9526198,0.3076247,-0.027293965,0.00012972951,1.0180361,-1.010765,-1.1079066,-0.16650036,-1.2157552,0.03762488,1.7237873,0.30548304,1.3399171,-1.4850323,-0.9862749,-1.7569478
0.22651316,-1.2407534,0.7708858,-1.0211282,0.6211326,-0.33684963,-0.27799988,1.1819568,-0.8931381,0.12287642,-1.0112375,-0.085255355,-0.4796614,-1.0978509,0.76853716,-0.49498534,0.504271,0.5112438,-0.006011836,-2.0937004,-0.23605022,0.33422655,-0.44009742,0.022763684,0.9511288,1.6596491,0.8874465,0.04209075,-0.02039513,0.18453705,-0.11476003,-0.122532845
0.80889976,0.21159777,0.0013422221,-0.6106715,-0.35217875,0.21262276,-1.7577533,1.2373784,-0.69014347,-1.057814,1.2167652,-0.48777342,0.5496438,-0.18098998,0.9977305,-0.36376756,-0.077515244,0.5100511,-0.6130229,-0.043044537,-0.20984918,-0.3918723,-0.030066445,0.7109434,1.0012403,0.86719507,1.049725,-0.32765433,0.8691719,1.161066,0.86663854,0.1789792
0.2016002,0.581543,0.53896034,-0.353646,-1.1836592,-0.7700348,-0.57773906,-0.3398836,-0.0074393414,-0.905396,-1.0491946,0.22944275,-0.0818196,-0.86826026,0.2020146,1.4202962,-2.0145514,0.8991565,-1.0272727,0.3307194,-1.1954178,-0.46579015,-0.6153354,1.3006971,0.19280532,-0.16656354,-1.5356567,-0.26366842,0.39525023,-0.45496014,-1.1083109,-0.25250703
-0.2632023,0.6015778,-0.36882704,0.21608236,-0.07684849,0.48811328,-0.5139086,0.741971,0.2075737,-0.5934473,-0.03865692,0.33209002,-0.06434631,-0.2943241,0.95479894,-0.528316,-1.81192,-0.26216376,0.29144996,-0.8934355,-1.1753955,-0.9587028,-0.39142036,0.7550632,0.61240476,-1.0936,0.3649991,-0.3597801,0.9377719,-0.52989984,-0.9360643,-0.27157253
-1.299937,0.11597015,-0.9488144,0.81202185,1.1090667,-0.5234246,-0.018058836,0.27479947,-0.2805672,0.28797254,0.47147316,-0.1854818,-1.4425883,-0.72666115,0.47111866,-1.142491,0.13002168,-0.34693694,0.07599656,-0.1054486,0.19106284,-0.8834797,-0.36827874,-1.390642,0.6430975,-0.65473694,0.6176351,0.9897598,0.8206226,0.77000797,-0.07055404,-0.9447623
-0.289884,0.26012453,1.5680473,0.43450615,-0.77707696,0.33280942,0.22846052,0.38414586,0.1965462,-0.66710204,-0.15741958,0.7647223,-0.7881501,-0.7039232,1.309981,0.62751853,-0.09017618,0.3770855,0.13061237,-0.028628541,-0.27594203,0.5499181,0.9771923,0.03748554,-0.015547872,-0.5125953,0.020853072,0.1323652,0.23118588,0.20740521,0.28535733,-0.8601457
1.9053179,0.5040294,-1.008309,-0.79695106,-0.9941446,-0.5110712,-0.17480528,0.02980487,1.0026652,-1.874737,0.95689034,-0.66150653,-2.0025668,0.7874127,0.053655133,1.0073615,-1.6824312,0.78951234,0.972278,1.0128976,-0.5479342,0.9716189,-0.5795326,-0.34269297,-0.4352182,0.62130195,0.19242065,1.2426562,0.5745726,-0.14612414,-0.70583916,0.006505847
-0.49069202,0.08044583,0.008352056,-0.3367531,0.13162732,0.73645085,-0.060841516,-0.6809763,-0.28448203,-0.16928755,-1.1689527,1.4216548,-0.950296,0.22189334,0.6837368,-1.0544767,0.38080627,-0.9291242,1.2847497,-0.28797597,-1.6521144,-0.31700957,1.0632371,1.1459082,-0.24639802,-0.07304365,-1.3376799,-0.7368507,0.45771506,0.07613852,1.0863554,-2.367149
-0.52973557,0.34206375,0.9497212,0.8154844,-0.39468166,0.5665836,-0.25903502,0.49784738,-0.91532445,-0.3109975,0.79593575,0.18009682,-0.4866529,0.6842302,0.00464298,-0.1905741,1.1115981,-1.7618376,0.9778166,-0.11986157,-0.1236544,0.0051124394,-2.0239458,-0.34982687,-0.3616148,0.3911307,0.2435601,0.42517674,-1.7749641,1.0726221,-0.97226596,1.064471
-0.5371599,0.19824417,0.38634855,-0.31624144,0.52943736,-0.86293584,1.5802261,-1.3381485,-0.2717741,1.2318597,1.3327053,1.5436337,-0.6187302,-0.99670464,0.14188232,-1.8391376,-0.3878749,0.08215456,1.2771965,-0.9570756,0.81287897,0.1612463,-1.1747453,2.500659,0.21626402,1.1937383,-2.2699807,0.35898688,0.62302184,-0.5441894,-0.8898353,2.0922332
-0.016544268,-0.5206759,-0.14015773,0.14872578,0.029740408,-0.7993706,-0.13861805,-1.7439407,0.12845768,0.6214479,-0.5315045,-0.32343966,-0.9001051,-1.5818807,0.6582023,0.3457691,0.6939665,0.15312666,-0.7073289,0.8746449,-1.1922547,-0.0017384887,-0.5491948,0.62713295,0.13509536,-2.5194228,1.1563883,-0.18788838,0.5108917,0.77605885,1.8339012,-1.4125171
-1.138251,-0.28534085,1.0364935,0.90959,-0.19177152,-0.51486796,-0.27569333,-1.1201819,1.4706373,-0.8334112,-0.09549776,-0.33896202,-1.2438724,0.07872254,-0.19590937,-1.3499955,0.35071775,-1.6505867,-1.7810731,0.76126575,0.69394755,-0.5171624,-1.2171373,-0.17315592,0.22528495,0.9296359,1.297248,1.0174693,-0.96080506,0.06066993,-0.57257515,-0.7020242
0.53946054,2.047942,0.7373082,1.1273017,-0.28987643,0.3185709,-1.6003683,-0.36626387,-0.14109795,1.2309586,0.9357336,0.26036477,0.97558814,0.8294567,-0.4566189,-0.6542856,-0.92566943,-0.33093345,-1.802637,-0.384401,1.131186,0.16341764,-0.73610854,1.4489348,0.3279275,-0.2837041,0.8936606,0.08302566,0.35720867,1.4731778,-2.0198846,0.009440869
-1.0091944,0.2036938,0.48600465,-0.0861745,-0.3062429,0.6612271,-0.6646141,-1.2248614,0.30701393,0.065344945,-0.23598002,0.1305454,-0.59201753,0.47735834,1.3353815,0.7653711,-0.2481844,-0.3254158,-1.6778836,-0.41182184,0.7127837,-1.1515986,-0.5986258,0.4068777,-1.1867952,0.25088677,0.78932273,0.38209325,-0.95200455,1.8321929,0.47420084,0.13553408
0.8766756,-0.82299536,0.94576657,0.849867,-0.005896017,-0.52278644,0.59439623,-0.5703851,-1.3040527,1.4796481,0.5680299,1.6713157,0.050139092,-0.034372807,0.1307346,-0.19145057,-0.19553164,-0.83040524,-0.5412233,0.20903352,-0.86424613,0.79867345,-0.367615,0.67851627,0.9175328,1.4299109,0.46268895,0.49050713,0.8216569,0.33268204,0.13866794,-1.3048053
-0.8587529,0.45958757,-0.8510127,-0.51018214,-0.99295866,-1.4529115,-0.930349,-1.2927867,0.39572144,0.44472042,0.014722124,-0.89519566,-0.0021324232,-1.0254416,0.96278405,0.0124491155,-0.7565588,-0.38375425,0.10275085,-0.19517222,0.2863398,0.10643235,-0.3886468,-0.001409376,-0.49486065,0.3905563,0.20773506,-1.3441896,-0.009552168,0.6793583,-0.17051204,-0.64949477
0.4315224,-0.49912542,0.59816086,-0.3233806,0.98038006,-0.3396297,-0.26902092,-0.12692505,0.37595087,-0.84497416,0.7200372,-0.96861327,-1.434077,1.5008907,0.43607,-0.79319525,-0.9174455,0.27464965,-0.29615206,1.8038087,-1.1054523,0.9639933,-2.0628057,-0.1321272,-0.35538483,0.9527123,-0.4194901,-0.3951911,-1.5774586,1.3634051,-1.0375218,-1.6754375
-0.20513639,-0.14716992,0.7702781,-2.3967671,0.052218735,-1.0281805,1.5047069,-0.098926544,0.5005767,0.709153,0.48170924,-0.51509404,-0.26925567,1.1539364,0.46087575,1.1275386,-0.36996648,1.0106075,-0.7735874,1.0594743,0.12454636,-3.016036,-0.697345,-0.15724552,1.8405563,0.5597416,0.63623565,1.6220666,1.9310629,1.1516731,-0.46108407,-1.682559
-0.8959574,0.40605286,0.43954384,-0.046960227,0.06943621,-0.4334401,-0.40539694,-0.52475077,0.48513904,0.6660209,0.69910467,0.9969541,0.33409187,0.49169475,-0.113167696,-0.36145353,0.06472862,-0.65454996,0.017345387,-0.5405663,-0.14452049,0.30593643,-1.3298492,-0.3977338,0.32781157,-0.5781411,1.7741692,0.13237499,1.4561311,1.753879,-2.5751925,-1.18407
-0.5722641,-1.1960421,-0.48090798,0.060218178,-0.3996476,-0.0060163587,-0.82043546,-0.009046778,0.465054,0.15624994,0.9641275,0.49077904,-0.27809244,-0.49322593,0.39784902,0.1480053,0.03906989,-0.9397105,-0.49883336,-0.98502123,-0.91936666,-2.2195613,-1.5342392,0.59215117,-0.41809064,-0.077814385,0.29975617,-0.14871828,-1.4703927,-0.85503566,0.88494813,1.1915601
0.320049,0.050467953,0.66154927,1.1304448,-1.5138512,0.24851173,-1.5288517,1.2727852,-2.5697002,0.035296477,1.0155096,0.36462718,0.25136024,-0.7036631,0.74833786,-0.94654894,-0.19444373,1.0794727,-0.46207708,-0.25579298,2.2985435,-0.76520056,0.5330831,0.7298486,0.51997536,-0.04177072,-0.19634351,0.99382085,0.30092055,0.92316043,-0.20503005,0.55691683
-0.39032343,0.6337511,-0.46608517,0.1859433,-0.00092208385,-0.45200074,-0.86181915,-0.50381577,-1.0839944,0.024628827,0.13422498,-0.09019717,-0.898026,1.2459002,1.228065,0.6989577,0.63380885,-0.65834725,-0.98570013,0.3216047,-0.83200204,1.1906092,0.21153508,0.8655387,-0.10747996,1.2376106,0.26611382,1.3639343,-0.10790027,0.787732,-0.30592126,-0.9952899
-0.14216854,0.5549888,0.6448473,-0.2725302,0.1834849,-0.093909904,-0.748359,-1.1284575,-0.8979423,0.5622325,0.8396101,-0.45123297,-0.2605195,0.4947705,1.5922041,0.14590332,0.13742526,-0.41742334,-0.4453535,-0.9451073,-0.7420749,0.13982868,-0.20182216,0.21833532,0.12347987,0.24644613,0.31900707,0.18246633,-0.36136612,1.5393078,0.55691254,1.1541921
-0.34953368,0.5934445,0.52597475,-1.1698172,-0.18760608,0.6018341,-0.20327346,0.8348114,-0.31805986,0.39284235,-0.056284677,1.868913,0.08523476,-0.9300858,0.1425546,-1.1462705,-0.27521592,-0.19603914,1.5298591,-1.0392098,0.64420474,-1.1432819,-2.3589437,0.745466,0.023011059,0.77063113,0.22112735,1.0280432,1.2639356,0.7177457,0.28176942,-0.21393825
0.21892157,-2.056199,0.13146639,0.73411715,1.3987937,-1.0792394,-0.5456772,-0.05139807,1.3610594,-0.44504374,0.031037003,-0.7522411,-0.33364084,0.7439245,0.291325,-1.3279473,0.20189895,0.10477501,0.75088465,0.020817608,-1.1146787,-1.505478,-0.31470937,0.07262957,-0.30634496,-0.98339045,0.72391903,0.388273,1.3833194,1.5985427,-0.9743469,-1.8716638
1.2014382,-0.098542586,0.17950794,0.737406,-0.036281854,0.05676414,-0.61622757,-0.6848003,-1.3763912,0.09207873,-0.20607696,0.19994268,-1.3847314,0.47352478,0.27689046,-0.6390782,0.28682756,-1.1029125,0.039680466,0.9771985,-1.1272112,0.9874265,-0.20012343,-0.17401493,1.1411157,0.11835931,0.90755826,0.105529815,-0.4688475,-0.08434279,0.433401,-0.5386759
-0.26689127,-1.270169,1.0857662,0.84737873,-0.038694724,1.0532458,-1.6405915,-0.38520882,1.0748737,-0.1532674,0.8114165,0.64088184,-0.74381614,0.20876524,0.36520576,0.61490977,-0.9497901,-1.355252,-1.6497313,0.39833826,-0.65950704,-0.2946685,-0.3569824,-0.2178478,0.02443093,-0.9879912,-0.4144146,-0.50013757,-0.018014727,-1.0251828,1.5244021,-1.4975231
0.12855653,-0.06513138,-0.4250614,0.2655352,-0.57487535,-0.35883394,1.1883252,1.5021262,-0.3562657,-1.4585401,1.1797564,-0.48923072,-1.2716326,0.40394795,1.1737165,0.7417432,-0.4043324,0.6309073,-0.7936353,-0.49810964,-0.3704915,0.59147733,0.01689788,0.037749693,-0.65588135,-0.75699234,-0.30332237,0.51129144,0.07024616,-1.3577309,-1.0114257,-0.9229854
-1.8203033,1.1016728,0.54013467,-0.5458843,-0.43637985,-0.79487884,-0.06448289,0.059211046,-2.8614593,-0.6399747,-1.247854,0.80017126,-0.013033569,0.27029735,0.7785205,1.3536723,0.29091918,0.534372,-0.13875675,0.8765752,-0.3536157,-0.8502495,-1.3903718,-0.06962658,-1.2670386,0.45739642,-0.5194223,-0.44549674,0.38853312,-0.2262049,-0.8183445,-0.21056704
0.032815725,-0.61936754,1.1097004,0.5284594,-0.69424874,-1.5578427,2.1858556,0.80461895,0.37720418,0.06778596,-0.73049134,0.38090622,0.06592193,-0.12405279,1.5151098,-0.27612782,1.586066,1.4535016,0.05678466,0.058235213,-0.34606588,-0.2696092,-0.7202168,1.0038884,-0.87048084,1.6189151,0.77421296,-0.81095344,-0.18030253,0.25326908,0.016156469,-0.33875382
1.0714576,-0.7606721,0.33117196,-0.06720969,0.8124167,1.1961125,-0.1785002,-0.5550776,-0.18156002,0.17430437,0.23476109,-0.100313544,-0.84452116,-0.23625249,1.7347943,-0.34247988,-0.27415633,0.5030265,-0.5679413,0.44678366,-0.7513684,-0.57155263,-0.025861362,-0.0048257113,0.31096724,-1.0482244,1.2304249,-0.23142317,1.4771745,1.5728247,1.0213374,-2.1891117
1.3914549,0.87238395,0.84385765,-0.16930613,1.2023884,-0.092670426,-0.07062934,0.88505393,-0.4594372,1.5567359,0.28704464,2.5673957,-0.47894245,-0.81571954,0.91213405,-0.8481199,0.18102919,-1.6927898,-0.5881166,-1.6303098,0.46494305,-0.24240132,-1.8347942,1.4625298,0.7224609,0.56995076,-1.9909943,0.17251042,-0.9754353,-1.8167398,-0.09313369,-0.23042248
1.9798865,-0.9085228,1.1525788,0.8938228,0.3969934,0.55441576,-0.4035175,0.5502453,-0.21385296,0.6521681,-0.3320999,-0.5003665,-0.72035,-0.0076816455,0.82983017,-2.2861428,0.08765934,-0.06851652,0.21951014,0.57719266,-1.8440816,0.233787,-0.67279387,-0.68464345,-0.0028022379,0.2068318,0.07830364,-0.69133645,-0.5598742,0.76126635,0.00976634,-1.0216608
-0.22667384,-0.6474375,0.045645896,-0.0015932918,1.8023492,0.15070659,-1.384558,-0.32120997,0.527779,-0.34884712,1.370456,-0.31890622,-1.0295006,0.7084013,0.12990904,-0.6618947,0.83262205,-1.3043786,-0.44675508,-0.05273007,-0.56867486,-0.8704902,-0.32381347,-0.98852146,0.057847723,0.018663922,-0.4003989,-0.37512395,-0.4302386,0.952742,-0.21958683,-0.65655535
-0.427648,-0.63223404,0.23069137,-0.18730012,-0.0098725,-1.5677209,-0.78751457,0.60788,-1.1065755,0.71095574,0.15346436,0.5630821,0.22118384,-0.092971966,0.85541785,0.94967854,0.43675983,0.043634817,-1.0743337,-0.84428704,0.9250487,-1.0277479,-0.4821983,-0.16501835,1.0036676,-0.9024292,0.12078014,1.1908332,0.6865233,0.69727993,-0.92062235,-0.6773038
-1.039982,-1.9646575,-0.951321,0.25021425,-0.15766658,0.9344256,-0.2064259,0.031941935,-1.6889998,-0.42398044,1.2642355,-0.7402097,-0.23975939,0.99677515,-1.1154187,-0.44783908,0.15436703,1.383235,0.46080026,-0.6813563,-0.73926795,-0.2852673,1.3755217,-1.2959821,-0.69043124,-1.1114475,-0.08140943,0.06708808,0.2557744,0.34051973,-1.9317656,-0.2672537
-0.85022223,0.6027092,0.47567803,0.19169475,-0.33245754,-1.2275486,0.18882038,1.466883,1.0146703,1.324334,-0.22953951,-1.8479096,-0.34816357,-2.1750317,0.22601269,-0.8442567,-1.5733763,0.34351343,0.08633722,-0.052141085,-0.17357564,-2.0225935,-1.4617517,-0.38843802,-0.42526037,-0.43306598,0.061489232,0.18446535,-2.1179056,-0.014032781,0.06811854,0.13380657
0.31978026,0.6218231,-0.8640653,-0.2503226,0.32478374,-0.5441337,-0.08300308,0.6933214,-1.0834692,-1.8704646,-0.40612406,2.1238437,-0.54300565,0.68503714,0.31969166,-0.39893526,-0.63633686,-0.022919446,0.55612284,1.8361378,0.17195007,2.423369,-0.68878335,0.38265157,-0.8256013,1.0930502,-0.025109947,0.7290841,-0.4139681,-0.75065756,-2.1133194,0.21612482
1.0697821,-0.010209899,-0.7876291,0.018432613,0.0027843001,-1.0475243,-0.4009557,0.034484647,-0.7647459,-0.9134802,0.3649796,0.42414662,0.08934048,0.84819794,1.3066702,-0.47700116,-0.5442766,-0.5865019,-1.4821229,-0.052398726,-0.30872452,0.019437805,-0.5251652,-0.34748575,-0.076536566,0.21552232,0.27173656,0.38997394,0.35223702,-1.1658132,0.46895236,-0.27988917
-0.01607952,-1.7598214,0.87375474,-0.029467493,0.6709755,0.736879,-1.6445012,0.97368854,-0.56184477,1.1619928,-0.2185854,-2.1928363,0.32873845,0.6124352,1.5693386,0.44039977,0.55115074,-0.52561253,0.2666637,0.09055673,-1.0295705,-0.79239315,-0.019693702,1.0845174,0.542924,-1.3956062,-0.7311256,0.43103242,0.5891626,1.2813076,1.9474798,-0.37758556
0.38671446,-0.3229004,-1.0348036,-0.779878,0.16436751,0.25812507,-0.3583568,-0.19899946,-0.25267577,-0.8289721,-0.84905183,1.9010704,0.7435006,0.33735,1.6912324,1.1397452,-0.20881093,0.88041836,0.13389571,-0.29164115,-0.6648489,-0.7149836,-0.05598815,-0.1538062,-0.61653095,0.14449449,-0.0063680112,0.722605,-0.12352422,-0.16421121,-0.55826664,-1.2496941
-0.34687573,0.3287289,0.6189934,-0.15793908,0.089901574,-0.9846963,0.81502426,-0.7831608,-0.30935213,2.015204,-0.23875949,0.81172365,-1.5183494,-0.75507903,0.9232848,0.8659488,-0.18228105,0.15088844,-0.4524248,-0.6120118,0.42372596,-1.6080273,-1.5312864,1.3731539,-1.3802048,0.47923332,-0.8996327,0.0007752776,-0.21743672,0.69805455,-0.8454292,-0.0035408637
-0.6896682,-1.653496,0.83918846,1.9225605,0.020759556,0.15697125,-0.51557374,0.44428545,0.8016039,-0.066184595,-0.36828086,-1.7818401,-1.6670742,-0.33442003,0.45371112,0.7394362,0.31581172,-0.08833858,-0.624579,-0.31857827,1.2699423,-0.6911163,0.7763932,1.5642929,0.53240377,1.0539365,1.4606638,0.6988747,-0.7702494,-1.1027027,-0.6663517,-0.9344835
-0.46839327,-2.038516,-2.8294399,0.10397807,0.122347474,0.090604424,0.8177124,-1.1414852,-2.6016169,-1.4905682,0.47734416,-0.12664959,1.7355819,0.57436955,-1.4720142,-0.711408,-0.6707208,0.46280795,-1.5677879,1.3593318,0.24406083,0.6209099,0.65823776,1.5641541,-0.4323481,-0.65065414,-0.7172791,-0.52667046,0.24382168,-0.827135,-0.0916093,1.1394966
0.5756053,0.2501612,2.096979,0.3210245,0.7094923,-0.1573853,-0.76528555,-0.14281824,-0.1250277,0.6860312,0.014181308,1.8375987,0.57541215,0.36810625,0.6146804,0.21346053,-0.42560953,-0.4327259,-0.9335005,-1.7067561,0.7946193,-0.87479913,-0.74779814,0.5864187,0.0823448,0.60048705,0.24096687,0.48051938,-0.68167484,0.74513674,-0.6733369,0.28507203
-0.86229384,-1.216467,0.65285176,0.89003253,-0.41611508,0.31117785,-0.5365668,0.1843406,1.1474978,0.4104293,0.45764124,1.9555721,-0.37009007,0.3412483,0.3144679,-1.1984693,0.94199264,0.69276357,-0.37641338,0.14350794,-0.66051483,-1.0223824,-0.6786499,-0.5538977,1.5771102,-0.56938636,2.2224312,0.9030798,0.56475544,1.2325668,-0.092690125,-1.3536841
1.5222211,-0.58480895,0.19957988,1.6112156,-0.95287716,-0.31696945,-0.8462233,-0.2227717,0.7657049,0.20112829,1.0914767,-0.42780238,-0.2944999,-0.6720203,0.46269798,0.060904093,0.4482548,-0.64350736,-0.514461,-0.50436544,-0.86868775,1.2080806,-1.1880274,0.9151777,1.1376535,1.1665888,-0.42216167,0.7557291,-0.49760306,-0.3655918,-1.0071642,-1.0331131
-1.4135396,-1.3648561,0.6980957,-0.01392521,0.61239576,-0.2860365,0.7748593,0.65357393,-0.5382036,0.28300178,-0.6308635,1.1569848,-0.2597059,0.030275539,-0.30606374,1.0309693,-1.832562,0.3254184,0.22275165,-0.8726528,-0.98395544,-1.2077825,-2.0985792,1.2805941,0.13510653,0.41017044,-0.50591946,-0.67375034,1.0722606,-1.6337628,-0.055774003,-2.5941648
-0.2472259,0.8652123,0.13173236,0.85798806,0.15591255,-0.3230232,-1.7370672,-0.9503775,0.026145998,-0.47369102,-0.61198336,-0.31441262,0.2978407,-1.0879936,0.59173036,-0.23103677,-0.42856622,-0.8360814,-0.27514896,-0.03238225,1.5400641,-0.026136678,-0.53103495,1.320611,0.503325,0.80931807,0.88401794,0.59200245,0.4586816,-1.3488417,0.19607513,-0.24603316
1.8434439,-0.30486676,0.44315422,1.1173365,-0.3841367,-0.8327602,-0.46006534,2.0054133,-0.42839336,0.6459073,-0.6383632,0.919053,0.39643282,-0.84734833,2.0954018,-0.33443505,-0.035357922,0.26364,1.4113967,0.06844297,2.463157,-2.7076406,0.12631276,0.7986498,0.029842257,0.75648165,-1.5214846,0.21791008,0.10865995,-0.6315116,-0.2827444,-0.7861806
-0.18004222,0.51412106,0.049515784,-0.053851634,-0.08791526,-0.67596924,-0.9258701,0.20824744,-0.68357265,-0.72196984,-0.091772065,-1.1914747,0.26246727,0.3947671,-0.20249273,-0.036915272,-0.95459634,-1.01196,-0.7834129,0.96832216,0.42860633,-1.5972922,0.2517548,1.833792,-0.0027032904,-0.43063593,0.8543015,0.038889743,0.91169024,0.99528545,0.3924945,-1.2151234
0.7128419,0.46458066,0.20514111,1.2144742,0.08896503,-0.78408104,0.096052036,-0.23296413,-0.49506745,0.6442412,-2.8971686,-0.5346329,-1.0880625,-0.6282813,1.4214945,-1.8586105,-0.5611942,0.22745974,0.8488351,0.049349904,-0.4266793,-0.86863697,-1.098914,-0.43157437,-0.5073286,-2.1982217,0.42106065,-1.0660026,-0.57461435,-0.5299382,0.45891014,-0.75379854
0.8529228,0.32659662,0.38784212,-0.26310238,-0.15162686,0.0812476,-0.9249155,-0.29733622,0.8751615,1.2268974,0.5247028,-0.34008595,-0.5153224,0.09108654,1.006498,-0.25000432,1.3756504,-0.48581976,-0.21557768,-0.0373099,0.4855634,0.19604619,-0.35079086,0.52491283,-0.24949111,-1.6237947,-1.3971999,1.041609,0.27191812,1.1435572,0.29516262,-0.7585045
0.2550418,-0.60359347,0.6198248,-1.6979932,-0.05485016,-0.7614336,-0.41472185,-0.80025494,0.7175696,1.9567695,-0.43819338,1.6375866,0.24594414,-0.4465422,0.30918995,-0.56642395,0.31803784,-0.85812366,0.7393254,0.098828346,1.0596902,-1.0965431,-1.0976262,-0.409383,0.33870664,0.52195936,0.84198415,0.050099507,0.96511614,1.096455,-1.5596418,-0.6136447
0.91917473,0.63991296,0.9197843,-1.8876266,0.38868898,1.0215019,-0.66877234,-0.87099904,0.199375,0.7853124,0.053560153,0.1825594,-0.0925674,-1.1505175,0.507351,-0.24030901,-0.17376305,-0.2128876,0.5013602,-0.34068933,0.037094966,0.628641,-0.60921985,0.7011993,0.007128209,-0.6811674,0.049173996,1.3324856,0.5621376,0.8481966,0.20064718,0.29443756
0.18372567,-1.4884088,0.15386368,-0.8192562,-1.7913952,-0.50266767,-2.4981294,-0.02514337,0.018491097,1.171608,-0.026679952,0.39680955,0.017227992,-0.44066516,0.6020003,-1.3672743,-0.07275087,-0.1727033,0.8986107,0.12206319,0.46536118,-0.92022455,-0.23443106,1.3159933,0.8461475,-0.68053186,0.040126935,-0.1253876,0.29834008,-0.78710073,1.5691812,-0.46726608
0.5022334,-0.18377298,1.6330844,0.0067661107,-0.7933234,-0.024262786,-1.7009579,-0.75828946,1.4180639,1.1204358,-1.3813297,-1.4480383,-0.23826286,-0.45983478,1.711481,0.3457881,-1.3544443,0.48014674,0.8471313,-0.05497039,-0.038093634,-0.062037632,-1.8907962,1.4888902,1.2004966,2.0748634,1.4548286,-1.4036984,0.13388792,-2.0305438,-1.1531293,1.1242514
-0.45989472,-0.19892421,0.4030929,-1.9172654,1.3196058,-0.15854111,-0.737427,-0.33400607,0.37345523,-1.0526149,0.8859873,1.317497,-0.80960906,1.5904241,0.14136565,-0.28683156,-0.26414979,0.7818364,0.4852838,1.1002407,1.9778742,2.201004,-1.7574108,0.6954463,-0.905153,1.5637188,-0.19402522,1.3682386,0.16837925,-0.7407,-1.0536611,0.673482
-0.8645954,0.035957202,1.2750763,-0.5370097,-0.11658223,-0.429223,-0.33372837,-0.026744992,-1.0889148,-1.1216018,-0.6187184,-0.10485813,-0.026902512,-0.1255104,0.4132646,0.6525816,0.30152464,-0.555588,0.7821965,-0.2840814,-0.083251424,-0.9146618,-1.4814241,0.023067474,-0.802869,1.7664222,-0.7328283,0.105589785,1.0093719,-0.30114833,0.73152244,0.21028145
1.3614588,1.555623,-0.7369958,0.8473748,-2.9984994,-1.5226169,0.7448637,-0.69284284,2.5636444,-1.2082268,-0.5077282,-0.9521764,-3.0646489,1.1996653,0.65506536,-2.2673175,-1.5554621,1.2043037,2.3278785,0.47057524,-0.38764185,1.7024877,2.2997448,-0.8878404,-1.0528725,0.39335644,-2.014158,0.50270855,1.3106709,-3.4309287,-1.8132013,1.4369388
0.21748869,-0.07346842,-0.06311917,-0.49399903,-0.5378177,-0.96782804,0.28359646,1.542325,-0.34915757,0.037209302,-0.74793553,-0.19473393,-0.39791113,-0.44184065,-0.023190334,-0.31879398,-0.6914403,-0.51071036,-1.0603564,0.2548308,0.24662897,-0.36621472,-2.099811,-0.8475027,-0.36742586,0.40727288,0.093510896,0.57194674,-0.6284309,-0.8887942,0.07570684,-0.3039151
0.8234949,0.33125553,-0.069039255,-0.103530556,-0.89225125,-1.5171307,0.99944,0.09111358,-0.10350919,-0.8784615,-1.0101279,0.5403889,0.04703614,-0.6218832,0.40733987,-0.5775719,0.23073125,-1.7501721,-1.1028423,-1.2259662,-0.06457469,-0.32849732,-0.5639066,1.2907786,0.21393192,-0.07133831,0.9412683,0.20998082,-1.1111456,-0.36595815,0.04568082,-0.040017754
1.359087,-0.3685171,0.3908058,0.08443844,0.018431388,0.071803704,0.041584194,0.11031971,-0.6452308,-0.55556977,0.13375951,0.04240366,-0.44422582,0.5219992,1.0028051,0.06945902,0.536136,-0.85755354,-0.30558085,1.1910735,-0.44250783,-0.040141195,-0.71861666,0.31414473,0.09730076,-0.43667498,0.062314093,-0.5705569,-0.18878712,-0.37877068,-0.40921813,-0.443509
1.0529087,-0.43408322,0.4082455,-1.1168259,0.36592296,0.46629888,0.53595275,-1.5624632,0.57073855,0.7656074,0.51884145,0.2750721,0.4367248,-1.0026771,0.8296664,0.08834101,-0.014159545,-0.4298466,0.37985873,-0.20963785,-0.18165478,0.008643411,-0.37061304,1.1938573,-0.5778607,0.8750374,-0.3159794,1.8922673,0.8497913,-0.1589502,-0.09778296,1.1273845
0.54879785,-0.3943008,0.45295832,0.49529147,-2.986905,0.40710285,0.97499037,0.6307212,0.10642728,-1.333869,0.24012941,0.56855,-3.335566,0.5519178,-0.08134569,-0.018173322,-1.5520139,-1.7691338,-0.04817,2.3579648,0.22116417,0.70530957,0.08873151,0.47370914,-1.3897139,-0.5362525,-0.3892526,0.95271343,-0.32889053,-0.45714206,-0.21385276,0.15895408
0.04217619,0.613351,0.8219899,-0.17003836,-0.64321417,-0.107372925,-0.8275119,-1.3072246,-0.8775427,-0.5771736,0.21633825,-0.61327004,-0.9775196,-0.3422834,1.7011518,0.4706352,-0.21518697,-0.8674158,0.25699806,-0.6693582,0.6747098,0.16720422,0.012494078,0.43114877,0.1687152,-0.40080416,0.75737023,0.3579834,0.8874543,-0.19972275,0.1527139,0.23589727
0.4740792,-0.16109298,0.8156012,0.45026743,-0.30048642,0.23665404,-0.12256324,-0.034909725,0.4370993,-0.11694123,-0.6344379,0.7471068,-0.38960373,-0.10567401,1.3852484,0.044856697,-2.0497172,1.0272563,0.81799877,0.4742991,-0.5129124,0.43038827,-1.0755678,-0.6762099,0.34463394,0.052115284,-1.836529,-0.8476335,1.692029,-0.35927218,0.2987654,-1.4064097
0.02453345,-0.84194905,0.3699775,0.26180756,0.37132585,-1.6473771,-1.3022066,-0.40871066,0.4930264,-0.92238677,-0.6016674,-0.43276364,-1.3936381,-1.3437114,1.526251,-1.6106949,1.1324675,0.16829875,-0.18093722,0.79737914,-0.62771094,-1.0397108,-0.51121974,-0.909393,1.9295161,-1.1146315,-0.9708564,-0.50444615,-0.17122176,0.658993,1.4008327,-0.7408817
-1.2729437,0.9300289,-1.0291085,0.039626084,-0.60423833,-0.406604,0.52715766,0.92746776,-0.8411527,-1.9599202,0.1125566,0.58903533,-0.34173065,1.0879949,1.2202785,0.5830558,-0.38578668,-0.17802839,0.6602167,0.26162502,0.13583763,-0.49279058,-0.09376052,-0.60085046,0.29371142,-0.12987906,-1.0797244,1.1385005,-0.3075648,-0.80996037,-1.4232326,-1.1681736
0.9320233,-1.7418897,-0.14893143,2.289453,-0.61845213,-0.99101657,0.9117338,0.70655334,-0.081569664,-0.39979053,0.9432765,0.0130003095,-1.3268931,-1.9918616,1.4531344,-0.44808066,0.3136,0.2595091,-0.62927437,0.17690942,-1.0550795,0.45589387,-1.140465,-0.6914227,0.77190906,-0.3398652,-0.2848177,-0.35243267,0.7310584,1.178445,0.78395575,-1.7534832
0.103174955,-1.7835414,-1.7112433,0.33235943,0.9820559,-0.10257341,0.18509081,-2.4332368,-2.311264,-0.71716195,0.901948,-0.5948299,0.89871824,1.3619052,0.10068369,0.62587076,-0.5816824,1.7218451,0.9841577,-0.6875273,-1.4872975,-0.47247845,1.0899235,1.1198527,-0.59960717,-0.22092548,0.19462067,0.093500026,0.05407706,-2.2763498,-2.0368571,2.5535197
-0.5657201,0.062837176,0.39551574,0.37516147,-0.047663897,-0.01576987,-0.40090254,0.6546728,0.1726993,-0.24952139,-0.8547616,-0.14019719,-0.08814584,0.19437003,1.0102315,-0.8095502,-1.1899905,-0.016143277,-0.32414877,-0.86518806,-1.4135234,-1.0892539,0.046302717,0.7008097,0.0388724,-0.4512505,-0.46410295,-0.9116204,1.2069633,0.24167138,-0.290586,-0.96903825
0.33999014,-0.327766,1.276072,0.5336239,-1.5241861,0.32646683,-0.17307463,-0.66652995,0.6468492,0.87172806,1.1096139,-0.7818105,-0.22030817,-0.92030853,-0.36890465,0.694736,-1.3546845,-1.1348428,0.14417784,-0.19938938,0.44664276,-0.44283813,-1.1721318,1.4434878,0.5462885,-0.77410716,0.9656645,-1.7861295,1.5959364,-0.6854956,0.2455446,0.59688866
-0.5898663,0.523583,-0.18361187,0.32166165,0.42559332,-0.7681397,-1.0421427,-0.68353736,1.2635194,-0.9121609,1.2809287,0.0520403,-0.28597948,-0.9992462,0.37546748,0.6580772,0.050872672,-0.8933057,-1.1263826,0.777026,0.6840961,0.11702888,0.7948971,0.7414743,-0.67547405,0.0965915,0.03000556,0.34881347,-0.13589773,0.28649446,-1.0512965,-1.8151627
1.3601162,-0.53904754,0.009793773,0.36455572,0.5094279,0.39446723,-0.0051893294,-0.6402911,-0.4950492,-0.10162392,-0.25133276,-2.5964785,-0.6536901,0.12952642,0.76716137,-1.3029182,-1.0988581,-1.6993184,0.112556554,0.7050185,-0.97572297,0.52471346,-2.2880895,-0.3548339,-0.2564938,-0.59549874,0.799047,-1.908269,-0.25557914,0.12998465,1.6712258,-0.84013796
1.4946715,-0.16443732,-0.16790354,0.4467069,-0.58975446,-1.7164209,0.38646734,-1.808285,-0.38812017,-0.6896587,-0.22701687,2.2871654,-1.4059588,0.48780593,-1.2557769,-1.3171217,-0.7747912,0.5980338,0.6927551,-1.2605454,-1.0494229,0.49459875,-0.088591844,1.6837485,-0.35877478,1.6278946,-1.2653352,-0.7782155,0.26913843,1.5928785,0.9096488,0.6476469
-0.55980414,0.44077694,0.8949847,-0.6427307,-1.0509226,-9.0658665e-05,0.6875748,-1.7435956,-0.49498612,-0.094398044,-0.20971063,0.631042,-1.1079392,0.18743022,0.85788906,-1.9262457,0.6396743,-0.36082095,0.03167081,0.6078393,1.4207766,-0.53485274,-0.23046306,0.06653765,0.20893297,-0.90520954,0.3392255,0.8528265,0.66286683,0.13035724,0.5356374,-0.7074352
0.58901596,-0.14801177,1.7903942,-0.06009257,0.66574764,-0.279469,0.89472014,1.0334148,0.021123797,-1.068023,0.059914194,-0.26617962,0.19242345,1.0917944,1.2129254,-0.23568115,-0.16414246,-1.6986616,-1.5596302,-1.655883,1.1721442,-0.9759707,-1.1234882,-0.169272,-1.6355441,-0.042740244,-0.29579732,0.16847798,1.9021816,0.277744,-1.2607305,0.03476429
0.030151393,-0.04502018,-0.55088747,0.5450912,-0.60259056,-0.7696924,-0.61188203,-0.25387633,0.44838196,0.4309786,-0.7933656,-0.31500456,0.79253346,-0.02010449,0.9578466,-0.86714995,0.8782525,0.94961876,0.35849297,-0.4181818,-0.0028666556,-0.5638419,-0.68408227,0.6433234,0.5517836,-0.13445269,0.54238886,1.2362698,-0.17868817,-0.40144724,-0.14792414,-0.04099378
0.2827869,0.13030767,2.2371655,1.491113,-0.96062887,-1.156724,-0.88479215,0.23785171,-0.48488724,-1.3317692,-1.902498,1.0401659,-0.8442285,-1.3940792,1.0052207,1.8481138,-0.43211263,0.5907296,-0.49859127,-1.4561181,-0.6792475,0.056578606,0.26539335,0.33648926,-0.45778432,-1.1679802,1.4181197,0.0139253475,1.0182416,0.93773174,1.796694,0.5031334
-0.47760406,0.6175773,1.5359938,-0.6158465,0.072356075,-0.39675057,0.4287949,0.7742743,1.3486727,0.036987986,0.039912656,1.9723506,0.36450103,0.32347906,2.0912051,-2.7220535,0.25047183,-0.24498893,0.8895832,0.033321515,-0.5399575,-0.69866,-0.570418,1.6898019,-0.9151838,0.659947,1.1416688,1.14768,1.1963258,-0.73407036,-0.6053313,0.52809405
0.8486165,-0.33355558,-1.4053143,-0.35369685,-1.0765918,-2.5507112,-2.1515756,-1.65692,1.1779065,0.92007184,0.823992,-0.92600644,-1.7697369,-1.5476162,0.95684344,-0.7759099,-0.73095256,0.44101182,0.62642103,1.7139702,1.3139845,-0.29556948,0.61727196,-1.0041653,-0.7504157,0.3230036,-0.89546454,-0.7019134,-0.06805032,0.57212067,-0.30248815,-0.09661946
0.95788324,0.06622026,1.4060342,0.51218104,0.0745877,0.887385,-1.0870929,0.4076796,0.6679789,1.5877705,0.97200775,2.2895317,-0.9279596,0.04067771,0.40388316,-0.018038958,-1.0425694,-0.17437774,-0.12457566,-0.89963824,0.47115976,-0.168019,-1.0188988,1.0389153,1.5686297,-0.32960942,0.9992235,-1.1963553,0.7288301,0.20547816,-0.20801714,-0.7772242
-2.01139,-1.2206324,-2.7003503,1.7513907,0.32784963,1.1396055,1.0380099,-2.6311803,-2.5279953,-0.86875135,1.6049604,0.42534047,-0.14624266,1.1768183,0.21153755,-2.0654774,1.5115972,-0.20148283,0.7254059,0.6443958,1.8031993,0.310676,1.0416145,0.03826216,0.4282535,0.0062491,-0.31930026,-0.9047739,-0.17780676,-0.5924702,-0.9321276,1.2044654
-1.0890646,0.324192,-0.08354882,-0.6323006,-0.09743698,-0.5520386,-0.025875494,-0.36967397,0.7812599,-0.27124354,-0.6599302,-0.34684882,-0.061706297,0.5398946,1.3929725,-0.010250647,-0.80258703,-0.0886611,0.45807973,-1.3628635,0.24220984,-1.2148485,-1.0492201,0.113322176,0.5420072,-0.87464905,-0.4199602,-0.71806264,0.09639687,-1.2091858,-1.6516876,0.54183966
1.0924251,0.30431402,-0.44076884,0.12766951,-1.5085466,0.44501692,-0.14440553,1.3000273,0.4085615,-0.83713055,0.28124768,0.17304203,-0.12162252,0.6540669,-0.53827816,-0.07417734,-0.33478272,-0.65650433,-0.3508431,-0.8657079,0.92097616,1.7251434,-0.28317338,0.5345677,-0.61953497,0.42971933,-0.77324176,0.54899037,-0.5321841,-0.39277637,-1.3820503,0.08809917
0.19802836,-0.022540875,0.3677256,-0.43644375,-0.5530705,0.3487873,0.18159582,-1.0861459,-0.5975778,0.23513505,-0.019765727,1.2297578,-1.3640448,-0.49250576,0.073608026,0.09819183,0.048546612,-0.6126361,0.60100603,0.5763885,-0.32664114,-0.23442261,-0.7402148,0.33205795,0.59596276,-0.77095306,-0.14219716,-0.35199055,0.21117848,1.0614505,-0.28627348,-0.7808399
-0.9390069,-0.18834078,-0.19599049,1.3273801,0.482161,-0.021942258,-0.89212346,-0.6661299,-0.15346625,-0.39938095,-0.42877853,0.28071678,-0.66395867,-0.17929578,1.422203,-0.61867636,0.10404685,-0.3827377,-0.12915099,-0.98788273,0.3452467,0.81810236,0.16330123,1.690393,1.0644058,-0.18393457,0.25866836,0.62739503,0.0155029595,-0.23565301,-0.8409163,0.39797372
-1.1126347,0.17678964,-0.5884855,-0.06948659,0.1833403,0.38538095,0.39439064,0.058826428,-0.92810017,0.6190126,0.093411416,1.8124033,-0.64928675,0.20178412,1.9536805,-0.60069036,0.49154538,0.15598983,-0.2514012,-0.6049894,-0.113755204,-1.0370103,-0.46453255,0.37185144,-0.15576841,0.5171383,0.17096712,0.17202507,-0.26511145,-0.5753512,-0.19460356,-0.185767
-0.33740446,-0.5352845,0.49477044,1.3213892,-0.97344303,-1.6124953,1.3035448,0.04578951,-0.327234,-0.7419569,0.62190354,-0.11058685,-0.99115384,-0.5205128,0.23185065,1.6921973,0.18077166,-0.37489423,0.86118376,1.0806062,-0.6137944,-0.5555293,0.09110295,0.37413123,-0.007602364,0.5270525,0.6053846,-0.4665704,-0.94411194,0.9726516,0.13696873,-0.37153316
1.2087322,-0.8551556,1.1833807,-0.14475322,0.8580187,-0.8303175,-1.1156384,0.32711703,0.5384726,-1.8028636,0.2542639,-0.73993385,-0.12778541,1.5331361,0.9807496,0.49836582,-0.17728275,-0.036240786,0.31883168,0.20382145,-0.3012504,1.0789573,-0.15388763,-0.1828683,-0.5897523,-0.088181555,-1.8431168,0.32774717,0.10846593,0.50055593,0.73330474,0.7718818
0.63252175,-0.29244465,-0.24784938,-0.4468668,-0.19625892,-1.0737264,-1.159589,0.34936112,0.51187456,0.19467404,-0.028509438,-0.54895264,0.654896,-0.466576,1.2786547,-0.63765955,-0.26506025,-0.82602894,-0.24459165,-1.2371098,-1.1966479,-0.36190954,0.0746784,0.69212425,0.07926736,0.24391097,-0.3418055,0.5401868,0.42366898,0.32883754,-0.2490687,0.73931944
-0.04566943,-0.06157154,-1.3947027,-1.5342963,0.3409635,0.5489963,0.804758,-0.7626716,-2.3750548,-0.48318583,-0.063754104,0.007585995,1.3765082,-0.11374344,0.2971781,-0.87628376,-0.5836692,1.2340758,-0.050589725,0.46949244,-0.008650757,0.94070375,-0.04624179,-0.78340495,0.44455928,1.4030708,-1.8486587,-0.4181967,-0.13919449,-0.6110677,0.19739908,0.7783562
0.9214605,-0.34742582,-0.6608722,-1.0833008,-1.292527,-0.24799101,-0.9284104,0.12831299,1.0680065,-0.054482594,0.35434824,-1.6728691,-3.4051704,-0.92071486,-0.6763797,-0.21910144,-1.313147,0.747441,1.0973918,-0.10090005,0.16651587,0.16357256,-0.19244638,-0.73568285,0.7768522,0.6166749,-0.8259313,0.61314577,0.49620372,-1.3393452,-0.5397343,0.88105774
-0.071449906,0.45691562,0.37997964,-0.46676984,0.111449674,-0.16963434,-1.1347003,0.49783736,-0.8717265,0.9455527,-1.4750228,-0.5149392,-0.5731749,-0.8675331,0.24912506,0.088725194,0.54876757,-1.6728644,0.56298023,-0.3698222,0.30802208,-1.0557618,0.8590574,2.0041173,1.6443913,-0.7070069,0.08060612,-0.13110119,-0.847528,-1.4766307,1.3748922,-0.44029808
-0.1991888,0.46706554,1.7369645,-0.06542924,-0.7908669,-1.8115145,1.3564134,0.11887154,-1.0940298,-0.6297505,1.206188,0.66035837,-0.30015576,-1.9043069,0.07707081,-1.4300201,-1.1292369,0.39843392,-0.0007702261,0.23851912,0.44480065,-1.0403727,-0.0018204749,0.65359044,0.60872847,0.38866407,0.69517636,-1.2304382,0.73238134,-0.15248546,-0.66118145,-1.0734833
0.85826665,0.0007330775,0.5602806,0.00633318,-0.41513315,0.3230568,0.033311814,0.00013827346,0.23063837,0.45443514,-0.005981207,0.042153373,-0.31109223,-0.6677017,0.63416797,0.8785252,0.7706537,-1.0124921,0.25710565,-0.30266413,0.04750164,0.20382056,-1.3619406,0.8845839,-0.27151513,-0.46570435,0.3692093,1.077948,0.18680513,0.19965585,-1.8503649,0.13304828
0.005838871,-3.1298687,-1.6412001,-1.769901,-0.31789958,-0.4582669,0.5302869,-1.5128384,-1.8600354,1.0034077,2.5790505,-2.268209,-0.20311597,0.9432058,-1.3906755,-2.884834,1.2549446,2.5904193,-0.54857075,-1.5760533,-0.67317784,0.6761429,0.6758678,-0.675557,0.21095514,-1.0519552,-1.7727263,-0.70191765,0.47858685,0.27745736,0.0045657456,-0.6541098
-1.5092473,0.5460777,1.0010439,0.08332775,-0.6153423,-0.19509536,-0.04427913,0.5426842,0.26957697,-0.1809427,-0.07130521,0.15662739,-0.08870722,-0.061192732,1.2758093,-0.2799904,-1.0704924,-0.44588417,-1.1363226,-0.5262783,1.7015648,-0.3529552,-0.8121928,0.10914016,-0.075218074,-0.28524244,2.605541,0.5561966,0.44085997,-0.6878848,-0.23141949,-0.0057020336
0.33731484,0.020889401,1.0183841,0.10071045,0.48325437,0.5318887,-0.4318763,-0.06818108,0.2151921,-0.03538716,0.26235676,-0.35807735,-0.22419706,-0.5178834,1.4173355,-0.31211802,-1.0839692,-1.0279499,0.61932915,0.45230246,1.1098446,0.5074473,0.7432107,1.2775891,-1.0028079,-0.6671706,0.21470477,0.26073658,0.44755545,-1.219618,-0.59013957,-0.18392956
-0.45465463,-1.1110507,1.5284405,-1.3792775,1.4487276,0.8026687,-1.1990908,0.031756736,-0.85963905,-0.26327342,-0.4614839,-1.04178,0.32156694,-1.0508069,0.71876127,1.0192866,1.0606191,-0.22747806,-0.79345095,0.62482274,0.5211683,-0.7217306,-0.21049197,0.08347788,-0.8332135,0.13132262,-0.41019055,0.30817884,-0.9487147,1.0534489,-0.16537456,0.040302552
-0.45220336,-1.2273474,1.9540384,0.91719556,-0.16713676,0.013417453,-1.4766853,0.9551032,-1.1759715,-1.566397,-0.12182304,2.9015741,0.074775815,-0.28353694,-0.6252532,0.21963954,1.4122096,-1.067075,0.15670338,0.5276334,-2.0380368,0.149582,-0.44143623,0.46848857,1.9259559,1.3141358,1.1158472,-0.4802353,-1.106055,0.18788147,-0.3120101,0.4465689
0.410584,0.29334116,1.805821,1.3714818,0.100634344,0.15357143,-0.16321689,-0.22875723,-0.12458038,-0.50068307,0.28210914,1.0921328,1.6975238,-0.8042252,1.3062749,-0.077519104,-0.4119042,0.13619912,0.009589881,0.7345198,0.9517653,-0.8575325,-0.42094415,0.7566737,0.037099317,-0.061934438,0.38985306,0.42939234,-0.16314575,0.15280001,-0.9725944,0.08737026
-0.4741223,0.74530995,0.4062681,0.9832796,-0.3517659,-1.5944495,1.8163888,-0.05419931,1.2925556,-0.14204729,-0.27254453,0.830595,1.143923,0.50817657,1.3867285,-0.07817978,-0.65391237,-0.7820747,0.28596175,0.15438926,-0.9958549,-0.8677265,-1.4052789,0.61595416,-1.297286,-0.4446605,-0.8969246,-1.2132137,1.4105635,-0.7383003,-1.7996607,0.00022920966
-0.30233878,-1.0419959,-2.4860687,-1.4048119,0.103333384,-0.66672873,0.16654983,-1.463976,-1.7882156,-1.3790503,-0.71800405,-1.1331266,2.041004,0.5971826,-0.38518515,-0.74006313,-0.6422142,1.8659843,0.8849951,0.17622828,-0.27181703,-1.1555357,1.1932093,-0.13979828,0.316723,-1.5973623,1.0472662,0.68915105,0.690941,-2.0974686,-1.2975554,2.2795227
-0.474306,-0.45112398,-1.0172819,0.4395142,0.88556457,0.7453115,0.8069085,0.15367061,-2.7133574,-0.29052967,0.14015648,0.5734261,-0.039721012,0.62251306,0.46611643,-1.7181642,2.027431,0.14186779,0.3825212,1.1533738,0.41506436,-0.0063594654,0.13332316,-1.2789478,1.5172763,-0.0953923,0.8928981,-0.015705287,-0.024677783,-0.16004881,0.4240027,0.042158112
1.8226804,0.30979759,-1.2127421,0.466779,-0.87587345,0.6313647,-0.5215478,-0.4934373,1.3069465,-1.5987153,-0.66012764,-0.7926576,-1.6739254,-0.12523288,-0.3450129,-0.9859215,-0.8218197,-1.6296318,2.2423556,0.405383,0.74093497,0.95079637,1.6073681,-1.0321476,-1.7252525,0.7420234,-1.5382277,2.0158508,0.66168016,0.44750488,-1.4682938,0.7746356
-0.31589127,-0.03852746,-0.26710176,-1.3446023,-0.312764,-0.51047313,-0.18790036,1.9604392,-1.0730783,0.44456995,0.055846553,0.85935974,-0.7168227,-0.34438503,0.8100461,0.31429437,0.7299969,-0.5168136,-0.316894,-0.22069389,-0.58192694,-0.3736624,-0.43836436,0.0061545074,-1.4879681,0.49340343,-0.257334,0.81619835,-0.38266063,-0.790304,-0.70981354,-0.9874622
0.24936204,0.5059242,0.9086828,-0.34389633,-0.9846132,-0.9506701,-2.4706635,-0.4755226,0.7790855,0.28692034,1.6177227,1.6207056,-1.0203736,-0.2315694,-0.40757865,-1.1293397,-0.44658792,0.21202308,-0.5805243,-0.8894862,0.7475029,-1.4754014,0.056673914,0.009069663,0.44456196,0.25670892,0.16526008,0.26385045,1.6985834,0.89520866,-1.07761,0.35441914
0.41532886,-0.24184999,0.43608943,0.3281985,-0.18030225,0.3841021,0.22484916,-1.290265,-1.0215571,-1.0082438,0.122331515,-0.29618236,0.2993408,0.028806075,1.6125064,0.33199206,-0.8891094,-0.3034325,0.23041041,-1.0020082,0.124973744,-0.32937694,0.1780058,-0.5923834,1.0371597,0.6475451,1.0638654,-0.13879386,-0.13898282,0.15546454,-0.17471321,-0.74415904
0.60893613,-0.055136777,-0.6779871,0.50584996,0.022496473,0.77248025,-0.35491526,-0.3221704,-0.09921566,-0.49974582,2.1702685,0.4529797,0.5371296,-0.34525618,0.9149302,0.5689612,-0.7521785,0.5524331,-2.6492875,0.6960788,1.3303678,0.13700798,0.14677799,1.4878929,-0.58136266,0.16303912,0.56288314,1.1802099,0.41792107,-0.47252157,0.80309707,-1.6801699
-0.020772785,0.9477874,-0.25435388,1.281565,-0.29115573,-0.33441788,-0.22008744,0.28004673,0.7916287,-0.20218143,-0.4983253,-0.1334408,-0.13400465,0.30957654,1.167493,-0.52466035,-0.6699589,-0.18370156,-0.5538057,-1.7231562,0.60916287,-0.68994534,-1.8620236,0.4536598,-0.56440294,-0.38366014,0.782388,-0.37451857,1.4197241,-0.8355991,-0.8871236,-0.62609065
-0.102249295,-0.58115435,-2.5800524,0.020474046,0.10562581,0.782771,1.3137547,0.21280304,-4.585779,0.6488186,1.9362366,-0.8974962,0.18593659,-1.3933244,-1.183686,-1.6920822,-0.37116677,-0.3448742,-1.4627202,0.11009136,0.3111729,-0.1734381,0.6214706,-1.8812822,1.1559986,1.3734301,-0.05656474,-0.586305,1.3837888,-1.2374606,-1.5198276,0.21265945
-0.29707155,0.50402164,-0.90544206,0.30316082,-0.83100104,0.40655026,1.363987,0.059393167,-0.71622396,0.37362966,1.0792314,0.6072184,-0.5141458,-1.4383141,1.4968443,1.4315357,0.36246252,-0.09192757,-1.7270633,0.9280166,-0.27193412,0.4213839,0.26027545,0.6187992,-0.7243903,-2.613473,1.2333059,0.03995362,1.4223256,-1.2633953,1.3503175,-1.2023623
-0.095644295,-0.42926553,0.69197744,0.80043125,-0.25461185,0.7485123,-0.6058797,0.46648982,-0.036449507,0.04920329,-0.2602074,0.29467922,-0.68388736,-0.23879781,1.2808881,0.72004503,-0.11713949,-0.780949,1.0107939,0.8675201,0.15893002,-0.11604667,-0.15825875,-0.7033309,0.44371915,-0.40082225,-0.3744976,0.5691257,0.34863803,-0.29484308,0.3043137,-1.1011984
0.45782983,0.19307497,0.6598063,-1.1808255,-0.2673528,0.41883853,-0.28310406,-0.43250465,-0.22041036,0.4524268,0.35427728,-0.530403,-0.4967661,-0.01576668,1.2845242,-0.98010564,0.010017633,-0.48919785,0.5977354,0.30351996,0.3258794,-0.3135862,0.2021996,0.33117694,-0.0062248707,-1.0817897,1.04088,0.32081237,-0.1324898,0.77496326,-0.113211624,0.010329331
0.22806925,-0.90765536,0.1381809,2.3303647,-0.29192543,-0.7272479,0.65423167,0.5946237,-0.6501691,0.5229485,-0.07486286,0.51624346,0.21534114,-0.49460667,1.4705758,0.16946623,-0.5543942,-0.77378595,0.1253675,-1.314875,1.2238133,0.30398446,-0.54312193,-0.03286916,0.38481534,-0.40255275,1.5650012,0.05886917,-1.1444676,0.3895118,1.7136372,0.6486962
-0.8862574,-1.149613,-0.27070934,-0.7859994,-0.13167,-1.3534262,0.5116279,0.14265928,0.29479125,-0.7213314,-0.18818112,0.22739404,0.20391302,0.8238865,0.9636252,-0.3148454,-0.863927,0.6915106,1.0671868,-0.13010354,0.3009342,-1.6013962,-1.3370647,-0.17820199,-1.6709976,0.77986634,-2.0045152,1.7933273,-0.06277895,0.67093796,-1.199199,-0.98241067
0.84369445,-1.061187,1.295282,-0.47921884,0.2369751,1.1163874,-1.1831808,0.008221243,0.08718903,0.5722734,-0.053842545,-0.31661502,0.444168,0.8836985,0.67093486,-0.10903153,0.1870548,0.10730919,-0.84492373,-0.5404204,0.22715461,-0.102753766,-0.8055961,1.4019365,0.63842183,-0.6515206,0.74584526,0.80449986,0.24192625,1.5794444,1.1577295,0.2116557
0.24810684,0.5548701,1.9416769,1.591503,-0.056999538,-1.2183656,-0.44240445,-0.27713668,-2.6042852,-0.69900876,0.28596473,1.0022318,0.28321084,2.4299498,0.5063867,-0.98200655,1.437291,-1.9806461,-0.015942782,1.227433,-0.15397786,-1.0858374,-0.74386275,1.4479773,-3.7403998,-0.7941803,-0.011326091,0.011970758,0.062035054,1.2499318,-0.64073163,1.0309429
-0.40170223,-1.167677,2.142081,0.69650286,0.6497348,1.075002,-0.6453015,0.6402508,0.4663233,1.0574436,0.2518191,-0.41961375,-0.21297798,-0.4151101,1.057318,1.2996849,0.38492465,0.14044939,0.221431,0.6569735,1.0917358,-0.14148283,0.2135979,1.4119263,0.7539097,0.51382315,-0.53321517,-0.45172292,-0.14932245,0.13091612,0.8127966,0.945566
0.64745116,0.14677788,0.7173735,-2.8631084,-1.8837984,-1.0741943,-0.7102826,-0.28803852,-0.5187906,1.9697415,1.0908661,0.8256929,0.78357023,-1.4799047,1.6992402,-1.5044868,-0.22926582,0.84745294,0.37251648,0.15859371,-0.68340695,-0.67979383,-0.004288614,-0.16362762,-0.71729314,2.5440001,0.4257722,-1.1614093,1.210955,0.420225,2.0614083,0.57660484
-0.3186821,-0.46302876,0.93220806,0.029879704,-0.63842297,-0.30382347,0.18604474,-0.6194001,-0.32028213,0.5579798,-0.26177204,0.10238565,-0.61607254,0.9824277,0.6964458,0.40976465,-0.27812842,-0.03430341,1.0468926,-0.0025222674,-0.024990328,0.392003,0.070731185,1.3100247,0.23403582,-0.32282594,0.711285,1.1508527,0.40324736,-0.5007561,-0.49715006,-1.4942813
1.0912904,-0.43493003,0.7279892,0.020406887,-0.06859586,0.8317895,0.13816264,0.2884192,-0.4515591,0.3283592,-0.12347308,-0.06640551,-0.6353095,1.1557523,1.5849617,0.8867215,0.46734858,-0.96397656,-1.3802116,0.60225505,-0.5057332,-0.38126227,-0.71663475,0.07570149,1.4802828,0.68862444,1.0009685,-0.09447086,0.9183667,0.44950172,-0.6240559,0.43421018
0.08060871,1.0642794,0.0111424625,-0.6302501,-0.22640668,-1.1383827,0.28537372,-1.3231995,0.50359905,0.17784126,0.030939892,1.2182505,-0.35826272,-0.47797614,0.9686135,0.0970716,0.084261134,0.09690936,0.11244444,0.0075935945,-1.0816886,-0.038833756,0.50781995,-0.00043654442,0.12894508,0.09478724,0.7981531,-0.91011035,-1.3771718,0.6308901,-0.6435727,-1.1677384
-0.35200176,0.6846171,-0.29230782,0.10100518,-0.48760462,-0.14706744,0.8802603,0.3455041,0.12164718,-0.087579936,1.1974795,-0.57375115,-1.4708117,0.6912041,1.5325288,0.057736777,-0.005704142,0.8742667,-1.2149489,-1.1007212,1.0403764,-0.22881202,-0.7811947,-0.27509797,-0.44533405,0.97441566,2.1089473,0.8127107,0.8666903,0.08232719,-0.5042279,-1.3701925
0.022124544,-0.7084849,-0.75359845,-0.1283795,0.0074038357,-0.6985877,-0.14877148,0.79272056,-0.9636992,0.87919915,0.14829108,0.37838537,-0.10326636,0.25204295,0.5409807,0.2949946,0.69300693,-0.45355684,-0.97700644,-0.3058344,-0.43660808,-0.10412113,0.3448456,0.9780214,-0.1402763,-0.3621018,-0.3749987,1.8485528,0.62600386,0.87893355,0.66305524,-1.2952907
-0.7950091,-0.14756304,0.37341803,0.6047149,-0.3611421,0.065021314,0.505425,-0.088964224,0.08042096,1.2815878,-1.980166,-0.8095083,-0.09004347,-0.7966668,0.058096796,1.3707975,-0.7362813,-0.67538095,0.3849404,0.44355533,-0.94938433,-2.0665004,-0.6993298,0.94123197,0.5228212,-0.2763988,0.08342806,2.1192942,0.060370177,-0.098591,-1.0484661,-0.5624945
-0.38814867,-0.37830845,0.53278625,0.69923955,-0.43524635,0.75983614,-2.0556593,-0.21666355,-1.5844454,-0.45306858,-0.07801532,0.41769803,-0.31500822,-0.94605917,0.9965879,0.053127527,0.6807296,-0.67354393,-0.29743442,0.15093896,0.69105494,0.39532372,-1.0450882,-0.9029782,-1.1136819,0.06405551,0.0628255,0.7654116,0.3152927,-1.2600055,0.1459716,-0.46220315
-0.6124633,-0.9195805,-1.1799147,-0.5081875,-0.7852493,-1.3038826,0.63843274,1.1005822,0.16902067,-1.433778,0.6172489,-0.4258079,-0.45587397,0.55451053,1.5725236,1.0694711,-0.5632378,1.3056424,0.26095065,-0.7995057,-0.8197311,-0.7544359,0.21341619,0.5088149,-0.17879042,-0.86123276,0.13390562,1.0105295,0.06805807,-1.1867795,0.45573393,0.17611323
-1.0680395,-0.5850639,-0.8044202,1.1715895,-0.35573125,0.04239881,-0.98890084,-0.70139545,0.18412293,0.041097507,-0.12299242,-0.40057793,-1.9063253,0.5852012,1.3099458,-0.7922015,0.56454015,-0.16433331,0.07367951,0.50399286,-0.3020659,-0.30125874,0.47898436,-0.20976204,-1.029315,-0.51012367,2.2272122,-0.32133895,0.051607817,-0.1327058,-0.9129051,0.4730305
0.400027,0.40284827,1.4105339,1.1092093,-0.5651134,0.33904743,-1.0842892,0.9562722,-0.97207594,-0.5816624,0.14455354,1.3399574,-0.26004958,-1.4524288,0.10723391,0.09052598,0.57174057,0.05403111,0.115283355,-0.7733443,-1.2655165,-0.14873216,0.36401182,-0.100175396,-0.16128276,-1.2876328,-0.746112,0.22210251,0.23678467,0.6577939,-0.67476237,-0.13247375
-0.37715375,-0.29069567,0.4123181,0.60154396,-0.75287306,-1.248246,-0.1890756,-0.07286532,0.5268529,-0.5741733,0.90539336,0.57669383,-1.4772882,-1.1528575,-0.13731131,-1.8971944,-0.8520915,-0.87594366,-1.9852335,0.8566494,-1.4379222,-0.44448334,-0.27108294,-0.5123696,1.4384118,-1.304298,0.3687748,-0.9432769,-1.0244694,-0.652613,-0.07688343,0.13164501
-0.956741,-0.36631468,-1.852192,1.0156748,0.26938963,0.83434916,0.08290315,-0.13437903,-2.1177278,-1.4189866,0.38682237,0.94705534,-0.47842693,-0.54650354,0.6282309,-0.66933316,0.6695225,0.34805056,1.38897,0.61441016,1.4894071,0.332209,0.57368004,-1.2114445,0.4392614,-0.5778659,0.30719668,-0.4522457,-0.41688028,-0.8257506,-1.5109158,-0.732394
-0.32652733,0.12726331,0.07534607,0.409023,-0.35839137,0.118610635,0.27248904,-1.1032474,0.5002241,-0.17546345,1.7873895,0.7702615,-1.0215752,-0.26097518,1.0629392,0.60048395,-1.1121819,-0.31301022,-1.3039529,-0.87229604,1.4309914,-0.3048553,-0.4528325,0.66722417,0.81310093,-1.4909687,1.5003617,-0.06450714,0.4502878,0.72497267,-0.217394,-0.8893535
-2.4667368,-2.4496174,-4.701057,-1.408369,-0.024474174,-1.1392092,0.44223857,-1.0714797,-2.7406406,0.29694012,0.7581233,-2.936134,-0.14304018,-1.7434287,-3.6289825,-2.1236424,-1.0711496,0.88788676,-2.9377022,-1.238945,0.49365163,0.005212955,0.6430699,-0.537018,-0.11953813,-0.1573737,-1.1098653,-2.718801,0.5721181,-0.7155068,-2.0153804,0.37802723
1.1204959,0.067880444,-0.3904897,-0.49085104,-0.350274,-0.23415339,-0.47552192,0.48027545,-0.09887478,-0.78164166,0.8916395,-0.40534043,-1.568953,0.09203853,1.4533811,-0.008041441,-0.33109376,-1.201695,-0.6952177,0.13484539,0.30212942,1.6472921,0.40779057,-0.4491356,-0.75053716,0.47871235,-0.79002655,0.43150127,0.3159786,-1.119205,-0.7133585,1.401273
-0.38091952,1.6462934,0.015513644,0.27931747,0.13597524,-0.38363376,-0.15677445,0.26216763,-1.5903604,-0.018568903,-0.8426848,0.2585139,-0.55358845,-0.61268705,0.99096775,1.1092628,-0.24927497,0.4671883,0.08196759,-1.4781775,0.09314419,-0.2808115,-0.41813946,0.0667215,0.124921724,0.26359138,-0.38578153,-0.7288684,0.036446944,-1.1223933,0.13687104,-0.21940827
-1.0902822,0.28163683,-0.24730605,0.97670484,0.5646367,0.017422423,-1.5826678,-0.9543003,-0.72963107,-0.090480596,-0.14927565,-1.6924033,-1.3614303,0.27143362,0.4513456,0.5762667,-0.931749,-0.4210846,0.07555678,-0.04870908,-0.47535962,0.6781708,-1.4688432,0.024545401,-0.17019801,0.2922068,0.55405277,-0.24918875,-0.48845574,0.36181065,0.6839378,-0.5037459
-1.2284242,0.37618685,1.9470204,0.4657635,-0.83887565,-0.25582835,0.45536852,-0.7183019,-0.20233637,-2.3373728,0.09652999,-1.3911331,0.10500964,0.70246154,0.106606856,-2.1468081,0.29949147,-0.55596685,-2.3725255,2.704214,0.46656945,-1.6074557,-2.1978457,0.88443583,-2.7503579,0.37142843,-0.37442502,-1.1999846,-0.6737964,1.2751994,-2.1831434,-0.37674785
-0.5991195,-0.31268433,-0.49340278,0.024516918,0.32889527,-0.19162992,0.35456783,-0.07598558,0.41366214,-0.877407,0.013352171,-1.0885406,0.04216646,-1.502562,1.0453506,-1.0375309,0.287449,-0.30659178,0.5023425,-0.8087811,-1.4604653,-0.51457304,0.06806103,0.36592385,-0.48396012,-0.21638148,1.371299,-0.45555332,-0.8250935,0.97049284,-0.46623352,-0.9993589
-0.4831335,0.11780613,-0.5636831,0.57946014,-0.2518701,-0.6475089,0.88873184,0.42609426,-0.12501687,-1.2569716,-0.090916276,0.06489858,-1.3088224,-0.33153227,0.6857449,0.31771886,-0.101985574,0.03567294,-0.13651615,0.29043028,-0.37802356,0.2667555,-0.39856797,-0.0747102,0.29819587,0.23648278,-0.2033296,1.0439682,0.46505323,0.22125971,0.28733498,-0.3846346
-0.5528569,-0.33439872,-0.29702,-0.26854897,-0.4403051,-0.24362242,0.2547351,-1.1275078,-0.20502912,1.2652004,-0.049074262,-0.0721516,0.25134224,-0.4539156,0.33351278,1.2256942,0.2291944,-2.3880086,-0.065738186,1.3311665,0.15069887,-1.402131,-0.3832122,-0.28229803,0.558661,0.11078634,-0.59631824,-0.23824441,-1.2931814,-0.6224923,-0.50120246,-0.3285082
1.0695608,0.60113704,0.71793145,1.8058672,-0.5766799,-0.050043136,0.29357234,-0.7897499,-0.0905302,0.06809928,0.257464,0.6776412,-0.20320392,0.44406027,1.0164796,-0.78426796,-0.16080298,-0.54466486,-0.28124225,0.8175492,0.23856656,-1.0762553,-0.9017507,0.4970316,-0.8442038,-0.025286332,-0.17056656,-1.0317211,0.45890987,-0.23968084,-0.09806578,-1.0882738
-0.11028134,-0.81634676,0.21549173,0.7165688,-0.518905,-0.18543568,-0.64927536,-0.124456584,1.4147362,-0.8746282,-0.21774906,0.5854176,-0.5817006,-0.8587357,-0.2510646,0.5569971,0.6851095,-0.11782576,-1.2845547,-0.24846484,-0.10635463,-0.84831977,-1.06393,0.7794498,-0.08122854,0.64503527,0.5287833,0.31509387,0.72357035,0.30823806,-0.41249672,-0.12521091
1.0439559,-0.3981956,0.6945067,-0.17435217,-0.36847085,-0.26843986,-0.78567576,0.28614983,-0.7938936,-0.15700106,-0.6222914,-0.63241804,-0.31525165,-1.0196458,-1.4581376,0.470415,0.6210079,1.4295249,-1.3967605,-0.19403856,-2.0045433,0.035490036,-0.64596725,1.6524491,-0.2947654,-0.36337864,1.014428,0.8532249,0.51818275,0.15415536,-0.5577285,-0.23210555
-0.20102073,-0.2563273,1.2397122,-0.67426276,1.3821552,0.70773375,0.07987161,0.2081373,-0.3670139,1.193001,-0.7930415,-1.2041438,-0.36739174,-0.5887564,-0.087987855,-0.20335016,-0.91349494,-0.92496216,0.45283216,0.2733405,-1.0195711,0.27629215,-0.5784888,1.4623611,-1.2263995,-0.015670214,1.210652,-0.9113092,0.40561563,0.31319952,0.29892194,-0.66474277
-1.04854,-1.0254855,-0.19538987,-0.33689037,0.54231864,0.12874846,0.3015262,0.36719754,-0.48315948,-0.8914683,-0.08048237,-0.12579945,-1.0779548,0.19916323,1.6024702,0.88824874,0.8741246,-0.7958148,0.57218736,-0.2570333,0.12263753,0.38469517,0.18261904,0.7893834,1.248574,0.09890944,1.1279452,0.76051784,0.041451454,-0.89388895,-0.14011812,-0.8891759
1.1519867,-0.4485907,1.6682223,0.3611024,1.1627194,-0.26616234,0.02802229,1.075869,-0.69550484,0.7087488,0.55373895,-1.0346127,-1.3182658,-0.20494422,1.1396405,-0.64773273,0.1663458,0.6604155,-0.04849197,0.78860265,0.7949081,0.052528005,-0.37776905,0.60941184,-1.1218084,-0.5566805,0.38102853,-0.0138744,0.68135715,0.7367183,1.0738056,0.3711022
-0.86218786,0.59557426,0.32224292,-1.4225345,0.507453,-2.406814,-1.133779,1.991843,0.77657455,-0.5758711,-0.30419973,-0.32236773,-0.39194414,-1.2080724,0.7010417,-0.30891728,-1.0222664,-0.44175988,-0.19417354,-1.7632772,-0.2391272,-2.6283283,0.0023290515,0.45651048,1.0549556,0.24109918,-1.5085759,-0.68111163,1.1132922,-1.099796,-1.4004182,0.093736574
0.63796717,-0.60699975,0.8700255,-1.1729248,0.014711864,-0.38148236,-1.089745,-0.42021748,0.21366903,-0.031421766,1.9432076,0.0019720495,-0.26907268,-0.6475885,0.8443963,-0.49079624,-0.49238795,-0.3315706,-1.9059464,0.5818829,-0.86041987,-0.86755,-0.009781674,-0.8564441,-0.5866597,1.6432263,1.0584307,-0.29628897,-0.09722977,-0.62383324,1.2061949,0.3675375
-0.80251646,1.1650913,-0.0018233508,-0.78609943,0.8724896,0.42691457,-0.95721436,0.42956948,0.08460808,-1.6399608,0.008136533,-0.071144894,0.029516995,0.15301898,0.70282555,0.03132865,-0.7378429,0.37050575,0.041259672,-0.15530469,0.16994901,0.10688533,-0.9828155,0.5931859,0.3311217,0.32993686,0.7157263,0.4354012,-0.51456875,0.96906245,-0.6269167,0.8134308
1.1225775,-0.8668232,1.457294,-0.27011204,-1.7535319,-0.69936496,-2.4109383,-0.3680669,-0.10870383,-0.8669148,-1.3169105,-0.605241,0.5711268,1.2927814,-1.5142446,-0.6732656,-0.15005916,-0.22996357,-0.18094909,0.48617926,1.1840991,2.6729836,-1.1354866,0.5960123,0.89894664,1.9835083,-1.2393063,0.88747597,-1.044913,0.09610147,-1.2271912,0.08700055
-0.8064295,0.59597504,1.149065,-0.18852046,-0.25920638,-0.32862416,-0.84375644,0.94263375,-1.9822683,0.037369397,0.63822126,-1.219212,0.22449054,-0.6305858,-0.46829847,-0.10309129,0.07654784,-0.6940563,0.59096324,-0.5862994,1.0840328,-0.6632262,-0.29775935,0.8360106,0.1672264,-0.23258331,0.3721835,0.1154473,0.28861022,-1.0173616,-0.73884094,0.13209635
-1.5712023,0.39165354,0.40546268,0.024375968,0.5543162,-1.0253662,-0.60849434,-0.36805993,-0.36554366,-1.0501283,0.15874214,-0.57611144,-0.8576842,-1.0880393,-0.09932067,0.14259067,0.057021797,-0.8640758,-0.22625542,-0.13988835,-0.12369719,-0.068282485,-0.037409864,0.33179414,-0.62125856,-0.51511025,-0.10959354,-0.13571362,0.37439987,1.194099,-0.95333296,-1.3519819
-0.2466093,-0.15648092,0.31050766,0.45497715,0.8945975,-0.040540043,0.02207169,0.18441835,0.40047207,-0.8881066,-0.36793908,-0.5513,-0.90498614,-0.8392172,0.7273923,-0.3474177,-0.6053574,-1.028057,-0.41409007,-0.74006754,-0.16639002,-0.37416136,-1.1610044,0.4099285,-1.1065948,0.063226,-0.18777613,-0.30619347,0.31150967,0.49121058,-0.6744206,-0.03132961
1.3193452,-0.62364775,0.3447112,-0.99397403,-0.8097738,-0.34732515,2.022265,-0.3792554,0.026945412,-0.13147071,-0.021523118,1.6364553,-1.1498426,-0.8423137,1.0281105,1.8755985,0.4486808,-0.10154872,-0.72836685,-0.782941,-0.62184024,0.44303414,0.87895525,1.8903567,0.07609752,0.07294062,0.43784863,-1.2938877,-0.28668553,0.4531845,0.95834804,-0.3806181
-1.2363144,-0.80625635,0.14206788,1.2072244,-0.030655771,0.7598197,-0.5538493,0.028022736,-1.1949074,0.80181396,1.1319854,-0.79767275,-0.83981574,-0.28879565,0.3856235,-0.48596358,-0.69207686,0.70480824,0.093455404,-0.28479195,0.16499275,-0.37795913,-0.04233654,-0.27248406,0.7594621,0.422118,0.16034658,0.8474597,-1.6929742,0.17800544,-0.81197894,-1.4015357
0.96130097,0.5447233,0.26592103,0.58769053,-0.11353761,-1.8652434,0.73994523,-0.36932796,-0.20283282,-0.1586543,-0.017321587,-1.5680468,-0.536098,-1.361227,1.4739736,1.3907413,0.8239099,-1.2873867,-0.11197516,-0.02158846,0.19872445,-0.47734594,-0.5157014,0.54235953,-0.3156183,0.69170433,1.1461155,-0.29713514,-0.14606848,0.7622391,-0.66667116,0.15767846
-0.61477935,0.5276794,0.69625443,0.48261893,-1.0593681,-0.09328213,0.1157296,-0.035811476,1.1726911,0.15184122,-0.10430089,0.3136225,0.684427,0.3249406,2.1855898,-1.297085,-0.747696,0.055993482,-0.6510344,0.3204005,-1.4880152,-1.4641945,0.38600597,0.45621502,0.2644626,-1.4445909,0.40691853,0.2662286,0.22942999,-0.8739785,0.65059876,1.5285511
0.13221233,0.11855066,1.0974028,-1.2568766,-0.063399374,-0.5207498,1.5663674,0.70092165,0.5784857,0.2504549,1.21241,-0.13300669,-2.2390187,0.3986417,1.415195,-2.0197923,0.15073518,0.13845754,-1.3548144,-0.08748799,-1.2967519,-1.38971,0.44910944,0.006528586,0.11139781,0.4742331,0.40809458,0.30540007,1.2044185,-0.34927818,-0.020761702,-0.14780381
0.009098228,-0.13864705,0.6669204,-0.5968617,-0.97463953,-1.0731616,0.37837255,0.7706567,0.25989163,0.83048594,-0.118008845,0.070674986,-1.5092549,-0.82119405,1.3088746,0.33908063,0.29371026,1.0813411,0.18364319,-0.03203553,0.7532468,0.111131355,0.528085,0.5070253,0.21370827,-0.019582108,0.64472973,-0.23435411,0.011627078,0.25478423,-0.37981874,-0.6335349
-2.3020108,-1.7124707,-2.7525363,-0.6001016,1.3561467,1.6271899,-0.60346377,-0.56257474,-1.0756583,-2.3320742,-1.4250289,2.124833,1.6751134,-0.7193091,-0.7851672,-1.5739042,-0.64095765,1.2529984,1.349643,1.1607509,2.0193052,-1.1282135,0.35588804,-1.0022224,1.5909282,-0.21076787,1.2451339,-2.3673773,-0.48982653,0.13519822,0.10201882,0.4428754
-1.0561595,-0.9487521,-4.332535,-2.0439887,1.2042792,-0.4752397,0.1206106,-0.6961972,-1.8979332,-1.7525098,-0.6899805,-0.38383842,2.1145415,-1.0071597,-1.1910092,-0.82348824,-0.79637766,0.9663739,-0.9799403,1.5901809,1.6820103,0.43253434,0.30310482,-0.46681073,1.0562984,0.35593042,0.72646147,-1.5107608,0.42349386,-0.47627738,-1.131518,-0.32268047
-1.6482689,-1.2574985,0.25750184,1.2717793,0.92965204,-0.61426365,-0.05272223,0.897255,-0.19386607,1.7561615,1.2066196,-0.960178,-0.22106121,-0.71368885,0.17534176,0.71438336,-0.20340967,-0.8498355,-0.83254147,0.7632615,-0.013924912,-0.016677838,-1.424001,-0.5247111,0.796801,0.2689041,1.2663581,0.95219016,0.10873881,1.5490396,-2.0479903,-0.8716668
-0.55211484,-0.32147375,-0.7197976,2.2596955,-1.5524893,-0.5250517,-1.320229,-1.6799812,-1.1090925,-0.5252267,-0.17607614,0.12967312,-0.061536968,0.6460068,-1.018053,0.20011973,-0.6262355,-2.6194806,1.5970571,-0.6029814,-0.5920346,-0.34532052,-0.9161959,0.41914463,-0.7936547,0.22027463,0.4465989,-0.41286093,-1.3792634,1.0634594,-0.1457995,-0.37231934
0.23282787,-1.6502216,0.89515597,-0.55659556,0.37937292,-0.28159907,0.008060858,-0.1691921,-1.2241528,-0.30889896,-0.26569998,0.4635323,-0.48043215,0.67298406,1.0900787,2.145278,-0.39342493,-0.95659614,1.5066696,-0.11506225,-0.09608908,0.5936205,-0.19342297,-0.13670611,-0.40634602,-0.82478845,-0.17703971,-0.043193668,-0.031808913,-1.5626149,-0.43011573,-1.4627858
2.2541618,-0.16805191,-3.0642576,-0.18672428,2.4925804,-0.09806156,0.39113685,0.24364892,0.88066506,0.20270681,-1.5595984,1.5121891,1.7430692,-0.16892317,-1.0568206,-0.6554919,2.4485295,0.5696118,-0.6111609,-0.6255049,-0.5299433,0.15130228,-0.76952064,2.0258667,-0.2583751,-0.5076237,2.1576514,1.9183975,0.20893782,-2.3069541,-0.6385684,0.5703045
-0.7564698,0.6346976,0.37005466,0.26491645,0.6135731,-0.3327077,-0.045818247,-0.7814398,-0.24877875,-0.039735675,0.20809668,-0.39150023,0.03406647,-0.28498444,0.6517427,-0.0042470396,0.57355195,-1.4651132,-0.374309,1.058722,-0.9922856,-0.8939422,-0.5947976,-0.23470655,-0.7011763,-0.13099602,-0.5569724,-1.1727319,-0.96522784,0.51901543,-0.7005484,0.12160763
-0.8519747,0.10843998,-0.20826952,0.63017946,0.17450508,-0.009730041,1.0658574,-0.107399724,0.96501243,-1.2833352,-0.43723127,-0.5781179,-0.21039416,-1.3589332,1.6569457,-1.0161926,-0.06537208,-0.6870318,-2.2938957,-0.315062,-0.8337399,-0.14300928,1.0519779,0.7310976,0.4681064,-0.29934388,0.08668354,-0.19791844,0.16044128,1.4958128,-0.1288051,-0.34055403
0.110309586,1.6108646,1.5699489,1.2006326,0.3536786,-1.7186849,-1.2334585,-0.49915275,-0.9000972,0.5505495,0.23936462,1.2312245,0.7549791,0.75722176,0.10414016,1.2651815,-0.68215835,0.35243946,-0.16132647,0.18163493,0.5962772,0.6714974,0.27885678,-0.80110896,-0.30995166,-0.55455816,-0.5115877,-0.89024293,2.69878,0.82023513,-0.50136334,0.19830693
0.3432043,1.1685448,2.012278,-0.7212269,-0.44452447,-1.4234066,-0.046185136,-1.0830519,-0.46601823,1.433499,0.33142927,-2.0875132,0.45267206,2.0858078,0.1400555,-0.8287988,1.7064302,0.5063106,-0.5502632,0.7645774,-0.671914,-1.3274463,-1.7316747,2.5043988,1.7693379,0.8219917,0.62192553,0.2844747,1.6282254,-0.25413093,1.1371794,2.7952857
-1.5137846,0.39785823,0.7987433,0.7902647,0.7438126,-0.23180398,-0.038009018,-0.12073082,0.5926291,-0.92382145,1.7810531,-1.1994491,-0.008803867,0.65875685,0.19065478,-1.6420994,-1.1530296,-0.94499886,-1.2851603,1.4795716,-1.3166903,-0.6066015,-0.8818456,0.05017266,0.82383555,0.65336734,-0.2934515,-0.62123775,-0.47621965,1.3163375,0.007830389,-0.50703186
-0.6439528,0.13093752,0.37650296,0.28301802,-0.10792069,0.5183139,-0.22888808,-0.27166545,-1.3690672,-0.5290202,-0.73103,-0.80544114,-1.3096533,-0.34791052,1.315855,-0.35987258,0.30664152,0.38946518,-0.1590355,-0.34801605,-0.5810173,-0.4759432,-0.36007136,-0.38361898,-0.31143296,0.11819364,0.33310714,1.8577476,-0.82889384,0.5563537,0.2863014,-0.6558237
0.12258355,-0.51975363,0.32812464,0.96575725,-0.52154195,-0.99490434,-0.14248064,0.65442216,-0.09113675,-0.61497736,0.12106153,-0.6511843,1.0962617,-0.28116965,0.7928516,0.76416975,0.47741145,-0.09656058,0.92492247,0.46762967,0.09185532,0.2067414,-1.0804926,-0.87169886,-0.122594364,0.786869,0.12969202,-0.11816144,0.36009514,-0.2108287,-0.5382645,-1.490288
-0.18500504,-0.057176784,0.78029233,0.28739345,-0.7266399,-0.1475416,-0.08781888,-0.33224607,0.7582958,0.18156818,-0.49086633,0.39044052,-1.9051242,-0.4690717,1.6820393,-1.402868,-0.005662974,0.36275133,0.1217199,-1.0754008,-0.8384781,-0.26200905,-0.31950277,1.0547938,0.025551483,0.2433193,-1.1243626,0.91540414,0.3338916,-0.41352203,0.25077862,0.5320381
-0.19960101,0.36442503,0.62239915,-0.30122805,-0.4573956,-0.7817278,-1.2308985,-0.83362293,0.72295326,0.981442,-0.2552699,-0.13304737,-0.43583947,-0.4263713,0.9145436,0.50751907,-0.55196124,0.33570072,0.84165406,-0.58757323,0.28854787,0.9963646,0.28457952,1.6436665,-0.26608562,-0.4891556,-0.10901741,0.06261669,0.11509207,-0.56661355,-0.4169203,-0.31430298
0.4364199,0.08347323,0.65961915,-0.23280443,-0.8927996,-0.8880415,-0.031437874,-0.5812285,-0.24354945,-0.05661188,-0.32164118,-0.49058416,-1.0196851,-0.06569845,0.27715164,-0.03238146,0.8212924,-0.46858242,-0.16685393,-0.38449645,-1.2152406,-0.4794227,-0.56083536,-0.7053593,-0.34289226,-0.31424147,0.15662587,0.3442642,1.11718,0.25476524,-0.15717623,-0.3410343
-0.37094125,-0.16610697,0.43132925,1.2980335,0.71154594,-0.71184605,-1.851375,0.13396227,-0.59527135,-0.7377119,-0.7669674,0.87188876,-0.13087574,-0.56916946,0.014403172,0.32442015,0.7867106,-0.9681417,-0.8175309,-0.06443635,-0.9529765,-0.39958635,-1.0114151,-0.718771,-0.14079756,-0.79205596,-0.089343205,0.19146878,-0.9758333,0.29946238,0.27124032,1.3964518
-0.022504866,-0.3353067,1.2023065,0.97778744,-0.39277002,-0.7356925,-1.6502857,-0.1266617,-1.0505538,1.8227623,0.69795656,0.7854306,-1.4434335,0.29743725,0.07152107,-1.2788576,1.710331,-0.06235653,-0.8528383,-0.9901557,-0.55386776,-0.0054008365,0.47073728,-0.094096474,-0.0036118925,-0.4196434,1.2088187,0.09650977,-0.2736414,0.78536594,-0.06942521,-1.7725707
1.2706085,-0.8808876,-0.22675061,-0.3884943,-1.6088753,0.1437942,-0.26945147,0.80109656,-0.9091495,-1.6281326,-0.19993785,1.1250927,0.12500882,0.7564875,0.73296106,1.3220787,-0.9445256,-0.9593615,-2.1675415,1.1374836,-0.7903446,0.29505926,-0.81744087,-0.51578,-1.2328732,0.36724642,-1.1088763,0.060020376,0.12678003,-1.2357767,1.1882939,-0.56288683
-0.44258463,0.5621705,1.1616702,-0.73677075,-0.12675203,-1.2869229,-0.6088108,0.004333943,-0.3767474,-0.20759316,-0.7780563,0.61163956,0.23448971,-1.1641709,-0.47216436,0.64721733,0.91128594,-0.91669375,-0.5887827,0.6602164,-1.2710626,0.5159254,-0.42813736,-0.06897973,1.0443273,-1.0052235,0.47520173,-0.20986488,-1.4400253,0.9395953,0.30941638,-0.66670716
0.06911068,0.3770472,1.4744452,-0.9643513,0.34920442,0.43154165,1.3359816,-0.547305,-0.5095264,0.43341464,0.38249302,0.42855296,-1.5764298,-0.16169967,-0.062113777,-0.4048443,-0.13842681,-1.1749513,0.6273127,-0.1654906,-0.44562158,-1.0201404,-0.5543673,1.1442461,-0.44304124,-0.073003635,0.94296557,-0.40959135,0.33716244,0.63846123,-0.36018226,-0.025912577
-0.64942276,-0.18767168,0.37643746,-1.1465465,-0.09113367,-1.0300547,-1.106459,-1.4043972,0.014844403,0.16367047,0.026041992,-0.13643469,-0.9960406,1.0472202,1.3017044,-0.16943784,1.2206621,0.18332155,-0.5520625,-1.1950989,-0.873357,-0.6067661,-0.14826708,-0.12073278,-0.0916493,-0.7112933,0.37690914,-0.42720893,-0.5802838,0.20216793,-0.7443682,0.34487143
0.10157806,1.039862,0.52242255,-0.07731545,-0.43279633,-0.07833489,0.15562166,0.5471121,0.19359347,0.022249475,-0.025152892,0.44289857,-0.28262767,-0.49811608,0.8513795,0.112418815,-0.8710195,0.05342327,0.4711315,-0.64416677,0.37071425,-0.111215934,-0.61904305,0.15043727,0.72163814,0.12795767,0.83733934,-0.62832177,-0.8216371,-0.29468223,0.39178675,-0.94899285
1.2260985,-0.6022415,0.81165177,-1.3158445,0.54437786,-0.08083704,0.07439014,0.6985316,0.8758962,0.08826059,0.65702343,-0.8995577,-1.2051988,-0.57257473,-0.95008206,0.40090716,0.19341734,-0.99624956,0.99487066,-0.6403486,-0.35424605,-0.88466567,-0.4758169,1.7657819,-1.0377278,-0.9296067,0.7802605,-1.136204,-1.467843,0.21000852,-0.3567194,-0.49156082
0.21000622,0.852296,0.15076792,-0.6572469,-0.45469594,-0.43062523,0.21015175,-1.2130651,-0.94264865,1.2413876,1.5764387,-1.0024505,-0.77892673,-0.82390463,1.2157352,1.1101391,-1.4108412,1.0071862,-1.3704851,-0.01825796,-0.23682821,-0.5950432,0.51036984,0.040261377,-0.43378013,-0.9328151,0.7100223,0.95520437,-0.28726864,0.531808,-0.48763883,-0.68866897
0.45538962,-0.20600039,0.8333407,0.04580172,-0.03150431,-0.16283306,0.17451978,-0.3381682,-0.60024226,-0.72323275,0.3258928,-0.2891714,-0.34013566,-0.57358944,-0.22144973,-0.27054638,0.0026447251,-0.98774636,-0.100586385,-0.24232213,0.49633977,0.24713849,0.33520687,1.2227052,0.92264664,0.4493953,0.08725636,0.12200512,1.048028,-0.014807415,0.044516295,-0.016670331
1.2556267,0.25299764,1.1629534,0.3394273,0.8947996,-0.73595566,0.45791563,-0.1933389,0.8476416,0.52776754,0.33831984,-0.4983034,-0.5484103,-0.7531609,1.1320803,0.98090005,-0.21834892,-0.3393957,-1.5754433,0.19755417,-0.69044596,-1.4586475,-1.5694242,-1.2552879,-0.12729481,-0.56775796,-0.53421193,-0.012646422,1.5550427,0.5993601,-0.7824954,0.32177287
-0.1446755,0.78781176,0.42272943,-1.7024215,0.23080094,-0.52858716,-0.26608098,-1.1632074,-0.71450263,0.6982076,-0.7898618,-0.058752716,-0.12274037,-1.1260629,0.33887818,-0.5704557,0.7153719,-1.0568541,-0.2575345,-0.6601769,-0.1506826,-0.10821972,-0.84984684,-0.088040136,-0.32621342,-0.3487088,0.15566763,0.93302065,0.32384855,0.9651829,-0.11599026,0.42736962
-1.6043451,0.6580294,0.62311596,-0.7772301,-0.4334395,0.2500494,-0.6215392,-0.58182114,0.75304294,-1.3016373,0.45530146,0.62025446,-1.8721389,-0.6005067,0.8006643,-1.165496,-0.070894435,-0.67608607,-1.5554411,1.3883858,-0.21208927,0.48175347,-0.56108594,0.50190043,0.11478506,-0.08788428,0.8075435,-0.8722414,0.36646438,-0.58855456,1.5657146,0.68606573
-1.6155412,-0.38209587,0.0482018,0.45509875,0.21976432,0.37720004,-0.55808234,-0.5031729,0.21471757,0.8158802,-0.5039019,0.5801135,-1.4787675,-0.4649306,0.32110623,-0.78520423,-0.046937034,0.8785306,-0.6543135,-0.36767012,-0.021790564,-0.107603766,0.048584845,1.0165472,0.86626315,0.5557959,0.76745623,0.5082207,-1.0890551,0.11304711,-0.6206467,-0.7329656
1.0933582,-0.53199726,0.2966592,0.23025426,1.609772,-0.4223346,-0.35672987,0.4262874,-0.28675964,1.9887226,-0.57741916,0.93418634,-1.4280882,-1.4126117,1.10287,-0.0066063404,-1.913249,-0.1585049,0.2891447,1.0950857,-0.42242545,-0.5599921,-0.24118185,-0.0416701,0.014039345,0.8437982,-0.38559282,0.3581814,1.6121094,0.83317995,0.7854356,1.1835306
0.03523816,0.16012815,-0.20478049,0.449301,-0.92035484,0.79903793,0.11192215,-0.6587183,-0.29138643,-0.79190624,-0.5770192,0.19640094,-0.98224443,-1.1195538,1.6780667,-0.6988104,1.1464143,-1.0192897,-0.015208907,-0.19517574,0.49659014,0.5387413,0.7516652,0.17598343,2.1478827,0.6766692,0.39498398,1.1926049,-0.7575853,-1.0695723,-0.70746076,-0.12269984
-0.28541902,-0.057816833,1.4245172,0.4976573,-0.8598096,0.16377464,0.2390523,-0.05547411,-1.9899557,0.35685414,-0.4014104,0.8336177,-1.2422506,-0.043173566,0.8160524,-0.62726045,0.025243275,-0.35146922,-0.4696111,-0.9734603,-0.019655284,-0.73322195,0.033202916,-0.61727846,0.08300245,-0.14078481,0.027596347,0.7182305,-1.2538967,-0.65996426,-0.16087788,-0.7569035
-0.39422208,0.57392275,0.9651309,0.13968554,0.10230328,0.4598124,-0.84028465,-0.58481866,-1.2365851,1.1236119,0.36304355,-0.5237359,-0.7271142,-1.1756684,0.31105137,-0.14123203,0.124868706,-0.18556787,-0.069238335,1.0047919,-0.98938096,0.9474616,-1.168511,0.7041294,0.5175129,0.61297166,0.046228558,-0.13546261,1.0046637,0.33567324,-0.21566156,-0.5978592
-0.06839638,-0.019375369,-0.81538934,-0.5253632,-0.799003,0.785306,-0.9265733,1.0441601,-0.84264964,-0.4057686,0.054901693,0.023585314,-1.4659158,0.10342044,-0.1062298,0.34553352,-0.20745526,0.20790851,0.9091282,1.0810627,-0.3928031,1.3628755,-1.0539868,-0.11666745,-0.13634534,-0.30144316,0.025126927,-0.16263607,-0.9524652,-0.6245735,-1.0435331,-1.1550328
-0.7403448,0.47538483,0.6247413,0.44616646,0.9376296,0.07391809,-0.9097019,0.9598094,1.2733697,0.09125172,0.28534275,0.3679505,-0.013040498,-0.54797703,1.214864,0.27967525,0.24964643,-0.35213897,-1.0995747,-0.7997017,0.59647864,-0.3552246,-1.6182045,-0.7043464,0.5876003,0.0034646317,0.5862941,-0.009779476,0.5275308,1.5956771,-0.8474107,0.34315223
1.0453035,-1.2246876,1.2177083,-0.084415704,0.5535933,1.2906845,0.21717864,-0.60208064,0.30520022,-0.4506166,0.30068272,-0.072708905,-0.9387522,-1.6273758,1.6276569,-2.066689,0.2129468,-0.761047,0.60226315,-1.6167068,-0.13911828,1.5472298,-0.7053885,-0.0890935,-0.88702726,-0.56209767,0.92808056,0.2022014,0.26915064,2.1049697,1.2012068,0.21481933
-0.21064596,0.62184477,1.1159494,0.15885144,0.6152563,-2.036489,-0.8405595,-0.61792743,-1.2367598,0.4355208,1.1378531,-2.2079306,1.6536555,1.441344,0.93612915,-0.5131012,-0.36816484,0.18413836,-0.60269004,0.077204645,0.13322672,-0.64425254,-0.018589703,1.1411924,-1.3220102,-1.058219,-0.17240399,0.8481173,-0.42390636,0.82168025,1.1213558,-0.15718837
0.48680726,1.872486,-0.7441148,-0.024026588,1.1434969,0.019625934,-0.4715029,0.846617,-0.72044057,-0.6336942,-0.58468366,-0.09186268,-0.20486405,0.4018195,-0.11347868,0.36141285,2.5624294,0.11242505,-0.14809863,-1.8678377,-1.113816,-0.08397575,0.04496637,-1.5365973,-0.3589769,-0.59295976,1.1145191,0.15316463,0.6222695,-0.9026784,-0.15629607,-0.08141566
0.31061047,0.010348335,0.82271,0.29311836,0.618028,0.29420716,-0.35338703,1.2139511,-0.83608997,-0.5199836,1.0494745,1.054841,-2.1065521,-0.20990089,0.7152931,0.014611378,-0.4234028,1.1627526,-0.7197809,0.8559425,0.31805342,-0.31448174,-1.03975,0.293429,1.9861392,-0.3073883,-0.31766123,0.24163982,1.6330457,0.85332644,-0.13719842,-0.4630288
1.4379107,-0.88964033,-1.1267554,-1.2421076,0.40478796,0.7565069,-0.114433,1.5428646,1.4724655,-1.0600011,3.1232333,-0.15915152,-1.5636922,1.9861323,-0.3829401,-0.32294428,-1.3457493,0.085385755,0.9264767,0.6861844,0.5334984,1.3566396,-0.7044424,-0.010947719,-0.3683671,1.0224191,-0.6202829,1.0785781,-2.2952902,-1.5452775,-1.0217999,0.7215831
-0.3213086,0.73330945,-0.12405446,0.5515419,0.31193012,-0.7276453,-0.75380254,0.29642165,-0.29072237,-0.71502995,0.23232898,-0.2933273,0.27819765,-1.1946596,0.944147,-0.6908549,0.25631878,-0.062375993,-0.22593087,0.44235045,-0.61703014,-0.5964724,0.46968204,-0.1600185,0.52659786,-0.6204049,0.479212,-0.35156673,-0.6693729,-0.2531056,-0.26226512,1.0829761
-0.90079087,1.4481928,1.2157137,-1.0948313,-0.7685058,0.08289614,0.5927408,-0.795872,1.105274,0.20223302,0.43725544,0.6665628,0.20186156,0.17467304,0.37699097,-1.4181411,0.5297994,-1.8667259,0.44710362,0.030991793,1.1674073,0.9797453,-1.8042638,-0.27297124,0.26588297,0.123089746,0.11880002,0.66433084,1.0731014,0.28681853,-0.17593208,-0.857232
0.15676531,-1.3226197,0.74952936,-1.5059085,0.33166823,-0.95437825,0.73992753,-1.3083903,-0.5640728,-0.08894171,-0.58700395,1.6364458,-0.82797694,-0.63035953,-0.11753459,0.31531093,-1.3386945,-0.57660997,0.1043002,-0.48727554,-0.7321082,0.5832055,0.174736,1.6693579,1.3162067,0.8605213,-0.7545724,0.16060081,-0.5965885,0.46346402,0.55832404,-0.28279597
1.0306342,0.41280967,-0.7255161,0.36656305,-0.9132377,-1.1845624,-0.9976436,-1.2402254,1.6233807,-0.751764,-0.19493186,-1.2482612,-0.9830471,0.8577391,-0.32576972,-1.0105797,-0.52726245,0.50668997,0.79976094,1.447422,0.97498715,1.024168,-0.6377013,-0.40976286,0.03815476,0.22775383,-0.41661805,1.8084514,1.0594665,0.4378955,-0.24818385,-0.1862118
-2.539541,0.7412409,-1.4732919,1.7260373,1.3062538,1.4499654,-0.92651707,4.0652013,0.11524564,2.5249202,-1.1862637,-1.6618342,1.0557554,2.6747465,0.48196945,1.8649031,0.13264732,-2.1316886,0.6997857,-0.23690209,-1.4285522,2.5081353,1.0113126,-2.403633,-0.08285762,-0.76894385,0.060525596,-0.06557937,-0.9639985,0.17741732,1.3285595,1.0359135
0.36440885,1.0530424,-0.25024158,0.52370083,-0.5719496,-0.056918874,-0.8565363,-0.38782677,-0.77621174,-0.24130028,-0.23337603,0.5203589,-0.48462278,-0.55737275,-0.49590534,-0.5354323,0.9038589,-1.7051629,-0.24069384,-0.25280818,-0.9169556,-0.6184151,-1.4242818,0.29837117,0.24412104,0.060551286,0.26054227,0.8244126,-0.32381427,0.281869,0.82281977,0.9515947
0.6305982,-0.81853724,-0.034761146,0.43480718,-0.037609443,0.4564695,0.7466434,0.26443434,-1.3481188,0.4532379,0.57799906,0.9203844,-0.100805975,0.3172754,0.72791576,-0.11510959,-0.38244355,-1.6438103,-0.5524796,-0.30515593,-0.17743832,-0.29670024,-0.44673315,0.8078239,-0.0660146,0.00780192,0.49036768,-0.08820127,0.7096674,0.46045664,-0.09881782,0.21223867
-0.037966058,1.4130678,-2.3014612,0.353881,1.666326,0.0107505545,0.5311365,-0.11912435,0.83417326,0.39526153,-1.6394365,-0.10953539,-0.28258756,-0.17599691,-0.354433,0.20443785,2.69813,0.57598644,0.86897916,-0.27347928,-0.41307354,-0.1572764,-0.84593904,0.7711811,-0.010393798,-0.61139894,0.23891892,0.0001026392,0.83769417,-0.6645291,-0.15250035,0.28406543
1.3609462,-1.1239665,0.7711787,0.031912774,-0.60983706,0.22484553,1.1702014,-0.98026735,0.9978561,0.49690095,-1.390018,-1.0678868,0.47030017,1.7617204,0.83081245,-1.7550739,-0.0960912,0.11921042,-1.1672368,0.09786556,-1.873493,0.8367843,-2.0246387,1.3371321,-1.6036897,-0.09233441,0.94130516,0.05867447,-0.64007765,0.3721903,0.7397566,-0.15622059
-0.36792085,-0.3021214,0.63583493,-0.16369566,-0.61092067,0.07378402,-1.0324663,0.7629776,0.7424396,1.3201265,0.22924015,0.3403556,1.1670591,-0.07033788,1.0593911,-0.0948786,0.6002424,0.20444764,-0.89520055,0.2743317,-1.467016,-0.91021836,-0.38421786,-0.09136288,1.070797,-0.6999645,0.71025515,1.3454224,1.2177048,0.8389339,-1.186601,-0.91012585
-0.5683015,-1.0810237,0.6216106,-0.44558075,-0.36850235,1.6378361,-1.0413043,-0.34110028,0.56127656,-0.5030637,-0.13900079,-0.009832453,0.15295067,0.32100603,0.9515613,-0.15370907,-0.6945958,-0.08848193,0.7362043,-1.0506687,-0.38177025,0.57715154,-1.0870075,0.42849576,0.2791024,0.7153819,0.7635036,0.51970714,-0.18015973,-0.5267511,-1.7516178,0.06515184
0.27593097,1.5645483,-0.8706433,0.31021878,1.6181483,-0.05984696,0.9031624,0.5327045,-0.35309023,-0.90145886,-1.4812622,0.40879202,-1.5114982,1.0812292,0.09784543,0.6834545,1.7269399,0.7205583,0.903136,-0.5645114,-0.0354622,-0.48799923,-0.9626516,-0.7420335,-0.11572884,-0.30158675,1.0623571,0.26232558,-0.19262949,-0.33705536,0.20163837,0.22472027
-0.47399598,-0.06351937,0.5101603,-0.33051175,-0.25014415,0.8459753,0.023495466,-1.223593,0.050884098,0.32909352,0.31787652,0.97815967,-0.38992822,1.1019993,1.0343047,-1.0502095,0.7234453,0.22606236,-0.4484537,-0.53258216,-1.6252544,0.4361671,-0.9632696,0.9111381,-0.5207947,-0.46097344,0.105091706,-0.69534266,-0.19357096,1.0639836,-0.051502675,-0.9128884
-0.7325519,-0.6821484,-0.03583371,0.9261044,-0.02004698,0.67755,-1.7203472,-1.9267986,0.3507108,-0.9404665,-1.0019184,0.63804775,-0.11963126,-0.9021282,0.9754843,0.58618295,-0.2736447,0.8894515,-0.15610772,-0.8106853,0.60576236,-2.180884,-0.27018976,0.05971265,0.83060193,-0.109822094,-0.019996628,1.295231,-0.1615398,-0.05757475,0.27541155,-0.53378
-0.3722444,0.006325637,0.55194694,-0.32242197,0.2173149,-0.6767184,-0.5992013,0.48406023,-0.32255697,0.054644488,0.95963955,-1.2762038,1.1733713,0.059773788,0.9970224,0.73815787,-0.10912916,-0.24140178,0.13181478,-0.03608315,0.46513313,0.02353765,-0.41819185,1.4169109,0.2745341,-1.3130127,-1.1000564,-0.20633239,0.9129964,1.8943284,0.21267198,-1.1274683
-0.29032215,2.1850495,-1.1550097,0.98331213,0.61588717,0.3132511,0.2201148,2.013636,0.0708487,-0.79718584,0.19146803,-1.8692541,0.06699403,-0.4749629,-0.48731467,-0.34394383,1.9482157,-0.34234902,1.0093343,-0.41759157,-0.042306274,0.13812609,0.020348504,-0.9147519,0.13199979,-0.11625585,-0.81387603,-1.1585635,1.8653706,-1.3283336,0.27791813,-0.63673145
0.74367523,-0.10930112,-0.04101554,0.3173629,-0.7014581,-0.6639802,0.26431793,-0.12348868,0.011880373,-0.22579153,-0.4850847,-0.4966066,-0.6431912,-0.49337018,-0.19884741,0.3236732,-0.06673275,-0.6062496,0.39438772,0.08140406,-0.5640247,-0.7526301,0.2174942,-0.52249134,0.784232,-0.5961064,0.6021347,0.7781901,0.63694566,-1.7730331,-1.6373414,-0.39183292
-0.19354397,-0.9520858,-0.42580286,1.1039065,-1.0683936,-1.4715488,0.38802272,-1.0235889,0.7054685,-0.58066,-1.816156,0.022889078,-0.83259284,0.3243536,1.0079969,1.6869278,0.35278067,1.844851,0.5790339,0.2946574,0.45624083,-1.3551672,0.89830804,0.4792267,-0.51883316,0.2802035,1.8532045,-0.49129295,-1.1549501,0.006609421,-0.7234278,0.39706033
2.7837763,-0.64684564,0.33774006,0.01104033,0.17604953,0.7703249,-0.35277483,-0.6590428,0.4028573,-0.1518949,0.4489738,-1.3830193,-0.75022167,0.050416272,2.136174,0.22401151,0.7670965,0.2741086,0.036497023,0.7029071,-0.8776703,-1.1865859,-0.88788223,-0.42871943,0.042600427,0.28245768,-1.1360497,-2.253776,-0.96515405,0.24484125,1.2657661,-0.106901675
1.1421249,-0.035849817,0.5583213,1.1579413,0.21463251,0.3342287,-1.2861099,-0.6990945,1.2573831,1.5892527,-0.52895004,-0.48754054,-0.5911498,-1.7619852,2.658988,0.056684174,-0.18152872,0.47717386,-0.70757467,0.22744182,-0.46784997,-0.34160638,-0.82769775,1.0975585,0.90781343,0.5574443,-1.0129272,0.0994174,-0.43205714,1.2573035,1.0044179,0.3289868
0.7244086,0.7042744,-0.7706219,0.27567136,-0.35500085,-0.13747537,0.80762017,0.073485166,0.4806555,-0.4851704,-0.06109239,-0.12034184,0.28444904,-0.31404138,1.125602,0.73974895,0.86340576,0.5436767,0.9665262,-0.6583705,-0.28796202,0.56833917,-1.4094372,1.3535922,-1.9628739,0.14033505,-0.13220865,-1.268823,-0.93778884,0.10348512,-1.2554128,-0.2762147
0.72372043,-0.1949482,0.3326102,0.0041233897,-1.7761248,0.25200528,-0.10885155,1.5537071,-0.11822931,0.46504754,1.2043662,0.56076723,-1.4700849,0.7031308,0.21916208,-1.1476743,0.15657301,1.444416,0.6919142,1.461907,0.73166263,0.029733151,-0.88975453,1.0861049,-2.8979294,0.60264724,-0.26022854,1.0050008,-1.5979259,-0.68076074,0.67507356,-0.69674903
-0.5518943,1.6117158,-0.43467295,-0.11863099,0.8815796,0.18419181,1.0394571,-0.48596305,-0.017365232,-0.7090759,-1.5111545,0.6270932,-0.33880818,1.149272,0.37570906,-0.17153358,2.0354946,0.2323837,0.763427,-1.0811387,0.68472373,-0.7439934,0.9448585,-0.8572972,-1.8320636,-1.4612187,0.7598577,-0.11099884,0.014010645,-0.80480856,0.23059319,-0.51456106
-0.24017988,0.24065153,0.46754932,-0.44175526,0.7252666,-0.45487761,-0.24295284,-0.625148,0.69018674,0.78520083,-0.54066986,1.1278669,-0.5803505,-1.0194429,1.2456307,0.15233234,1.3014436,1.1834095,0.52425164,-1.3921398,-0.2231845,0.004512375,0.7678334,1.7215264,1.0986817,-0.32427025,0.99395686,-0.7905625,0.6049308,0.1778625,0.3936008,-0.64895594
-0.0027827993,-1.2765031,0.31937394,1.0818802,0.68581164,0.72466147,-1.2271881,-0.76085424,0.24455842,1.2182158,1.3805599,1.6788132,0.111815855,0.24047118,-0.4558087,0.29286617,1.4154925,-1.952727,0.7495932,-0.5400786,-0.075734496,-0.35913983,-2.2443569,-0.15805826,-0.933743,0.97572494,1.7228104,0.8159965,-0.739716,-0.3837245,-0.023992479,1.0495374
0.6663314,-0.3946071,0.43876493,-0.41918522,0.3391747,-0.6929049,-0.87012434,-0.8840245,-0.324747,0.8351126,1.3591493,-0.09373508,0.16423266,-0.2326813,0.6302604,-0.219708,0.26244515,-0.59873635,-0.7743368,-0.22238193,-0.7520179,0.53463906,0.5013659,-0.12615164,-0.94495845,-0.31699094,0.74262786,-0.051366836,-0.6199126,0.89680445,-0.030331865,-0.08632854
0.7172117,-1.7894347,-1.4185312,1.483083,-0.6039605,-1.199363,-0.16359408,-0.53539085,-1.5508999,-0.6780613,-0.14001368,-0.270851,2.31912,-0.7430962,0.65649986,-0.476772,1.3934153,-0.34697896,0.2898885,2.6866703,2.1049674,1.0165615,0.3026684,-4.15213,2.6491413,-1.6577411,-0.93153286,1.459686,-0.70505464,-1.2235045,0.90272593,2.1456823
-0.42716497,1.7315555,-1.5761449,-0.5609813,1.1970448,1.7826335,-0.14096437,-0.7403747,-0.33050674,0.090749025,1.2065367,1.1649927,-0.118111074,-0.006911814,-1.0962499,1.7366172,2.5217888,0.88647544,-1.4677594,-1.6712644,-1.8304722,-1.0939847,2.0546486,0.8109275,-0.3202066,-0.14234668,0.16904077,2.036041,1.0066228,-0.54795974,-0.16328318,0.43768117
-0.31810784,-0.6803086,1.1906283,0.19144124,-0.61521304,-0.24417987,-0.0866434,0.14310917,-0.013178304,1.1786728,-0.3168321,-2.4699507,-2.1196523,1.7178452,1.2506866,-0.47853735,-0.14000791,0.21838166,-1.0776639,0.24526425,0.40309727,-0.95494366,-0.29823557,0.28860706,0.3078193,-0.909096,1.0133785,-0.39829376,0.6110946,-0.75329095,-1.1503925,0.85390395
-0.5532551,0.454593,-0.094640076,-0.8475352,0.6046208,0.71490204,-0.034417633,0.29051164,-0.339401,0.33067942,0.21528919,0.43002626,-0.6337546,-0.23722318,1.2327926,1.0487187,0.50026673,0.2420231,-0.055392936,-0.5107382,-0.6267243,0.008906089,-0.87735665,0.64798266,0.9027575,1.3709502,-0.67284465,-0.20295571,-0.1118647,0.17209986,-0.540161,0.2323528
-0.6028558,1.3377516,1.5581188,-0.5299368,-0.7627733,-1.1903522,0.93869025,-0.8882123,-1.3720517,0.13270862,0.067681104,-1.2065763,-0.87205356,-0.9400698,-0.21826138,1.4041917,-0.20749924,-0.11364187,0.29796994,0.31134364,0.011836415,-0.1967678,-1.0938735,0.056488633,-0.5168358,-0.691822,1.1655439,0.47597954,-0.42055592,0.08719738,0.004948646,0.1691595
-0.7444308,-1.2215564,-0.31891775,-0.1647082,0.06098208,-0.34238714,0.21397033,-1.5919425,0.5438146,-2.7922158,-0.32629356,0.392742,-0.03694214,-0.034331515,0.8097492,-0.41580924,-0.38558215,-0.3108056,0.8524413,0.22745693,0.9599954,-1.2304231,-0.11651167,0.2437583,0.24796596,-0.418637,-0.6256588,-0.08910611,1.2559018,1.3180146,0.38822758,0.15782654
0.2476922,-1.527194,0.9283618,-1.0032474,0.39778796,0.035752147,-1.3515122,0.060293064,0.26121333,1.8847342,-0.9678011,0.094109416,-0.2631225,0.9260082,0.7023115,0.21203041,0.39562106,0.973423,0.418654,-0.97758776,0.2854371,-0.70578337,-0.72250605,0.9463649,0.21589732,-1.017537,0.67267823,1.115806,0.4641773,1.9901669,-0.29166013,-1.255141
0.18319519,-0.30233634,-1.5861304,-2.2853894,1.5206243,1.5418291,-0.4126924,-1.220166,-2.5334518,-1.7874527,-1.4127204,0.76706934,0.15302458,-0.599535,0.25310996,-1.1345681,0.9301821,1.5135183,-0.10969773,-0.53815216,-0.5276988,1.5109856,0.8574324,-0.9050499,0.96026134,0.39798838,0.23756206,-0.44438463,-0.017910242,-0.30591726,-1.1266098,0.31355128
-1.1975939,-0.76166904,0.7503983,-0.21528754,-1.3712174,0.27595416,-0.7402772,-1.7479417,2.3865898,-1.3603525,0.9331129,0.8499676,-0.13786769,-1.1813617,0.9127224,-1.3822067,-0.8035093,0.20773092,-0.7610991,1.7204616,-1.4491315,-2.3501997,-0.094105616,-0.6852177,1.6213053,-0.2432723,-0.18341872,-0.03702405,-0.34916297,0.62385887,-0.15620652,1.7038794
-0.89761424,-0.049149957,0.8488247,-0.82288325,-0.77439034,0.51213694,-0.2691353,-0.39238632,-0.43980327,-0.1377779,-0.11362536,-1.0602133,-0.7622248,-0.21588957,0.7556361,0.7529232,0.3127585,0.062603176,0.6441865,0.28222433,-0.10065359,-0.37095052,-0.98395526,0.13637793,0.42500827,-1.3532245,0.008958057,-0.6869959,-0.33952877,0.6181662,-0.3836072,-0.57901937
-0.06225823,1.0270637,0.16210525,0.12238382,-0.83879757,0.6980077,-0.23023877,-0.6545458,-0.18942896,-1.2776374,0.51888466,-0.117155984,-0.2542063,0.15363644,-0.07315895,-0.32498148,-0.38999832,-0.29623774,-0.5878552,-0.20056891,-1.2443422,-0.2151947,-0.8068857,-0.6022549,0.36570203,0.3339814,0.5767003,0.21201053,0.6579238,0.7760635,-0.40769762,-0.74756914
0.6667968,-0.20509979,0.27738297,-1.2528086,-0.03573215,-0.7955614,-0.43576285,-0.32295614,0.68429124,0.24148181,0.44804317,-0.10481739,-1.1425593,0.3339419,0.034403294,-0.74118084,0.19390737,-0.9194053,1.4355519,0.07388872,-0.82132435,-1.9837948,-0.5069219,0.39742035,-0.7103096,1.3110003,-1.9040592,-0.5129765,-0.10034435,0.6829676,-0.13834156,-1.4452839
-0.6267983,-0.7820226,0.34387672,0.7441654,-0.24372825,0.026004463,-0.51773,-0.3619268,-0.412676,1.2328799,1.0484885,-0.68567437,-0.55060816,-1.7198972,1.3771667,0.45917475,1.0561152,0.17971359,0.3797617,0.62711334,0.26772964,-0.10240182,-0.11813347,0.82911015,-0.19046415,-1.4624279,-1.6831996,-0.10597117,-0.7701539,1.6356082,0.13626534,0.1874623
-1.440486,-1.1292336,0.71241426,1.8757389,1.1683912,2.2770188,-1.4957839,0.6355506,0.14457881,-0.069467336,1.4385498,1.0451236,0.39340007,1.5954409,1.2125573,-1.1332995,-0.3120455,-1.0250294,-2.7931108,0.27023134,0.33678782,0.1745815,-0.71387494,1.8805894,2.5026035,-0.07673437,-0.044225276,-0.042602323,0.10786502,0.32883596,1.2055018,-0.20313813
0.62465215,-0.93850553,0.419653,1.2382035,0.25374234,-1.0222919,0.7538549,-0.08185151,-0.9033381,0.5161085,0.4078825,-0.29376313,-0.67331034,-0.41113698,0.81764376,0.4359112,0.8001495,-0.5477778,1.2722812,0.4931296,0.22726832,-0.4002731,0.057920203,0.23794611,-0.60249585,-1.466647,0.65270287,-0.90563905,0.27537984,-0.550716,-0.28009015,-0.4233899
-1.2901547,-1.9015259,0.44093487,-0.330708,-2.312901,-1.2529393,-0.16133805,0.18777195,2.3807378,2.0022025,0.90902805,-0.6753725,-0.07195586,-2.1486979,0.5248959,-0.50182873,-1.4590735,-0.80493593,0.7352724,0.92494977,0.5501711,-0.11822334,-1.0540223,-0.78191686,-1.8300388,-0.22873016,-1.1424229,-1.2219725,0.89695805,-0.39629322,-0.8072381,-1.6837685
0.4279673,-0.6241245,0.43001503,0.93118393,-1.429179,-1.032279,0.38904127,0.4814924,0.16361444,-1.4709952,1.7712893,0.40822834,1.9859079,-0.50523204,1.072342,-0.124126494,0.7023845,-0.12493254,0.13554624,0.08265725,-1.3316227,-1.3020711,-0.514204,1.7857823,-0.9305146,0.7406615,1.5069218,0.45000964,0.9801328,-0.84277135,1.4679738,-0.24065799
1.1625543,0.1168707,-1.0570158,0.8685694,0.17774943,0.15848902,0.299841,0.06241502,-0.57450664,0.06233302,0.1954717,-0.19083917,-1.2895787,-1.7751204,1.3599155,-0.42415443,-0.88852286,0.5251833,0.6167451,0.081002474,-0.39108312,0.15225162,1.2777998,0.047895975,-0.6327162,-1.1313488,0.61907,0.33697778,0.6727472,-0.02418719,0.4945805,0.93857455
-1.501935,-0.99802136,-1.2853165,-0.7063753,-1.5121219,-0.049545065,-1.2585144,-0.74795306,0.36254418,1.6698601,-0.88571143,-0.50830555,-1.8907647,-0.48620594,1.1074967,-0.3486813,-1.2598524,0.4994977,1.3917409,0.3804877,0.22324891,-0.03233073,-0.32464957,-0.16317743,0.17802145,0.39930165,-0.23923056,-0.69019216,-0.83974975,-0.028436095,0.994411,-1.2386937
-0.93563133,0.082172826,0.9842597,-0.5348991,-0.7340747,0.68656784,-1.2190583,1.1744368,-0.15394452,-0.031578563,0.5238169,-1.373421,1.7682801,-0.47926664,1.255419,-0.9743514,0.95433354,-0.7172514,1.1906831,-0.020338863,0.869604,0.09099188,-1.299712,0.6094148,-0.05140175,-0.17543924,0.22481415,0.200212,0.40276074,-0.55848145,-0.6734158,0.74893934
-0.2332693,0.5090245,0.24984108,0.3308886,0.14999089,0.56275064,-1.3116335,-0.37865525,0.0802623,1.7709434,-1.4444935,0.15222222,-0.83798474,-1.8390816,-0.19683711,0.47387704,0.29183835,-0.13238664,2.1153996,0.9515048,1.1834393,-1.0215023,-1.6243061,0.29336017,0.95833325,0.6289675,-0.9497611,1.1435978,0.3369258,-0.88304806,-0.7847987,1.124774
-0.4518354,0.76599896,-0.76012015,-0.1775879,-0.8223395,-1.2164865,0.06810758,-0.1649508,0.0007326957,0.541679,-0.4752639,0.3454434,0.14532393,-0.7229221,1.0893284,-1.3332534,-1.0045742,0.030050624,0.40018168,-0.5255449,-0.65715575,0.2913498,0.11455399,-0.74833757,-0.09281461,0.819708,1.0675807,-0.83470315,-0.043441713,0.03390956,-0.3715917,-1.5972319
0.1984591,-0.7699692,-1.6112219,-1.3164984,-1.282225,-2.866745,-1.3532896,0.07636094,3.1341653,1.2487696,1.8676344,-0.20675565,1.1923153,-1.4187846,1.5586884,-2.1085858,-2.0636337,0.18164246,1.4973617,-3.039804,-0.9043164,0.39646918,0.5820597,0.50685954,-0.23852068,1.2022796,0.61693186,-0.5173702,-0.70281833,-2.5270543,0.82700944,-0.7971809
0.34691548,0.8063053,1.0660303,-1.1589767,-1.4524945,-0.73348296,-0.5352597,0.29434493,-0.80247134,-0.9850497,-0.5937317,0.19503342,-1.639581,0.57980186,-0.20817068,0.3115074,0.40935826,0.106693655,0.16965324,-0.5856934,0.82530767,1.7681074,-1.8055379,0.1667773,-1.1042397,1.4175713,-0.91813254,1.1879508,-0.3695467,-0.7001544,-0.96637154,-0.240274
0.31521353,1.1633475,-0.21039245,-0.5882199,-1.8347764,0.60242164,-0.42920753,1.7668844,-0.817778,-0.45043513,1.2438467,-0.52248037,0.1704143,0.26306188,-0.37027067,1.175974,-0.26836434,0.8695651,0.49226248,0.37299654,0.66259766,0.31771082,-0.77646416,-0.1866745,0.6642103,0.7513292,-0.7426236,0.25954294,-0.436578,-0.73698163,-1.5564612,-0.651158
-1.8020761,-0.96406484,1.5439963,-0.116885364,-0.029306456,-1.05526,-0.10395305,-0.35923484,-0.806474,-0.38900298,-1.0121254,1.839993,0.75892067,-0.33974728,0.47434267,0.82169944,0.06672291,-0.2574973,0.1284447,-0.34933054,0.5115109,0.13910526,-0.590795,1.4240782,0.019390464,-0.26949435,0.11694114,0.95950437,-0.464149,-0.23189221,-0.4090419,0.03501093
0.8776452,-0.98885417,0.46687436,0.16179812,0.6969344,-0.027502235,0.9340536,-0.82009935,-0.5137798,1.1762458,0.9864608,-1.8509693,0.026025683,0.25205132,1.1296172,2.168446,0.7628617,-0.7180791,0.6741773,0.08869758,0.4868443,-0.13272288,-0.46248493,2.852292,0.6023811,-0.24598305,-1.6316364,-0.04892645,-0.24262315,-0.8030948,0.041716754,-0.3706069
0.48052332,-0.69350576,0.6789992,0.053628385,-0.24820545,1.5874033,-1.2879268,-0.39116213,-0.13162242,0.4190365,0.52723396,0.60870665,-0.59250903,-1.055396,-0.0753182,-0.26512468,-0.85608256,-0.19688828,-0.8539088,0.3275939,0.82930094,0.18007697,0.35918635,1.2058979,0.26412207,-0.8339716,0.50170183,0.023382783,1.109177,0.18701778,-0.31042254,-0.23418117
1.3509207,0.42533633,0.15550663,-0.58637065,-0.32464752,-0.2736833,0.053726524,1.3958483,-0.79048383,-0.94463575,-0.8821446,0.55102706,-0.74982214,-0.14376335,-0.63579035,0.42199835,-0.8007166,-1.5858114,0.15781046,-0.79015934,0.7149592,1.1308951,-0.77480686,-0.09305586,-0.7545723,0.7502694,-0.52923477,1.3521726,-0.94061667,-0.0990455,-1.9921892,0.0491272
-0.7638835,-0.14371155,0.826869,0.38092855,-0.6830423,-0.51501083,-0.56559503,1.1936169,0.617391,-0.21332216,-0.09446128,-0.39849713,-0.5461708,0.8358134,0.86388063,1.4247701,-1.148766,-0.5238012,0.62229395,0.058145784,1.1171775,0.27202305,0.073347926,1.6411983,-0.36503446,-0.7887133,0.00349541,1.2514875,-0.7191361,-0.23963621,-1.7439263,-0.651911
0.43219984,0.6784047,0.52867854,1.0380636,-0.40714777,-1.7934315,-0.27061373,-0.71007305,-0.49501812,-0.8145665,1.2816075,0.2417936,0.7725957,-0.83732086,-0.626795,-1.2686708,0.7929914,-1.7123675,1.5648489,0.10816997,0.38040885,-0.2419456,-2.2840452,-0.6904575,-0.877365,-0.15464681,1.5507133,0.3233556,-1.0766045,1.3813051,0.32812268,0.5900015
-0.16188356,0.14743097,0.5792979,0.9066314,1.1132317,0.6038667,0.44444168,-0.19954383,-2.0974917,0.26005954,0.38932246,1.6312132,-0.14915544,-0.27319518,0.8259886,-0.14053804,-1.0066707,-0.07917838,-0.15129294,0.24524647,0.8350425,0.43133664,-0.07998547,1.2870754,0.25049865,-0.70935506,-0.022276849,-0.19117436,0.59172404,0.9474168,-1.3730471,-0.029920325
0.43588272,-0.31422254,-0.03221973,1.0516891,-0.7485219,-0.7311847,0.7698715,0.43108118,-0.39131016,-0.14400984,-0.40980124,0.7164848,-1.474282,-0.3166076,1.2435961,0.4480436,0.11191016,-0.009992439,0.35636234,-0.009543657,0.37822267,0.13961034,1.3908069,0.34274772,0.30756742,0.77762175,0.2608962,0.17474958,0.6557006,0.2796348,0.8908714,-0.76805997
-1.2056558,-1.1547348,-1.3573155,1.3197758,-0.37990996,-0.13584507,0.044961095,0.23184276,-3.1959517,-0.44007498,0.9586231,-0.23252967,0.17658652,0.24339986,-0.13091901,-1.1019611,1.7739719,-0.75028175,1.8122752,0.58370423,-0.39376107,-1.0131863,0.13361521,-2.2820973,0.7107414,0.4179199,-0.2028086,0.112810016,0.6642814,0.43889076,-0.52011687,1.1971685
-0.76966184,-0.073146105,-0.55526906,-1.3405237,-1.9531927,-0.46119818,-1.285178,-0.38478124,0.53017145,0.65835524,0.3565976,0.74648654,-0.19151092,-0.41293105,1.1038,0.38930035,-1.9033442,0.36091843,1.4080439,0.07919039,0.79976785,0.21460417,0.3020889,-0.16011098,-0.011849314,1.2588531,0.30450872,-2.1045728,-0.14865679,-0.032091625,-0.23069796,-2.14259
1.8348384,0.5277388,1.1887219,0.14456272,0.6797694,-0.833281,-1.7397847,-2.115179,0.2577189,1.1078589,1.5832,0.34757534,-0.49154472,-1.9992733,-0.025216237,0.7172154,1.981539,-0.55871964,-0.660131,-0.6349385,-0.21876332,-0.61779237,0.22077431,0.74020976,0.16088735,1.0911336,-0.24545775,-0.42285693,-0.06707089,-0.87401384,-0.5294955,0.15434371
0.48262542,-0.16607623,0.7258576,0.7513458,-0.9282383,-0.8919737,-1.3511852,0.33427718,0.6981293,1.2111626,-1.1570408,-0.95113367,0.41384482,-0.5347763,1.2736008,-1.5457444,-0.26874617,-0.029344201,-1.6185604,0.37334958,-0.14053789,-1.0997546,-0.41921598,0.54847753,0.69656986,0.5525802,0.34846035,1.4197097,-1.1355721,1.5022875,-0.024156734,-0.5328509
0.016502827,0.7025021,0.53734386,0.6415616,-0.6723741,-0.930779,0.24180543,1.4066886,0.7187656,1.2741635,-0.23668446,-0.3422256,-1.1421051,-0.031293556,0.4922863,0.37408438,-1.7574992,-0.5844306,0.27124622,0.46215993,0.0456423,-1.5689199,-0.6901355,-0.5922726,-0.2903564,-1.0761621,-1.1387234,-1.3414468,-0.18218288,-1.8409401,-0.22151032,-0.21858564
2.3169842,1.9964674,-0.51153994,0.27787414,-1.5471851,1.3626015,-1.2326401,1.2814333,0.43494886,-1.1504402,-0.21578276,0.62427574,-0.42606872,-0.21604185,-1.2450371,0.16875494,-0.49596405,-0.9359691,0.48979208,-0.5777626,0.80293477,0.65589345,1.5733087,-0.8179892,-0.2653399,-0.22463903,-0.592603,0.8294605,0.023142457,0.4037897,-1.2839539,0.6144911
-2.3446538,0.33830655,0.58586895,-0.34361678,-0.7311936,-1.320451,1.5436149,-0.54569346,-0.41637805,-0.6480581,-0.19828656,0.6526919,0.26187146,0.11412868,1.5469878,0.58221877,-1.1461062,-0.5686722,-0.117896006,-0.55837536,-0.09748401,-1.2808441,0.43980277,-0.7823891,0.8020203,0.14464894,-0.21990907,0.5490304,-1.0825262,0.30149162,0.44961417,0.18932182
1.9521077,0.8693483,-0.94620335,-1.4426695,-0.6918538,-0.686927,0.0767898,2.090735,-0.25199354,-1.3256488,0.7775516,-0.05181642,-0.65991986,1.7654234,-1.1688979,-0.5296163,0.007786393,1.0380675,-1.283004,0.03338477,0.21303153,2.2251015,-0.15105058,-0.5984685,-1.0920836,0.4089728,-1.5815103,0.7803841,-1.8112624,0.93047917,-0.4228665,-0.069700584
1.4475023,0.7417831,-1.9963295,0.8228704,2.3787508,0.15497638,-0.46250534,-0.8884164,0.94724536,0.54321146,-0.8891344,1.4467642,-0.07362121,0.5064235,-1.5854006,0.6295185,1.6286685,-1.1834376,-0.22623414,1.1929219,-1.0485226,-0.39710557,-1.3286152,0.8013216,1.1675005,-1.2354,0.777911,1.5750885,0.27965885,-3.0436358,-1.8530505,0.77798223
-0.88961136,-1.2228101,1.2507455,0.1931259,0.76786,-0.7552986,-2.250011,-0.95453405,-0.22882184,0.007941231,0.5234572,0.22444025,0.7166033,-3.19424,0.08575879,-0.40377986,-1.2187874,1.1581234,-0.8432199,-1.6956625,-1.011283,-0.11434452,0.96102524,1.1384068,0.2783621,0.91323674,0.493939,-0.76063895,1.8044256,-0.13196155,1.1212904,0.08809501
0.31239188,-0.60082304,0.94412124,0.5532579,0.5342051,-1.6642944,-0.6359507,-0.9597179,-0.32341713,-0.8759626,0.04423654,-0.7610043,-1.1607491,0.22328433,-0.006637754,-0.191107,-1.1395475,-0.7512106,-0.54967284,-0.09143418,-0.6111609,0.8947108,-0.9704747,-0.2258823,-0.3294636,0.19760849,0.8782258,-0.3437307,-0.6142409,-0.10092957,-1.3853693,-0.003491648
-0.28645915,0.7610944,-0.4583062,0.5731367,1.1825563,-0.45552817,-0.009718439,-0.79244524,-0.047761112,0.3196934,-0.62755936,0.033050872,-1.4738333,-0.707634,0.67721355,0.17549339,0.14347522,-0.05019498,-0.56559736,-0.17208478,0.2820764,-0.6263801,-0.62993,0.41623902,-0.7753221,-0.55953765,0.06399537,-0.7727839,-0.4021215,0.5753871,-0.10989676,-0.8051405
0.4303398,-0.002464816,1.2513287,-1.1407616,-0.004629709,0.51717466,0.6329473,-0.08018984,-0.6110709,0.34673154,0.1014298,0.09728475,-0.39484575,-0.9609872,-0.033307537,-0.3385003,0.008617654,-0.8469596,1.3081635,0.52490497,-0.52250767,0.020563956,-0.23621996,0.8182345,0.17737408,-1.0604283,-0.6113186,-0.9348601,0.21247923,0.62738323,-0.99118876,0.18537894
-0.9897746,-0.48544627,-0.5103348,1.4644079,1.3946991,-0.78147745,1.5471938,0.67867875,0.040971488,-0.2102734,2.1315765,0.58545434,-0.3989677,-0.18645191,1.3036801,-0.5234047,-0.7808682,-1.4123089,-0.18231615,-1.1990291,0.6413566,-0.06481764,-0.749559,0.19129592,1.5737662,-0.56890225,-0.9930384,-0.18874349,-0.35850942,0.3565859,-0.25000513,0.5340395
-0.18668315,-0.21806878,1.2724607,0.1220049,0.11841546,-0.6821322,-0.36904916,-0.21776831,0.1131807,0.84536934,0.19416274,0.3583135,-0.8031957,-1.3879364,0.33760303,-2.1977854,-0.35290575,-1.5358815,-0.37870046,0.8858947,0.056903966,-0.6712657,-0.18038961,-0.278621,0.46996137,0.7250979,-1.8757573,-0.19769955,0.7814013,-0.58949155,0.00508368,-0.74117786
-0.3081356,-0.92286223,2.5243793,1.3055903,-1.3962717,-0.0898391,1.0442042,0.60929537,-1.954915,0.6047902,-0.9185098,-1.1378595,0.9190427,0.46293467,0.59474504,-0.21575728,-1.5858984,-1.1080024,-1.5873115,1.1906767,0.6911317,-1.3910346,-0.8600165,0.70853776,-0.8923372,-0.61393124,-2.4602807,-0.70208824,1.1983961,-0.57273984,-1.2506549,-0.34786293
-0.45483267,1.4240301,0.026858151,-0.21617183,0.7090825,-0.19016762,-0.117996186,0.08852185,-0.5584843,-0.4871576,-0.083789125,0.40617105,-0.038618915,0.12990499,1.4332353,0.73366266,-0.55372524,-0.092636354,-1.2737901,0.30437747,-0.49949944,0.10514378,-0.61773115,0.10227244,0.31800342,-0.76015675,-1.066581,-0.5996691,0.6776308,0.87716824,-0.5169141,0.21042849
0.12145798,-0.40720007,-0.78685164,-0.8285897,1.0241625,0.98397434,1.4066064,-0.2420863,0.5418929,-0.43147975,1.1675481,0.13378662,0.5410374,0.12405765,2.3350644,0.42491946,1.002089,-1.1336329,-0.34167954,0.22168258,-0.09032276,1.0098829,0.76821786,1.5247879,-1.6533298,-1.7497671,-0.21914099,0.30437902,1.188566,-0.12280704,-0.2845717,-1.1999192
-0.15955567,-1.5616872,-0.3032893,0.82436746,0.10822246,-1.6108497,-1.4694127,-0.7822498,1.193032,-0.44946545,1.0839446,0.79379964,0.5378263,-0.63454235,0.87446415,-0.35137063,-0.22708012,-1.344631,1.1754718,-0.6585032,-2.261876,-2.146173,-0.7370573,-0.91551274,-2.6608114,-0.79558635,1.5137038,1.1266786,-0.1554335,0.79768294,1.3180712,1.2340146
-0.570119,-1.510582,-1.2823243,0.26540345,0.5000118,1.1904565,-0.6439409,2.648944,-0.0645566,2.459667,-1.7705202,-1.3897974,0.3998155,2.5332475,-1.1163898,3.4030924,0.7565587,-0.008566875,0.5204371,0.82376415,-2.8926144,2.1190567,1.9245557,-1.3456953,1.6010159,-2.9905624,-0.35283265,-0.96947646,1.3285587,1.2925241,0.22692707,1.1026735
0.6898909,-0.64238673,-0.06034352,1.9495714,-0.058026433,-0.24782495,-1.1697135,0.45233393,-0.22932315,-0.79801625,1.8788589,1.5425444,-0.46412176,-0.21336542,0.27448756,-0.6093002,1.1941873,-0.23748967,-0.3087186,0.12469382,-0.6402644,-0.7603765,-0.75238764,0.024721816,0.57932365,0.45559973,1.3521901,0.5186906,-1.2155182,1.1926258,-0.011886418,-0.9781463
-0.34216502,0.14705877,0.29534274,-0.4300956,-0.22605856,0.67010117,-1.3829148,0.5091137,-0.4067171,0.14511323,-0.07347599,1.2011852,0.06522478,-0.7108408,0.15469639,-0.9791982,0.24285851,-0.35713226,-0.19210453,-0.8356408,-1.0111257,0.026763044,-0.7781476,1.9196882,0.28422546,0.4482665,-1.1229864,-0.70330775,0.8775995,-0.23517743,0.59971523,0.32278642
0.25031924,0.3558858,-0.7113447,0.19005646,-0.036223084,-1.1361884,1.3617699,-1.0392447,-0.24686864,0.12912938,-0.13606882,-0.6897521,-0.5778166,-0.24537471,0.0836477,1.3455085,-1.1689981,-0.6556878,0.6803211,-1.4361851,0.030987263,-0.67247254,-1.0840514,0.8269645,-0.40807977,0.19452827,0.7140758,0.98682946,-0.21396366,-0.86144155,-0.39051366,-0.05162163
-0.91556406,-1.212276,-0.07417792,0.09347817,-0.6715903,0.5326112,-1.3001362,0.17349438,-1.1405872,-1.0128876,0.4924106,0.79331344,2.7287745,-0.96385247,-0.6795311,-0.5667945,-1.0002606,-1.5248269,0.55411184,0.4975594,-0.7647865,-1.7163393,-2.532786,2.3872607,-2.8191066,-0.34837565,0.051514402,0.24287434,-0.28610823,-1.0687176,-0.3820797,0.1539508
0.07895398,0.18415658,0.29527715,1.7835581,0.5297543,-0.38296038,0.077222794,0.3622661,0.0035786927,-0.6761308,0.8398231,-0.7709682,0.60451835,-0.055940647,1.3005071,-1.746371,-0.5424006,-0.9980164,-0.5030671,0.13639471,-0.48332486,-0.17261328,0.11119343,0.16056928,-0.24692354,-0.3655644,-0.22040825,1.0251198,-0.106805295,0.636083,-1.2694002,-0.0464307
-1.0704073,-0.09550394,2.7746067,-1.2011111,-1.762186,-0.42908394,-0.6437141,0.49980068,1.5317326,-0.7105206,1.9610643,0.4635201,-0.41793066,-0.04415743,-0.12586203,-1.3183005,-0.11580521,-0.52440804,0.453246,-0.46260977,0.9175336,-0.7717646,-0.10587178,-0.74918544,-0.34345815,-0.05022359,-0.13621043,0.925109,0.7182907,1.339781,-1.1155107,0.38342124
0.1328941,0.36698738,0.22778475,1.4642134,-0.37034303,-1.0581473,0.29163718,0.5915245,0.39262024,-1.4091789,-0.5270568,0.029943302,0.2748748,-0.6359787,0.5919396,1.8494241,-0.34499568,-0.03853853,0.9480722,-0.1115244,0.91235805,-0.22251245,-1.7480943,0.5395446,0.7397426,-0.18274109,-0.39375013,0.31869334,-0.78491473,0.5267092,-0.32372245,-1.052479
0.03440821,0.7525876,0.711456,0.49982998,-2.1979253,0.8987646,-0.793213,1.6699264,-0.6888015,-1.130002,1.2667477,0.62948215,-2.4636207,0.05964136,-2.2911735,0.34830463,-0.9524974,0.85744476,0.7986646,1.3572793,0.5298915,0.3152718,0.14823875,1.7121022,1.4649358,0.765893,-0.4757936,1.1614499,-1.1406894,-0.1599634,-0.65098876,-0.35778016
0.4071809,-0.77132237,0.061791092,-0.4738774,-0.13209356,-0.08989146,0.2872365,0.0009484738,0.26711962,-1.5381284,0.43920487,0.18256159,-1.2961037,0.38745996,1.8028755,0.6303605,0.7797785,0.5779005,-0.30393147,-0.4586919,-0.05395458,0.3592676,-0.6233175,0.52626204,1.2657987,0.584337,0.5128894,0.046699785,-0.3734828,-0.32275826,-0.31877404,-0.14633584
-0.16722602,0.8609264,0.8015002,0.5882056,-1.5192482,-0.17195304,-1.88037,1.1683502,-0.5552887,-0.2023324,1.7941625,-0.35578814,-0.26580796,-0.35958546,-0.99332225,0.4061818,-1.7245946,3.4946604,1.0245109,0.316367,0.58043134,0.9788143,-0.5574131,1.1754557,1.5785439,1.0897931,1.351548,0.8322609,-1.1347258,-0.63120323,-0.349318,-0.9697739
-0.22354554,0.30472088,0.35274795,0.5025151,-0.63357615,-0.33272436,-1.2202177,0.97628045,-1.5652549,0.43865627,-0.8412578,0.78724796,0.56162953,-0.26427355,1.8875264,-0.17278774,-0.347833,-0.73294073,-1.0695479,-1.1132786,0.576594,-1.6849381,1.0151985,0.3170069,0.5773564,-1.659402,-1.0418221,0.39564708,0.064619005,-0.20790637,-0.58916545,0.1259166
0.67126286,1.975465,0.021436632,0.4683631,-1.8086188,0.7104114,0.26242614,-0.07232863,0.8769853,-2.2739067,-1.4451673,1.2242632,-1.7298965,0.099863455,-0.9365294,-1.2633193,-0.6637909,0.5181037,1.2978742,0.15363413,-1.7352307,1.2610989,1.0950093,-0.6117064,-1.778558,1.8539324,-1.2100759,-0.1221773,-0.19553989,0.08520135,-1.1352141,-0.00945916
-0.37272304,-1.2766695,-1.6199608,1.3571117,1.099958,1.6231022,0.8106252,-0.25820497,-3.0603905,-0.6768044,1.1989207,-0.4480614,0.8599869,0.11229171,0.3181829,-0.38041365,0.49095577,-0.12597802,0.46726638,-0.79573137,1.1133996,0.57921326,0.7192702,-2.0744805,1.7042594,1.1166308,-0.5332692,-0.63572526,0.564679,0.8154976,-2.2050862,1.0107442
0.006860569,0.050957177,-1.4210548,-1.3334076,-1.7737144,-0.9846237,-0.097901165,-0.6511736,0.5099591,1.9335967,-0.4322404,0.6806561,0.7168008,-1.2108176,1.4722091,-0.56076956,-0.69591683,0.37714615,1.0905645,0.26415494,0.4366424,0.8489783,0.13051566,0.18770751,-0.058047503,-0.1553803,0.1017697,-1.8987546,-0.03625229,0.046045378,-0.1624284,-0.831432
0.83196396,1.4615233,-1.6330049,-0.1493783,0.35042995,-0.1330411,1.5131619,0.2814602,0.80683136,0.23505649,-1.3981123,-0.06844267,0.32058,-0.17441273,0.93706334,0.26537052,2.531498,2.1992147,0.2911384,-0.8134591,-0.7896326,-0.7373894,0.5435746,-0.5424858,0.5497555,0.030007757,0.64232737,0.23905846,2.366002,-0.8553282,-1.2778682,-0.3015733
-0.5434695,0.83900005,0.70639586,0.57329214,-0.9125384,0.03428711,-0.42758277,0.22270799,-1.0808575,0.11639112,0.024499297,0.8028884,0.58983445,-0.2684935,1.6986195,1.1005559,0.761732,0.28046227,-1.0266318,-0.24054447,-0.94889915,0.1397034,-1.2579029,-0.656472,-0.8836438,0.17168035,0.2657125,0.61126596,0.023801193,0.1559107,-0.183718,-1.0270447
-0.6794225,-0.88505125,0.9668242,0.10828999,-0.96160156,-0.2920257,-0.54146254,-0.34389514,0.40478468,0.28987566,0.23599575,-0.111580655,0.24703756,-1.085666,0.7659126,1.182495,0.33277416,0.6758969,-0.4019785,-0.45373127,-0.75706744,-0.65953755,-0.20399661,-0.573133,-0.2916795,1.0047557,-0.09247556,-0.5554022,0.68382055,0.11601044,-0.33278033,-0.2948755
-0.0018677674,0.23494919,0.718,0.33611453,-0.37271,0.079277426,-0.42370817,-0.7056862,0.41780624,-0.38438752,-0.5472015,-0.3690867,-0.46832797,0.014462292,1.2802477,0.24130727,0.6093669,-1.5350958,-0.019262742,-0.4516488,0.45957428,0.1994755,-0.39530575,0.0817272,0.43695164,-0.2396636,0.32860497,0.7213615,0.49060336,-0.41662976,-0.28735006,-0.29272518
-0.40823308,0.23196235,0.1399453,-0.17960995,0.16043535,-0.50585914,0.0058018267,-0.71474636,0.12310158,0.42019957,1.3018048,-0.24456158,-0.21605611,0.52086455,0.62525976,0.89834255,0.3065714,-0.23538741,1.2119975,-1.3029141,0.013933867,0.1551439,0.46411383,-0.3593739,1.1170003,-0.17948604,1.132076,1.4263754,0.6815046,1.7869444,-2.1734674,-0.80345994
-0.40564278,0.04672405,-0.5850675,-0.64866275,1.317462,-1.841757,-0.32815567,0.7005057,0.66812646,-0.9286889,-0.4229703,-1.565008,-0.033913266,0.84808403,1.3033807,-0.52822596,-1.0972037,-1.7088258,0.8567636,0.5053996,0.5340052,-0.4801759,-0.12890145,0.28074884,0.59725755,2.1584713,1.8064857,0.82721984,-1.280376,0.21999624,0.7829258,-1.6145377
0.98258334,-0.15144435,0.6928701,-0.61208266,0.16935517,-0.20454022,-0.9438032,-0.5876977,0.70181954,1.2038903,0.7941738,2.0409684,-0.94107723,-0.49775338,0.48704305,-0.3020475,0.7857258,-0.26817286,-0.82728803,-0.09208907,0.24124622,1.0615935,-0.16029379,0.034665752,2.807554,-0.49962935,-0.79783964,1.4925346,1.1344322,0.79091823,-0.43498066,-0.68208677
-1.4092283,-1.1879767,0.9142872,1.3086686,0.116856575,-0.89106095,0.28340334,0.46690375,0.5245301,-1.9079356,0.23841213,-0.052001208,-0.26857954,0.8256102,-0.05800577,1.2650558,-0.50451356,-0.3937742,-0.91264427,-0.5546049,0.15696122,-0.9329059,-0.42065448,-0.47393185,-0.26376757,0.09349645,-2.074387,-0.81745636,0.007382691,-0.37791097,-1.6608132,-0.4135434
-0.63283765,-0.8413693,-0.2572481,1.0919284,0.47572663,-0.921134,-0.64291394,-0.44913542,0.82303566,-0.4366296,0.42966005,-0.05107613,-0.28724217,-0.80491936,0.5161813,0.121705376,0.14857984,-0.24763697,-1.5293864,-0.052415766,0.14793316,-1.076909,-0.15675336,0.22400504,-0.8011229,1.0513227,0.59393543,0.87604713,0.42876914,0.88426495,-0.073313534,0.01447621
-2.2302437,0.78154194,0.5379368,2.0846648,-0.4837705,0.73914003,0.0056812763,-0.4640045,-0.48895615,1.3081138,0.44553667,0.60168827,-0.41930303,-0.80059755,0.51055896,0.11486754,-1.2675717,0.65804243,-1.0970618,1.0094097,-0.9401753,-1.1728506,0.046907723,0.9540554,1.1014553,0.74384356,-0.31191373,0.6262933,-1.8380334,0.78659594,0.5280965,-1.6928604
0.43039143,0.07037373,-0.18333837,0.47233713,-1.1729566,-1.5881866,-0.81902367,0.5089457,-0.32668477,-0.021472096,-1.0670388,0.8127029,-0.8102213,0.44499677,0.83147216,0.317075,0.48583645,-0.9316415,-0.43491906,-0.6794621,0.30033934,-0.82769215,0.06804393,0.52575576,1.6151695,0.47567517,0.78352815,-0.720469,0.5520495,0.37888014,0.9659873,0.094243206
-0.6989075,-0.400379,0.8735982,-0.7620558,0.3271794,-0.52842855,-0.88021064,-0.93590397,0.42446208,0.60349905,-0.23582941,1.2029674,0.33703434,-0.13491975,0.70697254,-0.24326092,0.5904741,-0.110829905,-0.5221708,-0.40333337,0.12270862,-1.2998667,0.3408302,-0.052319087,-0.2721518,0.08691775,0.5071758,0.95521975,0.74030685,0.11208096,-0.10934887,-0.5989027
0.81335497,-0.3943528,-0.12514615,0.48009068,-0.44782335,-0.7478303,-0.14897296,-0.018927999,-0.29460034,-0.061267905,-1.4654655,0.109755516,0.18099639,-0.22162518,1.2734051,0.6192662,-0.18571039,-0.8271898,0.93364406,-0.7068581,-0.2628384,-0.13075964,-1.5486504,0.21963921,0.7949686,0.22603986,0.9435575,-1.0527802,-1.617326,-0.69320625,-0.7776349,-0.43640625
-0.6862079,-1.608069,1.0963044,0.79709363,-1.090272,-0.46084678,0.13337019,0.24532166,-0.1848225,-0.68704844,0.44763014,-0.37331492,-0.94293666,0.6485941,1.0848163,1.4314418,0.9741224,-0.042401247,-0.4756655,0.4509741,0.29122934,-0.87202173,-1.0697002,0.07251105,0.09755854,0.81124675,-0.14424284,-0.18126574,1.1034343,-0.27536118,2.1710505,-0.6310582
0.10001889,1.0460249,1.1544837,-1.7531548,0.5077771,-0.7418983,-0.5075107,0.4058238,-0.5558161,1.119255,-0.14215052,0.007972091,-1.2332515,0.021779016,1.3750702,0.21689764,0.07493025,1.0030124,-0.26302344,-0.044438757,-1.1561346,-1.4936557,0.2604705,-0.054612234,2.493972,0.9238117,-0.76175225,-0.8915067,-0.41121367,-0.3045479,-0.47516024,1.0113313
-0.5113363,-0.44947535,-0.45439035,0.19679296,0.09463935,0.05204107,-1.1483808,-0.9748766,0.11739445,-0.54996896,0.41409257,-0.08344333,-0.7372814,-0.621975,0.4197048,-0.08312542,0.43309176,0.23431638,-1.6447896,-0.03565003,-0.43384534,-0.33841208,-0.6778446,-0.63849366,-0.53347,0.56660646,0.7251175,1.0399697,-0.9446954,0.5069393,-0.29917356,-0.4006703
0.38094038,0.23853225,1.7639444,-0.9388292,-0.017320827,-1.4089937,-0.055783212,-0.96629727,0.69033015,-0.8351841,-1.7077115,0.7718427,0.051785674,-0.70750827,-0.5964289,0.101817995,-0.8141708,-0.2505963,1.0654154,0.4795665,-2.2174997,-0.726284,-0.24241704,0.27068365,0.61229193,0.13667002,0.48493803,0.7138479,-0.7545167,1.5093645,-0.053849224,-0.22994442
-0.29763582,-0.75714934,1.3010423,1.3933613,-1.8934915,0.78465056,0.4282363,0.8584891,0.73000854,0.19402626,-1.594378,2.153303,0.84251696,-0.38241604,0.59768784,1.2273772,-0.750809,1.0878096,0.67883295,-0.3360752,-0.81305647,-2.0355844,-0.740416,1.838176,0.9721905,0.41764244,2.086525,-0.038492505,0.3824855,-0.33824313,2.009709,1.0612886
-0.9898833,1.2215164,-0.80671257,1.3742309,0.8049942,0.2781614,-0.35781568,-0.081637114,-2.2889428,-0.4695006,1.0065522,-0.84497577,2.0826383,-0.0003540963,0.07756515,-1.3317595,0.98500675,0.9586406,-0.34415674,0.5804859,0.6947855,0.23606528,-0.22876221,-1.0386589,0.5114492,1.3452003,0.047765434,0.2080509,-0.43539876,0.05684106,-1.0221372,0.7761744
-0.1628201,-0.63733494,1.3257167,1.203337,0.45733845,-0.76403946,-0.97173274,1.0431695,-0.6858523,-0.39374202,-0.32350278,0.27415842,0.097730994,-0.5780159,0.46506163,0.76706654,-0.42569512,-0.17431349,0.5931511,0.13989389,-0.48242867,-0.24815522,-0.43995672,0.63362145,-0.29491484,-0.38171285,-0.9564664,-0.7161416,1.6953164,0.1659571,0.7812958,-0.9958874
-0.4453287,1.0220622,-0.15104043,-1.2032938,0.088182226,0.17427182,-0.88435113,0.36553457,-1.4407449,-0.9574298,-0.52596134,-0.0010215342,-0.1261262,0.14555778,0.320727,0.8886155,-1.0818194,0.11353193,1.0859025,-1.0773554,-0.7641589,-0.33997342,-1.4501381,-0.28392607,0.16052586,0.7252288,0.111808725,-0.027554097,0.7295783,-0.36295465,0.67140543,-0.8822055
-0.22511679,-1.6072907,-0.64735013,0.6091361,-0.5763562,-0.82343596,0.8286075,-0.4904668,1.5862682,1.0569098,0.22760218,-0.2833172,-0.34757978,-0.44575632,1.0418775,-0.16691905,0.09524764,-1.3948761,-1.0209064,-1.2570679,-0.14079481,-1.4198529,-0.75274086,1.1305419,0.22542626,-0.72799426,-0.878404,2.1610885,-0.2451233,-1.0226617,-0.6098684,0.10138149
0.42554435,0.24614081,-0.52653897,-0.0061835274,-0.5016475,0.77664423,-0.0047845915,-0.18474162,0.6221349,-0.4489063,-0.020453602,0.09455241,-1.2098477,-0.03448482,1.2286675,0.64937955,0.6829174,-1.9587815,-0.61745465,0.59168446,1.3218079,0.65753496,-1.0765986,0.27927837,-1.263,0.07015183,0.40796128,0.7326956,-0.29110175,-0.85028327,-0.66080475,-0.0021761395
0.04734475,1.7252944,-1.9062222,0.23096007,0.33606833,-0.1118248,2.0623748,1.2779391,0.39960897,-0.4956434,-0.48837796,0.22765873,0.90649,-1.1692271,1.0626109,1.4367179,2.1610882,2.0129502,-0.84760654,-0.8140854,0.39474386,0.2685423,0.68786037,-0.26187435,0.45812225,-0.42327374,-0.033654835,0.44640905,1.3894584,0.1290571,-0.8160085,-0.6068001
0.6886753,-0.75164586,-0.8680941,-0.43660423,-1.6495826,-0.22074667,0.22834177,-1.7003272,-1.3483297,0.44552928,1.1724015,-1.7021254,1.3689128,0.6912178,0.24053994,1.8569314,-2.3784447,0.29403266,0.8001144,-0.8055639,-0.17962769,-2.5447602,-0.59991014,2.1259208,-0.56027174,-0.12391353,1.0147971,0.9112273,-1.7455194,-1.9371164,-0.1945656,1.6980104
-0.97154117,-0.5522012,-0.3546793,0.51648915,0.5170849,-0.030434668,0.03440535,-2.1024013,0.034473583,-2.1649084,1.1732466,0.7544538,-0.76127875,0.4395159,-1.024374,0.0052220523,-0.618029,-1.098031,-0.74599385,0.59636927,-1.1911434,-0.5997617,-1.3631699,1.1135608,1.4233607,1.3514723,-0.8690977,-1.4625931,-0.23175555,1.9435225,0.21067451,0.8311161
0.19473857,-0.12501575,1.443573,0.3793298,-1.1130928,0.08351133,0.59227324,0.89764905,1.0725137,-0.62841874,0.49993742,0.80645776,1.5264639,-0.9800637,1.9534751,-0.1796805,-0.10653808,-0.26478595,-0.32118297,-0.47258642,-0.7921678,-1.3331459,1.0623637,-0.25215927,-1.8060713,-0.022827886,0.7499815,1.3711282,-0.9963494,-0.16818757,-1.1311889,-0.522264
0.09845039,-0.5175135,1.079651,0.63698804,-0.6664936,-1.2111021,-0.08079249,-0.2619931,0.39039358,-0.8289982,-0.4554899,0.17721221,-1.4628184,-0.4816995,-0.3284986,1.2686043,-0.42585912,1.1327504,-0.24032958,-0.7320411,-1.4929833,0.17946713,-0.3718691,0.93049836,0.717289,-2.1298938,1.945643,0.7979907,-0.59995985,-0.055097386,-0.33774287,0.7198408
2.098296,0.8932668,-1.1639729,0.6800189,-1.2567937,-0.24532716,-0.92723906,0.92307794,-0.42606628,-0.22556481,0.48229545,-0.52540433,-1.8356365,0.523646,0.3708395,-0.4685366,0.81655484,-0.44718203,1.7245326,0.060699046,-0.33135408,0.16179085,0.6622199,-0.72472584,0.17416689,0.5304026,-1.437609,1.1772044,0.539538,-1.4859089,-0.8095272,1.0126109
0.34159294,-0.14829312,0.5743917,0.29906893,0.373174,0.08321128,-0.80224985,-0.57800174,0.4684869,-0.21187328,1.0861115,-0.33241042,0.9845671,0.13161296,1.104845,-1.0791602,0.36817205,-1.7075732,-0.38825297,0.21762532,0.3015499,1.1426674,-0.34189832,0.35189816,1.2777748,-0.37772435,-0.21209404,0.13285902,-0.010352563,0.90944123,0.7736678,0.027297556
0.55332464,0.28232405,0.86780214,-0.32641423,-0.72197545,-0.4171245,0.23296219,-0.018360987,-0.63991016,-0.90685606,0.06727005,0.22333919,-0.873978,-0.23354301,1.060899,0.59685177,0.21337883,0.76646125,-0.3506658,-1.2792641,-0.5200517,-0.24234655,1.0658467,-0.420427,-0.7856213,-0.35711646,0.7676938,-0.12717877,0.28728095,-0.80484486,-0.9326705,0.47109786
-0.32265148,-0.56473875,1.8495388,-0.10164291,-1.0185554,0.9947864,0.32888415,0.033770382,-0.36427987,0.13641322,-0.07512614,-0.32215127,0.19860588,-1.0284115,0.83008707,1.1005915,-0.5617151,-0.25630495,0.21312535,-0.3126539,-0.060154423,-0.03514211,-0.61213005,0.2635256,0.6449977,0.2790804,-0.15098575,-0.70010424,-0.24325061,-0.321691,0.870042,0.72125155
-0.25843173,-0.57388395,-1.0692954,-1.0676986,0.49158567,-0.6380178,-0.70256746,-1.7505763,-1.582324,0.2772947,-0.5932107,-1.3348817,0.51237583,0.674096,0.84561527,0.6648137,0.14584613,-1.5299959,0.51611614,0.08866832,-0.2121892,-1.4032837,-0.24051312,-0.1008119,-0.15770912,-0.9454701,0.15618509,1.8769999,-1.5621037,-1.5727466,-0.430883,1.6889046
1.0541061,-0.55873257,1.119878,-0.98775715,-0.39872736,0.29404482,0.20577276,0.55693746,0.6894953,0.98598796,-0.14284655,-0.9737687,-0.46512607,-1.4291716,0.73727417,0.6955837,0.540279,-1.6489682,1.068481,-0.09688401,2.1318626,-1.3304691,-0.2650797,0.62932014,0.28761116,-0.31464982,1.6783867,0.22901896,-0.13771376,-0.34653592,0.12967992,0.73380774
-0.4492548,-0.68867767,1.2602011,0.7804418,0.68665856,-1.5497487,0.9026948,-0.03943315,-0.4728906,-0.49862045,-1.0992051,-1.6989152,-0.48525634,-0.010215312,1.2460382,1.4442279,0.028529149,-1.1450759,0.01935333,0.69449764,0.64000833,0.33820403,-0.73393613,0.73055345,-0.4518462,-0.050958358,-0.35991418,0.3172272,0.16262147,0.44404143,-0.23376629,0.2084557
1.8111985,1.0785964,-2.192283,0.8508154,1.7005198,-0.28613806,-0.33885485,-1.7739266,-0.12279679,0.8758664,-0.8700509,1.3826609,0.44918156,-0.22415581,-1.3284881,0.76505744,2.2502127,-0.2301453,-0.6552423,0.5565474,-1.2430204,-0.6560929,-0.5127334,0.22532107,0.35062993,-0.1917344,0.7304098,1.5780898,0.26722854,-1.7237031,-1.3341529,0.035043463
0.85475516,0.48836228,0.24692436,1.3409872,-0.40014216,-0.13389036,0.79675746,-2.1736715,-0.38798225,0.44919142,0.6020824,1.7979302,0.34131283,0.13913515,-0.30887088,-0.36512476,-1.2802935,0.86519194,0.84836066,-0.59225243,-0.43489426,0.16895184,-2.1023562,1.3433781,-1.0790358,-1.1448939,0.20198275,-1.9141686,-0.087198466,1.2727942,-0.1507141,-0.39580655
-0.06564777,0.15417518,-0.30572352,-1.2562387,-0.30710182,-0.6126633,0.674708,-0.6472877,-0.12056948,0.10340823,0.32347843,0.6221082,-1.4834528,0.7401356,0.2863026,-0.23917972,-0.83547175,-0.4676361,-1.1386243,0.23621269,-0.19501634,-0.82420886,-0.55259335,1.0972898,-0.454369,1.4794655,-0.6109942,0.8515521,-0.04968977,-0.21359581,-0.23834752,-0.034646295
0.4873719,1.4854562,-0.20833552,-0.7075054,-1.1236663,-1.4288856,2.0061066,1.0290251,0.49544275,-0.15346004,0.4575308,-0.25004554,-1.0190563,-1.2579508,1.6989347,1.1969111,0.19755423,-0.088017665,-1.4655566,0.15548721,1.5404587,-0.79773957,0.8075797,0.7329761,-1.6831229,-1.0499547,0.90751725,-0.5396365,1.603637,1.0084943,-1.5192035,-1.0282626
-0.18670385,-0.25349158,0.6157848,0.7033027,-0.40112722,0.1552724,0.5257872,-0.58911633,1.1748532,-0.42385566,1.1160299,0.17038035,-0.29181695,-1.0492537,0.65492016,-1.0114717,-0.5806775,-1.4007607,-0.23588742,0.71825904,-0.75254655,-0.15774074,-1.029442,0.09731523,1.122915,-0.3270559,0.19308431,0.44944683,0.9754725,0.8290359,-0.68480504,1.179794
0.33174855,1.1574895,0.2316112,-0.85846186,-0.47282487,-0.46570492,0.17916065,0.1764035,-0.38891315,-1.7083952,-1.7606449,0.04918652,-1.1404084,1.6882894,0.59021664,-1.9498726,0.37835392,-0.5799792,0.25894615,0.30173182,0.7732204,1.7640657,-0.576156,-0.65974736,-3.0841756,0.97504044,-1.2658631,-0.35231066,0.4724408,0.20417434,-1.842444,1.0487545
-1.2827339,-0.006847322,-0.313187,0.8420212,0.9232675,-0.51796645,0.21391228,0.6115801,-0.36092377,-0.8127438,0.8346987,-1.5214975,-0.8859474,-0.58029306,-0.1477949,0.03181445,-0.70919716,-0.4741583,1.1020255,0.75758076,-0.121619314,-0.5764483,-0.5729201,0.558363,-1.6435924,-0.43804374,-0.30522346,-0.8332479,-0.9647552,-0.48613855,-0.41431,-1.0705473
2.2275198,2.1061058,-0.37693316,-0.86607444,-0.87915504,0.9865915,-0.65297997,1.0368989,0.16979803,-1.614825,-0.59964615,0.9190426,-0.6173966,0.3642023,-0.6675828,-0.9830849,-0.6814331,-1.567986,1.6314819,-0.3505633,-0.3465165,0.6369527,0.7442373,-0.3401855,-0.8596341,0.5394926,-0.87585753,1.1707,0.5623108,-0.73004127,-0.8109888,0.76429904
-1.2276509,0.7851095,-0.10908875,-0.05830451,0.2689943,-1.1557385,-0.63943374,-0.7375803,-0.28846017,0.33384827,-0.25550252,-0.35246125,-0.574252,-1.2728608,0.56611764,-0.29592505,-0.29042977,-0.94650316,-0.36307973,-0.5576596,0.15629098,-0.2557757,-0.16729166,-0.2546686,0.34720472,-0.6422101,0.6929609,0.1527836,-0.07305655,0.1112134,-0.2518689,0.22827539
0.5983188,-0.5368283,-0.66584885,-0.02503483,0.3361707,0.070137575,0.18036601,-0.32189265,-0.6469263,-0.13546681,0.047432892,0.6761109,0.19661444,0.8082223,0.50260633,-0.15309945,-1.0410632,-1.8814685,-1.4901536,-1.1461432,-0.5682316,-0.49946672,-0.48612702,0.19534391,-0.99393445,-0.8480082,0.7482965,0.077596396,-0.3625228,1.3164554,2.3752759,-0.15909259
-1.195321,-0.28961074,0.29365954,0.93644863,1.2901604,-0.25481677,-0.9393209,1.1477869,-0.31831098,0.98565376,0.18546751,-0.5639125,-0.82302696,-1.0137343,1.1399162,1.18927,0.030816913,-0.31225973,-0.35409695,0.91494024,0.14001985,-0.031054119,0.4678205,1.2332484,0.08057709,-0.15672176,-0.40577185,-0.8329507,-0.31804603,0.50232476,0.11455044,-0.79483473
0.49897423,-0.3025521,0.39187154,1.3192527,-0.898818,-2.1522903,0.8644713,0.8093533,-0.039540038,-0.6854192,-0.7898331,-0.20523378,-0.81431425,0.62258404,0.6893705,-1.4755766,-0.57542557,-0.5341077,-1.0873046,-0.48945284,-0.76562715,-0.08103109,-1.5128446,-1.2280716,0.5833963,-0.3335613,0.64355874,0.4356454,-0.26396558,-0.57104874,-0.6315934,-1.5890841
-0.22146556,-1.0058823,-0.042398646,-0.33060375,0.93599355,-1.4849122,-0.8366598,0.7930335,0.5693869,-0.43684405,-0.3693164,-0.42713577,-1.070304,-0.21575704,0.19762775,0.061489686,-1.0243441,0.59007573,0.30234233,1.1545141,0.29513094,0.7575821,-1.8456042,0.5084226,-0.114863664,-0.058917366,-0.85219604,0.14427447,-0.34427166,-0.53722686,-0.25434843,-1.3521178
-0.46635896,-3.6550622,-2.1224623,-2.5312958,0.15369345,0.33355564,-0.24175785,-1.0464872,-1.8887637,0.76773936,-2.0539997,-1.5072222,1.6915886,-1.3970565,0.17918491,-3.189437,1.150764,2.34896,2.822431,-2.4208975,0.55226034,0.7332959,-0.1534121,-2.0339084,1.6916075,0.6093932,1.0518832,-2.9995792,-0.9107138,0.70910233,0.2895728,0.065513946
0.6449341,-0.43486708,0.707379,0.034437746,-1.3779776,-0.34462905,0.8046584,0.6061181,0.19521083,0.65088797,0.35459515,-1.3746128,-0.6095401,-2.2759757,-0.61587894,0.5708667,-0.2358463,0.09120087,0.5967017,0.9417175,-0.8823432,-1.2300254,-1.1693578,1.1771836,0.20595357,-0.23741043,0.36234975,-0.7990807,-0.72228986,0.46684188,0.2540698,-1.1030607
2.705976,1.6013771,-0.7577487,1.1514752,-3.6119943,-0.745407,-2.12149,-0.0038925707,1.6014998,-0.5457072,-0.31696758,0.9895687,-2.8546648,0.32837194,-0.14926185,-1.2223749,-0.3360657,2.0460978,2.0941942,-0.42916334,-0.36653078,-0.30976665,2.623198,-1.0226063,-1.9369586,-0.01180923,-2.0242417,0.7345808,0.9736376,-1.7367759,-0.6643772,2.2668605
1.2368896,-0.090903096,-0.3535214,0.055509858,-0.219618,-2.2161841,0.864409,1.1658962,-0.40042478,1.1411877,-0.38826236,0.683315,-0.3125725,-1.1256847,0.85843503,-0.4103758,-0.6995796,-1.1015716,-0.16346143,0.1426185,1.1141834,-1.1589878,-1.794479,0.29189602,0.7855585,0.6141547,-1.6310492,0.49719426,-0.065366596,0.7570116,0.6389556,1.6349592
0.3768065,0.47850513,-0.5695363,-0.7653212,-0.38739413,-0.43898785,0.38937113,-0.28835374,0.67444515,-0.34093076,1.0502558,-0.54901874,0.66473716,-0.22021031,0.790481,0.14892553,-1.0496008,0.35188833,0.6466079,-0.32974464,0.6986795,-0.49086976,-0.6019497,0.902119,1.7121484,-0.9820078,-0.38994792,0.016269535,-0.8238437,0.28917786,-0.42273527,-1.0782676
-1.3314455,0.05582917,1.9731983,0.7060301,-0.8700569,1.0544015,0.72875816,-1.5913634,-0.8356143,0.69463575,-0.5360669,0.2389063,-0.59118414,-1.142714,0.9109708,-1.5146098,1.2670568,-0.76203513,-0.77801925,1.355701,1.1954639,-0.48540813,-0.3896687,0.53065014,-1.2164438,0.00847397,0.87273407,1.24737,1.2572855,-0.0416313,0.46015194,0.8024552
-0.04418589,-0.3549239,1.2803199,-0.078069925,1.3425412,0.5164583,-2.2081323,0.81938386,-0.60316235,-0.7745253,-0.9453989,0.5543614,-1.727366,-0.450326,1.0019822,0.3984342,0.22094235,0.6205817,-0.9129971,-0.7392565,-0.13892865,-0.16068903,-0.5209062,0.48589492,0.92862236,-0.35108346,0.40009087,-0.67026925,0.4350002,-1.4505596,0.4619168,-0.2893085
0.8224851,1.2930257,-0.19925793,0.89815605,-0.97419155,0.38179147,0.6841314,0.54122573,0.4762844,0.2870256,-0.50373435,-0.710409,0.20218204,0.016675353,1.6166325,-0.13000707,-1.7470642,0.3568249,0.5370246,1.6644111,-0.25623465,-0.5066942,-2.250791,-0.55002177,0.58441246,-0.6726514,0.8093325,-1.0429499,0.3632933,0.80031294,-0.37950045,-0.94316775
-1.691989,0.858511,0.093927056,-0.59363467,0.12970404,-1.1274903,0.014504779,0.22798629,-0.73538315,-0.30662024,0.3613259,0.91493136,-0.85897917,-0.6480644,0.10667285,-0.60536253,0.13413349,-0.5610837,-0.92347467,0.6749963,0.3559724,-0.45930535,-0.29940313,-0.15273194,-0.22034967,-0.46382147,-0.30684924,-0.3350516,1.292796,0.54111564,-1.5716969,-0.10156523
0.5566571,-0.6227515,1.0994301,0.285408,1.450649,0.54642546,0.5737378,0.73158103,0.21670327,0.2708507,0.0020433813,-1.2503603,-0.55479336,0.33040935,2.0114844,-0.8808917,0.4741192,-0.13903558,-0.038239904,-0.14316598,-0.8529943,0.096331924,-0.68955666,0.7892819,-1.39994,0.17154153,0.12775417,-0.05038043,0.08666995,0.5826707,-0.11880098,0.2834717
0.2128716,0.6940181,0.007816151,0.6292565,-0.12652278,0.08559765,-0.609306,0.2736924,0.6211055,0.41519934,-0.23161954,0.21388018,-1.1607387,0.19329397,0.8843557,-1.1543305,-0.3370438,-0.5290015,-0.915781,-0.42788783,-1.3478856,-1.6075972,-0.9637605,0.29447293,1.164194,-0.07684477,-0.18314022,-0.9254235,-0.41574675,-0.5269749,-0.20716715,0.22073649
-0.46695784,-0.58314466,-0.62986284,0.90911484,0.22686899,-0.31779754,0.8457622,0.22398387,-3.117178,-1.1161777,0.3339372,-0.4330828,1.8098686,-0.09696722,0.31343734,-1.5286655,2.086347,0.10346311,-0.17065674,0.8750237,1.3074756,-0.4376491,0.7882346,-1.6113646,0.28387305,1.5536766,1.1166878,-0.10454321,1.1862407,-0.8944211,-0.74625874,0.920669
-0.07546216,0.6579196,0.21297769,0.93418634,-0.9466994,-1.6579847,-1.845175,1.6201916,1.5936702,-0.8727044,0.8306924,-0.26944673,1.540489,-0.7523625,1.8942981,-1.2352401,-1.3559,0.92887354,0.8036141,-1.5136194,-1.5624969,-0.9117634,0.28980964,1.2857718,1.2167635,0.26058954,0.10269303,0.2861602,1.2114351,-2.250843,0.22202422,0.50022966
0.74432695,-0.88706064,1.5951376,-0.20270711,-1.7533317,0.72913444,0.8512558,1.1376984,0.43260425,0.60361326,0.07707433,2.13141,0.1368265,0.3121779,1.7687991,-1.830642,0.5396516,-0.96336997,0.79269505,0.024701998,1.7793725,-1.4653878,-0.7171281,-0.59646755,-0.6452913,-0.044842273,1.101461,-0.39144275,-1.1467261,-0.16403022,-0.23207073,-0.49220344
-0.16036701,-0.28081393,0.07266568,-0.009022564,0.7586524,0.05979208,0.68352735,0.54311687,-0.6420839,-0.3484261,-0.1371759,-0.30271614,-0.6386068,-1.552769,0.3400573,-1.0454721,-0.26671982,-0.8625792,0.35845554,-0.3710752,-0.805756,0.47405934,-0.1356498,0.3508125,-0.8404956,-0.00418445,-0.18694171,1.703387,0.85082364,0.29610297,0.1314174,0.18408051
-0.7143275,0.82949615,0.2840799,0.5690743,-1.7658985,-1.2609744,0.10473359,0.81089187,-1.7742894,-0.23152448,-0.471913,1.1057779,-0.3483067,-1.5326197,1.5159853,0.6744806,1.259295,0.3180047,0.29288328,0.30785453,0.0814978,-1.7673357,-0.6581981,1.0401752,-0.26330096,1.3428566,-0.281665,0.22128864,1.3627192,-0.58739746,0.6767204,-0.7630409
1.56545,-0.68640244,0.7951944,1.5519413,-0.27668664,-0.29765463,-1.323151,1.3723173,1.0691303,-0.32022595,-0.24940282,0.8009212,0.23855036,-1.0932345,2.0374649,-0.36802694,0.46287817,-0.22341369,0.14681649,0.5490551,-1.568559,0.16359171,-0.70507574,0.7804142,0.8007858,-0.71749413,-0.23882693,-1.1375601,-0.5518412,-2.0230415,0.274688,1.0128217
-0.25638047,1.4118626,-1.0807583,-1.4235446,-0.18843041,-1.5487306,1.2598698,1.6604042,0.39537674,-1.0651244,1.5144367,0.5135988,-0.6316735,0.3963759,0.8444235,0.14021377,0.32200295,0.26583344,-0.07212027,1.6132064,0.27240053,1.7202563,-0.92375684,1.6077383,-0.97477055,0.6366669,-2.0643609,1.1680274,0.16978183,0.020334393,-0.79275334,-0.48612872
-0.12469027,-0.06805202,0.2536161,-0.44490683,-0.55034935,0.23467575,-0.008762687,1.2936581,0.17460915,0.044759043,0.18349144,-0.26462868,-0.3841784,-0.4359333,0.7275188,0.4802577,-1.4324656,-0.44485423,-0.40276527,1.2982303,-0.09038016,-1.0500786,-0.7324685,-0.2178416,0.8818489,0.20340502,0.002816029,-0.08067697,-0.36089984,0.97956127,-0.22988877,-0.19822052
0.091118306,-2.3506243,-2.3437176,-1.223475,-0.43040884,0.4280399,0.67499405,-3.6668563,-2.476875,-1.5610247,1.2299364,-1.146368,-0.089649856,0.19531278,-1.1313827,-2.4459891,0.45616877,1.2589349,-0.93428123,1.9245219,-0.19923937,1.3971784,1.3567507,0.9518941,-0.028027207,-1.3758076,-0.9020816,-1.4196572,0.985721,-0.41915596,0.67572963,0.5459939
-0.75341773,-0.28120756,1.1827834,2.6796474,0.31918794,-0.7159105,-1.2716258,-0.8014199,-1.2687405,0.18381166,-1.4448769,0.34424296,1.70736,-0.13435473,-0.21231459,-0.48185384,-0.15714365,0.6785037,0.93066144,0.4597029,-1.269315,2.3492513,0.3147609,1.3643837,0.57987446,-0.8034835,0.3567419,0.83003026,-2.022799,1.7789645,-0.15924636,-0.47265366
-0.71168065,1.0399024,-0.13989612,-0.7174413,-0.4469001,-1.5799909,0.20543095,0.04127545,-0.71410954,0.8609845,1.0504347,-0.26696903,-0.21667156,-1.1836128,0.68647474,0.75135875,0.030910462,-0.124853924,-1.231132,-0.43894556,-0.5754743,0.28704715,0.6031621,0.254587,-0.23193422,-0.042384565,-0.024734795,-0.7375524,0.1390104,-0.014565662,-0.45422992,-0.099236615
-0.7380692,0.16297229,-0.03647247,1.2387879,0.78570783,-0.47293097,-1.4380028,-1.6119113,-0.09662421,-0.16536553,-0.30976897,0.21290958,-1.0557328,-0.5920256,1.1730747,0.863064,-0.17227921,-0.96933556,-1.0302043,0.67588025,0.90793073,0.37460208,0.10820514,1.346869,-0.42934883,-1.418952,-0.49741805,-0.9186074,0.6268351,1.7682846,-0.84998524,0.18944466
1.1024569,-0.54426813,0.98168427,0.24629791,-0.250443,-0.7374586,-0.63853735,0.4733326,-1.5099542,1.3149123,0.3713041,-0.6224046,-0.28398234,-0.72760534,0.31306183,-0.5127787,-0.087533146,0.050816566,-1.0405848,-0.1280855,0.41663682,-1.7659659,-0.4994486,-0.26412666,0.5243049,1.4975648,0.060076036,0.25981396,-0.52094924,0.47166675,0.28070074,-0.61376876
-0.66885567,0.2156549,1.0619948,0.38131616,0.9025975,-1.3882041,0.5706396,-0.4029704,1.2092686,-0.94887614,1.2606522,0.13962294,0.6308539,0.38143745,0.82469904,-0.35123312,0.08475294,-1.0932972,-0.18332973,-0.504434,-0.19339588,-0.1710747,0.82041866,-0.065027505,-1.4008952,0.34137568,0.41790974,0.6024506,-0.34924123,0.5715549,-0.39282656,-0.062510855
0.23575717,-0.7382751,1.0477445,-0.33549562,-0.29805744,0.1977865,-1.0757554,1.2391708,0.09163629,0.0710427,0.6038191,0.086679965,-0.27899858,-0.9131272,0.57035017,-0.8301884,1.0165298,-0.24201985,0.21065049,-0.47280574,0.3572884,0.8479617,0.13062203,-1.0807552,-0.67975295,-0.09815911,0.5852764,1.5911107,0.8450734,1.0265222,-0.06341087,-0.46042633
0.12165745,-0.29680753,0.5179992,-0.15881443,-0.21296307,-0.07350449,0.17547971,0.073955625,-0.2896807,0.98002607,-0.7293519,1.3584816,0.60918885,0.41843742,1.4035363,-0.8093378,0.018512592,-0.6736284,-1.0634854,-0.76680136,0.29293573,-0.6960734,0.4287168,0.334419,-0.038701616,-0.80426586,0.8414143,0.2881533,-0.77228683,1.4932425,-0.5182117,-1.3737388
1.0574397,0.22690019,0.9519104,0.08017087,-0.24527425,0.06868768,-1.4464252,-0.29870525,-0.09552532,-0.21194848,-0.3649612,-1.6085712,-0.15095873,-1.4851978,-0.7560672,-0.15463385,-0.09176411,0.80802286,-0.18389338,-0.63733107,-1.1323667,-0.71642315,-0.07879711,0.90930855,0.021332536,-1.5667205,0.02679032,-1.5267243,-1.4338129,-0.8241947,-0.25003913,-0.40760905
1.1177577,0.045685798,1.5592092,0.49488944,0.12258916,0.8659644,-1.2609082,0.9656747,-0.18303822,0.40748382,-0.17390278,0.3744399,-0.38863876,-2.0519936,1.4267097,-0.24011439,0.22337222,0.43045,-0.7652408,0.064756766,0.6027608,0.19958809,0.09092696,0.8178721,-0.9988879,0.3449388,0.989192,-0.44472677,1.6030483,-0.4517362,1.1014411,-1.1472045
0.13767111,0.7136553,-0.1718655,-0.34097347,0.24320272,-0.94777066,0.38005313,0.51959115,-1.6442552,-0.19880368,-0.6966232,0.15576825,-0.104872674,-0.06619476,0.84690493,0.27628976,-0.54309154,-0.9459666,0.118700504,-0.5547538,0.39315817,-0.3045156,-1.045516,-0.49441266,-0.56888396,-0.0399511,0.46797585,0.0059824586,1.2937465,-0.7598987,-0.8156103,-0.39029437
-0.18731497,0.49371925,-0.44272262,-0.7053811,-0.9848993,-1.3002952,0.026180238,0.7089815,-0.1356804,0.7070945,-0.0945227,0.6509073,-1.170675,-0.22692412,0.1562774,0.06794608,-0.47679687,-0.45950568,-0.85613686,-1.0109904,0.60868347,-1.3348969,-0.5945898,-0.5586667,1.4638927,-0.87748826,0.64767075,0.3954373,1.104968,0.37112886,0.71305466,-0.3760404
-0.12774922,0.51472795,-0.5846553,0.6055036,1.0753839,-2.541759,-1.4657898,0.7713047,0.055945836,1.2060891,0.6377602,0.91605455,-0.54379535,-1.3231554,0.2884793,-0.32576936,-1.2267724,0.23138168,-1.1489905,1.2046465,-0.60572803,-0.24422903,0.41569299,0.73604393,-1.2617886,-0.034411717,-0.06885701,-0.5091789,-0.8397868,-0.1988729,-1.389123,0.96663
-0.2935921,1.31789,0.57963705,-0.04327539,-0.29879624,0.23503679,-0.1818375,0.2653605,-0.5281223,-0.31037575,0.3630131,-0.70869327,-0.26318902,-1.1538863,0.55925715,-0.6675478,-0.50928134,0.036055885,0.60082865,-1.4540944,-0.09022373,0.269772,-0.8656367,0.17458823,-0.34280163,-0.009520426,1.2009861,-0.31105417,0.06616488,1.4770539,0.14147922,0.13000625
0.21441288,0.31624147,0.46271038,-0.14599863,1.474736,-0.50541365,-0.6055759,1.0197132,0.27022594,-0.4827212,-0.5213768,0.035066783,0.21637654,-1.0638974,-0.013386272,0.07611406,-0.6237785,-1.4978172,-0.04343699,-0.7713222,0.32425588,0.21931778,-0.10403118,0.879182,-0.28201783,0.2067184,0.36700654,0.20768255,1.8055329,-0.7079746,-0.43119332,0.6253526
1.1392958,-1.1152656,0.734948,0.63498276,1.3137319,-0.6337311,-0.7111653,1.0910602,-0.6398249,-0.27230293,0.88791615,0.07985957,-0.77235776,-0.30011368,1.5978765,0.10424538,0.65209174,-0.33131903,-0.46984765,-0.77015775,-0.16966313,1.1702771,0.4191919,-0.05232518,-0.5929465,-0.6740185,0.19695918,-0.2558172,-1.2439349,0.5866438,-0.34860182,-1.3446913
0.008845076,1.0199323,-0.71249557,-0.31075722,1.2482278,-0.06096488,0.8615612,-1.0569594,-1.1556662,-0.14931235,-0.9151315,1.2374632,-0.2980679,0.3239837,-0.69547564,0.34222066,2.299436,-0.5277778,0.34690437,-0.0014747381,0.4642692,-0.37703484,0.87174046,-1.006147,-0.30553702,-0.73419625,0.947582,-0.19515136,-0.62149644,-0.73349595,-0.7464616,-0.4894907
0.34946924,0.7588716,0.4093647,0.25097907,-1.1842377,-0.00830555,0.09828597,0.08446932,-0.6119878,-0.15567078,1.7673011,0.33192846,-0.68426704,0.69676286,1.9024199,-0.5366932,1.2369581,-0.83944696,-0.6258944,-0.8333839,-0.061177164,0.82727385,0.7804072,0.16208744,-0.03563337,-0.44278353,0.9970695,-1.139421,-0.59456277,0.3721885,1.288605,-1.0261662
0.9355749,-0.25398874,1.9862962,-0.85944647,1.0394099,0.77630794,-0.092846274,-0.14997882,0.018019758,-0.09429735,0.78105295,-0.29911736,-0.85289496,0.07050838,0.530316,0.41947094,0.14234649,-1.3490976,-0.6218301,-0.23891863,1.6119322,-0.407522,-0.72748494,-0.2029585,1.746339,1.6905766,1.9300392,-0.50057936,1.58395,0.6409823,-0.7187497,-0.13930584
-0.44565517,-2.3791695,-2.7024832,-0.8612225,-0.30987144,-0.18647063,1.1208687,-1.3275778,-2.000226,-0.92501724,1.8576995,-1.6174473,0.73002577,-0.9869786,-1.1051362,-0.906996,-0.012457818,1.2549648,0.21797532,2.2651956,0.1219791,0.13680153,2.304049,0.3161083,0.10823807,-1.7735097,-1.223705,-0.8712002,-0.83322346,0.082349055,-0.28344974,0.9433571
-0.18625331,-0.6537614,0.38387203,0.21096158,0.113362774,-0.17085552,-0.34978473,-2.0683584,0.554865,0.13133705,1.2267448,0.39883623,-0.8285299,-0.11672692,0.3613922,-0.0812754,1.4317629,-1.4649013,-0.8983271,-0.4388698,-0.44789124,-0.2910129,-0.7232635,-0.015309535,1.365139,-0.4797982,0.63981307,0.8951322,1.1729608,-0.058577865,0.5484901,-1.717576
-0.369674,-0.93502295,-0.6891452,0.46197784,-0.32004696,0.11545798,-0.17570154,0.66400564,0.8410657,0.7102992,0.71287656,0.6889105,-0.6498643,0.9753948,1.2865417,-1.8259039,-0.25384814,-0.7970642,-0.35286707,-1.3919933,-0.987772,-0.5819011,-0.44586697,-0.16459846,1.5806031,-1.0388079,2.090422,1.0653067,0.21606544,0.045080483,1.9466078,-2.5673451
0.12996283,0.6770267,0.23293625,-2.855403,-1.2961454,-0.6832832,0.20766851,0.8899564,-0.23494795,-0.26271725,1.1190171,1.0385933,-0.44036272,0.6161834,1.072793,1.1933751,0.8290317,0.16870046,0.12695661,1.4762768,1.8452195,0.6162597,-0.51893973,-0.2609333,0.9378914,0.68725663,1.2401371,2.0598557,-0.49509907,0.20430475,-0.8930762,-0.9979023
0.7053423,0.59291184,1.3428445,-0.59376657,-0.008689925,-1.9719529,-1.0173098,0.40682414,-1.0487182,-1.0472193,0.27287397,0.04106529,-1.0341135,1.63949,0.7877269,-0.19511642,-1.4853609,1.5756488,0.16921511,0.618972,-0.4791955,0.5196559,-0.43491518,2.09262,0.29376626,0.46165335,-0.77910423,0.50483686,-0.4962294,-0.24037564,-1.2346761,-0.7323209
-0.2676487,0.25704318,0.5063957,-0.9213391,-0.2849771,0.71139115,1.564857,-0.0061852112,-0.18855852,-0.66504574,-0.7114036,-0.6087059,-0.24071288,-0.6502731,0.0636538,-1.4409012,-0.35114014,-0.12744114,1.0315046,-0.081346415,-0.6342378,-0.01893717,-1.5756925,1.7182834,-0.72642916,-0.629946,0.52403176,-0.3083114,0.54896754,1.0991787,-0.8632247,0.3431787
0.08247161,-0.5030713,0.39275667,0.5933334,-0.8266977,-0.08036426,-0.29813027,0.8132744,-1.2866232,-0.784899,-1.58495,0.9893154,0.8046495,-0.69674426,0.03464648,-0.49480712,0.64689624,-0.70476174,0.046906143,0.1496646,-2.4423137,1.0951327,0.10712434,0.43690905,0.79381406,-1.434117,0.8026223,0.71201384,0.67278874,0.14616576,0.06952581,-0.14959508
0.0020443052,0.31124926,0.019398168,-0.469735,-0.13997322,-0.92507756,-0.014601171,0.379395,-0.047958814,0.8387579,0.74492735,-0.24509063,0.3561128,-1.4622011,0.9767375,-1.2445681,-0.66673696,-0.8157598,-2.0616164,-1.7870955,0.37324017,-1.4943218,-0.8541144,-0.06949353,0.09092504,-0.15542346,0.6979697,0.7493789,0.88897437,-2.3657472,-0.2293582,-0.60858095
0.01242058,-0.053524166,-1.0509772,1.3066078,-0.62138534,-1.0725669,-0.5767989,-1.0156083,-0.27304903,0.19994088,-0.36386943,1.1607871,0.320437,-0.55528814,-0.20932023,0.62464035,1.3286371,-0.48906288,-0.044708624,0.123371735,-0.28556374,-0.20152953,-1.1003746,1.645577,-0.40068686,1.4505197,-0.3666613,-0.084683165,-0.6982329,-0.79734325,-0.12634405,-0.010866076
1.415774,-0.09520373,1.3660815,1.1112614,1.3558272,0.76587117,-0.7326294,0.74290574,0.007821254,-0.3991552,0.42750317,-0.99049616,-0.7306536,-0.29880136,0.8726398,-1.1703559,-0.4666401,-0.8711415,0.08832975,-1.3363148,0.21047617,-0.47804886,-0.45313835,0.04116834,-1.1244226,0.008800745,1.0646938,1.1572418,0.58425206,-0.28364098,-1.3168049,-0.042680487
1.3756142,0.55683076,-0.050095357,-1.0607309,-0.58589345,-0.35262716,-1.0673968,-0.96384555,-0.15519218,1.2073764,1.1195076,0.34188724,-1.0991285,0.3942731,-0.092702396,-1.7682064,0.6460163,-0.68437225,1.2869297,0.13353571,0.5655087,-0.07996122,-0.82530034,-0.22313015,2.0816474,-0.50539184,1.9534802,1.5655534,-0.1285229,0.4778852,0.017419532,-1.546233
-0.10867125,0.09789793,0.2594117,0.27728182,0.12380254,0.43635783,-0.4144096,-0.388016,0.0346646,-0.37201968,-0.7065819,-0.04139188,-1.0372214,-0.611572,1.6732961,0.284097,0.9542583,0.042280197,-0.13459207,0.8253509,0.49472272,-0.08634816,-0.5690881,0.10457669,0.60794586,-0.23010752,0.45062083,-0.58830184,0.55443037,-0.70446944,-0.6482638,-0.7697266
-0.6754793,0.8294103,0.18412548,-0.05289555,-0.53536963,-0.11258677,-0.8274574,-0.10384187,-0.6260133,-0.32195207,0.9555162,-0.93119866,0.114055485,-0.76634234,1.1567762,0.75110227,-0.4777707,0.6051762,0.05030726,-0.21965553,0.036417235,0.4429868,-0.97965884,0.28154203,0.37761343,0.31602824,0.34696501,-0.36761537,-0.07040563,0.71343505,-0.025253348,-1.5127399
-0.29400706,-0.81407195,0.6201266,0.37556356,0.6353729,-0.10986559,-1.4131391,0.7524439,-0.45562816,-0.8456851,-0.5900409,-0.09955773,0.7875831,-0.4232363,0.17228831,1.634976,-0.4358575,-0.65506876,0.8295334,0.22647607,-1.4466653,1.011382,-1.6069715,0.041653022,0.5105048,-0.16040146,0.68396926,0.090450615,-0.8624511,-0.16146398,0.0028731525,-0.72436243
-0.009116262,-1.9406471,-0.5953387,1.1544585,-0.45569357,0.34195325,1.6845131,-1.924058,-2.3296065,-0.70615804,0.27859145,-0.71244884,-0.3247454,0.02351594,0.49159533,-2.0118818,0.5975195,1.293416,2.0622177,-0.8314692,0.2682847,-0.51408374,1.1398132,-2.1611698,2.1914372,0.027406558,0.19628276,-0.7766129,-0.10466665,-0.50481117,-1.9284813,1.243223
1.4491453,-0.4255445,0.96631765,-0.79894483,0.54062986,-0.6383548,-0.014935456,0.107423395,-1.6818442,-1.2254738,0.81639224,0.6180537,0.50346583,0.08385821,-0.384962,-1.0720416,-0.4237886,-1.3117892,-0.5985731,0.020796597,1.1536998,1.2194018,-1.4543576,1.0056537,-1.535222,0.16890183,-0.34864563,0.87596107,0.63770545,0.1626706,-0.9393642,1.0884488
-0.11449349,1.262842,0.68611014,-0.25303087,-0.38894564,0.42729616,0.8975448,-1.1878216,-0.38695252,-1.176005,0.24377193,-0.55967903,-0.28043872,0.3012813,1.4921935,0.43137452,0.048287004,0.10422994,0.14385463,-0.19595592,0.00063442066,0.80680823,-0.72842467,1.2135748,0.35490823,-0.61676544,0.9671538,-0.097468846,0.6094738,0.97641444,-0.15701579,0.09656153
3.0967193,1.9921141,-0.5610774,3.2630558,-2.299769,1.0079852,-2.850208,2.3195105,0.56785035,-1.5640976,0.29094845,-2.4548197,0.18857244,-0.1562761,-1.7689695,-0.84127396,-0.30963105,0.936908,-0.2992757,-1.829268,1.0856946,2.0480967,2.094997,0.013495341,-0.88890994,-0.3453934,-2.2609577,0.679069,-1.8494294,0.21386255,-1.3397241,0.26806033
0.84168464,0.48944497,-0.11374737,0.39334494,-0.0053298324,0.050330505,-0.48602346,-0.326832,-0.49916238,0.6288637,-0.47903955,-0.27442247,-0.55750126,-0.7377615,1.2789028,0.69414425,1.5156975,-0.46790773,-0.43712723,-0.5812546,0.84082043,-0.08055791,0.41966814,0.6395539,0.35078153,-0.3738567,0.23216864,0.31024176,0.35612503,0.7377436,-0.26371855,-0.34190735
0.27987623,0.60662335,-0.68169796,-0.8401617,-0.14351116,0.7523063,-0.27266288,-0.61000246,-0.35839874,0.48545462,-0.6303339,-0.73430777,-0.42258784,-0.14498784,0.14728382,-1.3858795,-0.43685377,-1.0203416,0.75266635,0.3319415,0.11051142,-0.18007264,-1.5000051,-0.05151686,0.15475547,-0.6916644,0.12774944,0.6670356,0.62353003,0.5759227,0.36980128,-1.0526273
-0.13235018,0.39666864,0.023493346,0.56264067,-1.0780326,1.0584917,-0.24775738,-0.29293552,-0.5364903,-0.29273778,-0.38946113,-0.0152720325,-0.18837273,-0.7022476,0.8837316,-0.1549736,0.14377606,-1.7630008,0.5508434,0.05239504,-0.4485439,-0.030779436,-1.0539412,0.5182986,1.3367124,0.70191145,0.7645,-0.31869814,0.96441776,0.2348829,0.5048869,0.23286813
0.8648811,0.6569655,0.17219327,-0.7454097,-0.12763269,0.63762975,-1.0351347,-0.08909252,-0.0031799916,0.18217637,0.6854659,0.059341997,-0.025090875,0.319098,0.55562794,-0.08431244,-1.6209621,-0.10588451,-0.11191,-0.5809652,0.82669723,-0.24811196,0.16180888,1.2239506,1.8394517,-0.15218154,0.84545696,-0.5928255,-0.6371065,0.62968624,0.8634754,-0.27820122
1.3480766,0.32394147,0.99867415,0.9616943,-0.54176396,-0.020101428,-0.95961714,0.9232491,-0.2912053,-0.3022293,0.9093328,0.1945504,0.29184985,0.72936535,1.5054026,0.38673252,0.72189754,-0.2610796,-0.18576247,-0.1908471,-2.4688275,-1.5508945,-0.54467106,-0.010077268,0.011560112,0.029361486,0.25447237,-0.67893684,-0.2844499,-0.26222485,-1.5327215,1.0923228
-0.6735657,-1.1750517,0.17325509,1.9284217,-1.0654222,1.649725,-0.6841319,-0.41845658,-0.25932166,0.8854674,1.4520566,0.34421065,0.31391656,-0.8591473,0.6475996,0.06791748,-0.41596463,-1.5502717,0.36269572,-1.2217011,-0.6886832,-3.0627303,-1.1220297,-0.038997263,-1.3150797,-0.11760506,0.78148186,0.9062982,-2.4599438,0.48766807,0.20765837,-0.18627404
-0.6263721,2.2323513,-0.37083516,0.08927617,-2.4123645,1.8805852,0.74066824,1.3789757,-1.2020118,-1.48306,-0.82727665,1.9511235,-0.01743038,1.207922,1.7460824,-0.3883211,1.2804759,2.5871563,-1.9310653,0.37993833,2.1437624,-1.2542596,0.8383381,-2.211494,-1.8915316,-3.1613264,-1.4565451,-0.6849981,1.380235,-0.7577078,-1.8310143,-0.43393436
0.8100241,0.8498312,-0.957193,-0.58978987,1.3996191,-0.48419267,0.49766946,0.33457577,-0.15797493,-0.6098151,-0.5384825,0.27555335,-0.094817996,0.13203216,-0.19837932,1.3535336,1.85021,0.7531705,0.8638142,-1.3315935,-0.5537137,-0.8007451,0.56787515,-0.6055217,-0.900441,-0.102093846,0.8918467,-0.1431874,0.1371603,-1.0161347,0.04020776,-0.6132803
0.7011637,0.29119593,0.6754942,-0.801979,-0.78305995,0.44703582,-0.22276086,0.56855047,-0.12733306,-0.35340363,0.3458518,0.6319637,-0.9341626,-0.23949304,0.6668144,-0.7148237,0.2820032,-1.7979833,-0.15267769,0.3034249,0.39292574,-0.58928514,0.3184495,0.077029586,0.5453254,-0.2857589,1.2032406,-0.116774775,0.42033145,0.83313096,-1.4233,-0.36476353
0.43510795,-0.13922772,0.18158114,0.71618116,2.0611959,0.11287457,-1.2858713,0.04502496,-0.94141406,0.38621277,0.5500836,-0.9929496,-0.9154365,-0.35466188,1.4445678,-0.20832151,0.37723714,-0.3855901,-0.27493536,0.4050492,0.41830415,-0.13427728,0.08876751,0.030967701,1.3500336,-0.91114366,0.10199854,-0.12998468,1.5598238,1.2079499,-0.05227776,-1.0160756
-0.48269838,0.3611652,0.37703925,0.4883898,0.19974889,1.3936224,0.47977325,-0.7632002,1.1106523,0.29740515,0.109348215,0.031319395,-0.14301334,-0.57640177,1.2027981,0.7230438,-0.89458585,0.37032995,-0.16094679,-0.7741288,-0.90272063,-0.79979724,-1.0973754,0.52755654,-0.4104257,0.6207629,0.21708451,-0.7045449,-1.2567308,1.1712965,0.5410061,-1.238989
-0.72205687,0.6395322,-1.6256032,0.87027967,0.7657671,1.7512149,-1.441668,-0.6053001,-0.87525135,-0.91103274,0.08990471,-0.18391772,0.00220564,-0.29072964,2.315927,-0.4649044,-0.45267785,-0.29777503,-0.6569637,-0.123620585,-0.7523202,0.32676804,-0.92305726,-0.068935625,1.159119,0.31765175,0.44209808,-0.4264124,0.8427857,0.35897356,1.8922322,0.4211512
-0.9000929,0.2838334,1.0811911,-0.3078458,0.7256882,0.47967386,-0.0017777383,-0.06299979,0.14943445,-0.0027845725,0.23576437,-0.28373766,-0.6012535,0.21849294,0.48834026,-0.60844123,0.40379885,-1.1943282,0.15862513,-0.45207882,0.38674992,0.10676113,0.12017204,0.47959837,0.7503978,-0.24351749,0.64730483,0.115337655,-0.8486067,0.73070073,0.15840897,-0.04439795
0.7450895,0.40842807,0.7580296,1.1686635,1.1853356,-0.42401558,-0.44363457,-0.27530137,-0.53401136,0.3947582,-0.12667352,-0.8882257,-0.84309924,-0.22696012,1.6021863,-0.042416066,0.298564,-0.953984,0.14411569,-0.6848781,-0.25922793,1.052499,1.0617825,0.074444674,0.26880342,0.15227261,0.60926056,0.022559755,-0.33421504,0.5817532,-0.20081101,-0.27458045
0.5793963,0.21173277,-0.039882824,-1.3457195,0.75857866,0.6220029,-1.3053616,0.8418789,-1.010193,-0.7464286,-0.24124196,-0.67484486,1.4192492,-0.89822805,-2.128753,-1.2525028,-1.0685433,-0.75035024,-1.6611412,-0.6946132,0.38949418,-0.9342723,-1.6347482,2.7105274,-0.115403146,-0.12184155,0.6325282,0.20341253,0.09152326,-0.14972937,1.5049318,-0.65445256
0.4704271,-0.16814728,0.46250653,-0.7762536,0.5816612,0.06408781,-0.7488565,-0.19167003,-0.45323813,-0.3786531,0.53632176,-0.55228263,-0.2797524,-0.005911894,0.94564897,0.40174267,0.7367461,-0.97202843,1.0647897,-1.0589938,0.3974898,0.23776889,-0.64938986,-0.5668292,0.325322,-0.012393683,0.08916409,0.3673753,-0.17119758,-0.44690898,-0.38175333,0.62356734
0.3022737,-0.68333113,0.32562938,1.4279182,-0.63060856,-0.004316533,-0.417601,0.99557906,-1.7362319,-0.44166744,-0.81020045,-0.7659491,0.48153952,0.41015428,0.9910286,1.9666624,-1.0033432,1.0766852,0.15365145,0.28458878,0.20973499,-0.8616823,0.053757153,0.19717753,0.26266593,0.03481798,0.7865093,1.0831199,1.4334188,0.053773552,1.2040491,-0.6521747
1.4222504,1.0691361,-0.40791917,-0.4523632,-0.45224357,-0.525911,-0.21781564,0.9243813,-0.8864062,-0.6362504,1.0761392,0.4008199,-0.6017783,0.38079602,-0.1981103,-0.9118526,-0.2417213,1.000535,-0.07755265,0.024846196,-0.35471916,0.79818887,-0.4498114,1.1392374,-0.416641,1.2564467,-1.3042104,1.3764424,-0.23175418,-1.2061367,-1.315882,0.5582497
2.185861,1.792381,-0.57012886,0.095918775,-2.4754236,0.13491929,-0.79593873,-0.19735758,1.1409746,-1.1232953,-1.4423125,0.81073093,-1.9936529,-0.9231201,-0.41422352,0.76936376,-0.51681936,1.0071322,-0.18370222,-1.7720516,0.9592768,1.8608193,2.8787947,-0.6249647,-1.3304411,-0.8090655,-1.6015465,-0.5774308,-0.10216802,0.8853055,-0.8403449,0.5954818
0.54384106,-0.15720376,-0.27708572,-1.0954881,0.74988675,-1.0249091,-0.6504942,0.4861217,1.3868225,-0.056872733,0.9327065,-0.42305928,0.9708898,-0.6482831,0.776479,0.05537288,-0.041754067,-1.2977237,-0.20561995,-0.85568386,0.13068482,0.24027784,0.28243378,0.7986023,-1.5369668,-0.43462574,2.127586,0.79472035,0.31318328,-0.28118843,-0.058898054,0.26475394
-0.65087557,0.27308515,-0.3820209,0.94321823,0.72442305,-0.37578416,0.57783926,-1.3138568,-0.1522709,1.237941,1.7610428,-0.20304203,-1.1488212,-1.3042918,0.38851812,1.0294627,0.35341758,-1.3178613,-0.76124257,0.611709,-0.080595195,-0.3338591,0.39716387,2.2628922,-0.16080274,1.2405417,-0.8128242,1.1468052,-0.020688236,-1.084094,-0.6160755,-0.37063658
-0.7247746,-0.3063082,-0.5754442,-1.2246197,-2.078574,-1.1138552,-1.0669934,-0.23967537,0.40567276,0.96867454,-0.7916733,0.0015924275,-0.8929213,-1.781422,0.7172791,-2.0418525,0.8170128,-1.6042244,0.8948201,1.0118473,0.056605823,0.01567483,0.08358993,-0.57484496,-0.90039253,-0.91432136,0.08629182,-1.8700676,1.0228504,-0.05621511,0.44311854,-0.42171335
-1.8103842,-1.8678384,-1.032344,0.6055384,-0.40105563,1.5028944,0.6881571,-0.6552805,-0.85362315,0.45994428,0.9928276,-1.2807333,-0.9929619,-0.102151096,-0.40713578,-0.43150848,-0.7960694,-0.32035798,0.41536006,-1.3514292,-0.45701164,-1.5714341,-1.1129367,0.017400444,0.33777893,0.9624794,0.1260387,1.4380879,-0.61255723,0.9568305,0.8826035,-0.5748251
-0.21979262,0.85217494,1.1858177,0.8854922,-0.4209868,0.090892196,-1.2809463,0.041400895,-1.9844832,-0.21861142,-0.28152996,0.95778143,0.6388509,-0.27488405,1.3959266,0.5629009,-0.88053375,0.7163912,-1.2314712,0.19657579,-0.6084342,-0.7456968,-0.708917,-0.017410249,-1.0475569,-0.1497414,-0.11356138,-0.24616092,0.77664244,-0.034030512,-1.1070833,0.7697382
-0.7776096,-1.5380361,-0.15571539,0.4901007,-1.1467613,0.90706503,-0.20422085,0.4485646,0.22751464,-0.3768015,-0.42344856,0.47878915,-0.06559551,0.31116742,1.0418096,-0.5097195,0.8592447,-0.8900646,0.25860474,0.42720282,-1.3461902,-0.35519826,-1.1416382,-0.43531466,0.19372913,-0.24951188,-0.60216486,0.42957708,0.83248127,0.38683835,-0.5392355,-0.7449677
-1.1526662,-1.3027922,0.72523296,-0.41336825,0.83412904,1.5362663,-1.0601339,-0.13558903,1.0595744,0.23816186,-0.30674964,-0.15813422,-1.0134969,0.025088042,1.3913375,-1.8748431,0.47046244,0.3641572,0.44687703,0.6484773,-0.3720929,-0.7988254,-0.8600651,-0.15172392,-2.6152918,0.79682887,0.44313926,0.47362584,0.5116041,-0.14284235,0.14876117,0.27055043
-0.20644622,-0.6932388,1.2874556,1.161306,-0.34848222,1.162934,0.4463665,-0.49433872,-0.7891226,0.19561833,0.013737086,0.8909372,-0.9178436,0.59834033,0.9044261,0.05398298,-1.0869759,-1.2994275,-0.8692447,-0.49180177,-1.0072792,-0.35681474,0.6687561,0.6756896,1.8797411,0.22238696,0.8458841,-0.48059726,-0.7038262,-0.7677672,0.36984736,0.21413326
-1.3326573,0.40191114,-1.4810622,0.19334361,0.08826683,1.2763267,-0.43537456,2.5523686,-0.66939104,2.370859,-1.5874195,0.13711518,0.4250417,1.9562938,-0.006867565,1.9619145,1.1221075,-0.652771,0.300944,0.13671437,-1.562191,2.235457,1.1758479,-1.7490766,0.28448674,-1.9256623,0.5968524,0.5110504,-1.1582705,0.29582167,0.38010967,0.5768918
0.19621038,0.44521964,1.0398719,-0.4845305,0.053221624,-0.31643945,-0.23373562,0.35385057,-0.25040692,-0.4775254,-0.17611928,0.10560489,-0.32066265,-0.11326988,1.5102698,0.26855925,0.17153142,-0.2938701,-1.4623666,-0.6806085,0.16839346,-0.33428535,-1.0139337,-0.68866175,-0.54603404,-0.07050337,0.51006615,0.47004884,0.9220742,-0.7247061,-0.21217999,0.5754039
0.051506713,-1.0107169,-0.20450494,0.34653005,-1.0203451,-1.2562878,-0.953794,0.6391345,-0.58784515,-0.6676965,0.74982023,0.35236326,-0.7728869,-0.7586005,-0.17216928,0.36347768,0.15771723,-0.55596787,-1.462675,0.8832953,0.5608929,-0.5789689,-0.78569084,0.28980532,-0.67194575,-0.33794373,0.2204707,0.57305944,1.2619134,0.09046963,0.7657651,-0.143745
1.8260667,0.26408127,-0.3251955,-0.9577396,-0.87925243,1.5990865,-0.83395386,0.9643684,0.8424592,-1.702081,-1.8018348,0.67754394,-2.019851,-0.6584878,0.68390894,-0.0041858405,-1.483788,0.4209882,1.4245653,1.2944956,0.6200141,1.5706706,1.6549163,-1.4273918,-0.14307807,0.65693265,-1.8394599,2.3346417,1.0268837,0.8740287,-0.73406297,-0.38390815
0.056714293,-0.08110691,0.24307457,-0.6715752,0.58499527,-0.36905408,-1.3276765,0.4857728,-0.5557363,0.28957078,-0.50002843,0.506694,-0.408344,1.0535622,1.0723553,-2.4149141,1.0479895,-0.74362826,-0.1904032,-0.9749031,0.25348088,0.02956393,0.25470006,1.0654709,-0.27195263,0.5499667,-0.7586233,1.05576,-0.08039133,1.6972758,0.44447917,-0.4019407
-0.56047297,0.5223768,1.0772822,-0.2414293,-1.6666384,-1.110381,-0.92708623,-0.20122403,-0.27698937,-2.0821614,0.4322605,-0.37578616,-0.922925,-0.7712914,-0.5792941,-1.1337357,0.9382985,0.7891628,-1.3420675,2.5379865,1.4087301,-0.55412203,-0.89165807,-1.0624796,-0.7893042,0.23255177,-0.12418355,1.1610721,-1.5809044,0.700121,-1.2894821,-0.5823908
-1.1464324,1.3826194,0.5303056,0.50718534,1.1740881,-0.86610204,-0.97605276,1.5749516,1.8234468,0.6782486,-3.3959768,-1.0661501,-0.7376404,0.14953825,1.7481091,-1.890661,-1.287918,0.8937264,-0.5889684,0.7858214,-0.8002802,-1.9816896,0.59007174,0.05978673,-0.8248061,-0.3940682,-0.5202956,-0.8098948,-1.0478883,-1.2424982,0.67928857,0.37607998
-0.65544546,-0.4550007,0.30445564,0.22099128,-0.30012077,-0.33594677,-0.71847475,0.0019440949,0.37073267,-0.45635778,-0.077732794,0.014083996,0.16446564,-0.48705536,1.2507341,1.2138001,1.0815887,-0.08904573,-0.9237939,-0.22967474,-0.42508125,0.6958936,-0.15468332,-0.047094822,0.62411755,0.34427896,0.13960251,-0.20724279,-0.029195964,-0.13486007,-1.3352108,-0.12885642
-0.03342569,-1.3602157,1.6960512,0.22717309,-0.55174947,0.030788012,-0.48674202,-0.4818968,0.2351143,0.13624185,-0.22303542,-0.94570446,-0.77068627,-1.3966721,-0.06281282,0.2818157,-0.39505693,-0.59256834,0.85038465,-0.26708528,1.6251825,0.87809855,-0.86096406,0.7130041,0.14942025,-0.57498074,0.48941797,1.2330892,0.85824263,-0.2710554,-1.0793043,0.61869246
-0.49095148,-0.7285496,-1.4616883,1.1045297,1.0475742,1.1263804,0.41050488,-1.7236845,-1.653172,-1.6278384,0.30074674,-0.042313784,0.50513333,-1.4128093,1.3373842,-1.3168962,0.2872498,0.21403593,1.4871364,2.275301,1.298809,0.550481,0.9539839,-2.3075056,2.2266748,0.0064167827,0.18821445,-0.57371587,0.73217064,-0.2197369,-0.68467015,0.18433683
-0.71172035,-1.6010714,0.09694285,-0.07463387,0.4306957,-0.33271843,-1.5574384,-0.8475223,0.80501235,0.74424666,-0.9840975,0.3389865,-1.5805359,0.9054239,1.1164505,-0.002414614,-0.95386064,1.1663852,-0.69833827,0.42162687,0.58424854,-0.55364394,-0.509586,1.7721274,-0.3050356,0.36911657,-0.038870387,0.05327346,-0.8505708,-0.40078276,0.22140196,-1.3667073
2.4423838,1.8859982,-0.8277696,3.8774912,-2.4616942,0.7906221,-2.7650232,1.0846933,-0.53863794,-1.5007476,-1.0925124,-2.4246018,0.1921995,0.49351537,-2.3396647,-0.69013155,0.7173241,-0.75024486,1.4464959,-0.6015492,1.8666193,-0.18881682,3.07398,1.5819812,0.57137877,0.11745,-1.0629275,1.9450479,-1.9322972,0.83040416,-1.2581705,-1.2122692
-1.0000911,-0.37786293,0.31203115,0.8759674,-0.122340865,0.44556728,-0.70348614,0.039538436,0.039226845,0.09213531,0.022959463,-1.1527467,-0.6266671,0.22181684,1.7649028,-0.24565455,-0.5409652,-0.053885013,0.81724524,-0.47058707,0.66261244,0.14052965,-0.7331543,0.55671203,0.09984479,-0.4388138,-0.7907421,0.107350096,-0.331878,1.3893491,0.34900236,0.94352114
0.760622,1.3289704,0.06266326,0.4979246,-0.19566183,-0.45301908,0.007056862,-2.1092415,-1.0908202,-0.11338611,0.52823794,0.98076904,-0.7568799,-0.5165013,0.35265929,0.95368797,0.029158697,-1.5967743,-1.7877715,-1.3753853,-0.02287969,-0.053445607,-0.62967676,2.0907803,1.398861,1.6005423,1.8370733,-0.9967723,0.12210364,-0.8597535,2.0978248,-0.5589191
-0.012332408,0.3699196,0.6309092,-0.37742138,-0.23543017,-1.3655231,-0.5873699,0.1460557,0.49599272,0.72827005,0.22155719,-0.24434985,-0.6069351,-0.4785196,1.7851026,-2.0346231,-0.1850946,0.12050337,0.109268636,-0.90302765,-0.24171323,-0.15975593,0.45146763,0.44752365,-0.7449813,0.728118,0.37919122,0.24739558,1.4000617,-2.3098388,-1.0558227,0.5493901
1.4112318,1.158431,-1.902364,-0.33252668,1.0379105,-0.5082126,0.26544955,0.42665055,0.06658217,-0.21028823,-1.4418572,-0.032518983,0.7014948,0.08830544,-0.41295418,0.26035854,2.3803172,0.8769858,-0.16306753,-0.45951414,-1.1941712,0.3198436,-0.76596,0.25730222,-0.5339084,-0.34439296,0.98829436,0.5152399,0.9284581,-1.1392349,-0.19464551,-0.3103189
-0.5373398,0.8759845,0.69095194,0.19061737,-0.22003421,0.0217008,-0.284273,-0.26037064,-0.06308341,1.1341648,0.0005643815,-0.76698196,0.12562528,-0.20923308,1.2072006,-0.61810875,-0.47713757,-0.61111546,-0.3513343,-0.4963527,1.3874729,-0.22211188,-0.6920377,0.41113916,0.3006013,1.468415,1.2562895,0.533632,0.7661967,-1.0257964,-0.3272058,0.07101803
0.23896194,-1.4559158,1.1142225,-1.3264856,1.2897086,-0.33223182,-0.7895893,1.2005969,-0.2151687,-0.5042887,-0.47511134,-0.034724623,0.03481005,0.5208786,0.08480621,-0.12330035,0.048866957,-0.74285054,-0.27299368,0.3794093,0.059684254,-0.41225466,-0.40937772,0.22754326,0.8020092,1.4631367,0.3587739,-0.33451116,-1.3860863,-0.34346992,-0.3958923,-1.3046343
1.827825,0.7064941,0.58827806,1.4773229,-1.3799734,1.050439,-0.06855813,0.4661798,0.33438033,-0.6801663,0.84429467,0.40026283,-0.6330724,0.7008183,0.04535687,0.40993345,-0.22748464,-2.880616,-0.36099014,0.4128935,0.0057796855,0.44128087,-1.2412521,0.41149157,1.4618156,-0.42279693,-0.3152244,0.6483569,0.32706392,-1.1838454,-0.98080224,-0.36339957
1.0191771,0.73169273,0.7728994,1.1794345,1.2834408,0.3938139,-0.7796155,1.3028791,-0.9565207,0.34785455,-0.9542239,1.2518553,0.026576295,-1.0650046,1.3603721,-0.80400145,0.73018736,0.47409645,-0.2711741,-0.54779315,-0.6396821,-0.22981833,0.63069403,-1.8109233,-0.97600317,0.66360915,1.1864679,1.0815129,-0.47898614,0.6099232,0.85902584,-1.0019506
-0.8082742,0.4526398,-0.091585085,0.7626817,1.8957982,-0.5221832,-1.0323535,-0.78800523,0.759481,-0.0010478497,1.158795,0.16941771,-0.9926164,-0.3030984,1.0536749,0.5380699,-1.489938,-1.3993561,-0.5595697,-0.8808669,0.90424156,0.42485264,0.28478086,1.8125029,0.19494036,0.32830203,0.4552324,-0.9159016,1.6678932,-0.99721193,-0.055373654,-0.68357295
0.47783703,0.46581084,1.3963933,0.121640995,1.6343646,-0.5322654,-0.52444434,1.4735997,0.29824138,-1.0701787,-0.08915244,-0.68274605,0.43235517,-0.58643234,0.5410058,-0.0654532,-0.46414545,-1.0337814,0.27733153,-1.261436,-1.0620456,0.9563581,-0.40702355,-0.084276095,0.16285565,-1.2283049,1.7365986,0.9041942,-0.50861317,0.2563524,0.84259367,0.43947122
-0.48264062,-1.2078025,0.05246467,-1.4348651,0.6158209,-0.74774253,-1.869869,-0.10617816,0.5160112,-0.39672244,-0.100622505,0.26156095,1.6836851,-1.0276765,-0.87264824,-0.4522087,0.10144106,0.057934284,0.5861879,-1.7287363,0.28801385,0.70911837,-0.67500556,0.8374069,-0.93645054,1.0795809,1.2469592,0.38124424,0.04552594,-0.25531775,-1.021596,-0.5015686
1.1869851,-0.50309587,1.8391211,0.007914752,-1.1014965,0.4261394,-0.38703343,-0.5675149,0.42366087,-0.3312952,3.0395155,1.5567682,-1.0249643,-0.046738595,0.80062187,0.30800864,-0.13176537,-1.4958669,0.63625944,-0.95547795,-1.2012179,-0.5459816,-1.4590871,-0.3044225,-0.44643587,0.09398739,0.8017318,-1.4760401,-1.0681663,0.760835,1.1427705,1.3327718
1.0248156,-0.38793704,0.69399357,0.4781335,-0.19103675,-0.14198446,-0.09394759,-0.29904154,-0.59504724,-0.15749586,0.31123048,0.11026326,-0.31221104,-0.7085296,0.7426544,-0.6659754,-0.7666052,0.6381343,0.5315266,-0.4596561,-0.56453735,1.2739099,-1.3481675,0.78438747,-0.0011481121,-0.15761858,-0.24746132,0.59527767,0.97166824,1.2668962,-0.8147151,0.08366175
0.9416064,0.42303753,-1.4919503,-0.52205265,1.2695757,-1.3641229,0.9568597,0.5898433,0.16548306,-1.0654337,-0.21527827,-0.053114206,1.3316998,0.1361167,-0.0018228889,0.5404783,2.1312547,0.42829365,1.0528125,-1.1420978,-0.7387143,0.17083159,0.54864025,-0.41704354,0.0722618,0.70403385,1.1183186,0.16422585,0.14078596,-1.1751649,-0.8553347,-0.5197227
-0.26983753,0.37231275,0.030862033,0.6658704,0.35995746,-0.9420568,-0.6366302,-0.112451285,-1.9980814,0.5170927,-0.29192334,0.76659745,-0.56213725,-0.5382935,0.16585109,0.60856247,-0.52983606,-0.27106464,-0.071609974,-0.20642495,-0.06729483,0.10293776,-1.4169271,-0.14506125,-0.7354432,0.7556497,0.05673927,-0.2857262,1.2484185,-1.050799,-0.9577409,-0.42255712
-0.68689203,0.66389245,-0.5242864,0.42319542,0.51982707,-1.1970115,1.0028625,0.66085756,0.067795746,-0.96721834,-0.67841053,0.06863416,0.07921713,0.67443997,-0.23767343,-0.14998028,1.2968322,0.24402088,0.24596365,-0.5982629,-0.0028863475,0.25002554,-0.3646826,-1.6681073,0.36174256,-0.1781476,-0.6013883,-0.63335073,0.6791481,-0.8025435,-0.91477966,-0.7319524
0.13335547,1.2594808,-0.33356565,0.93993413,-0.89248526,-0.99921477,-0.49365366,0.45070872,-1.100292,-1.654985,1.8641824,0.09566082,0.28535354,-0.33623627,0.6205018,-0.2893263,0.90982795,-1.2153109,0.28586328,0.20212927,-1.0229332,0.24890046,-0.8059374,-0.38813463,-0.52958417,0.57080376,1.1454715,-0.8693868,-0.78029954,0.2572254,0.3263182,-0.36914057
-0.30881965,-1.0845969,-0.12735276,-0.8039898,0.4617781,0.5159691,0.87195677,-1.2241578,-2.3187456,-1.2960649,-0.60037774,0.015654504,2.1741636,0.548067,1.0984991,-1.2494307,0.6234112,2.6992123,1.3302804,0.5258571,-0.78340536,-0.39472574,0.47912943,-0.52054036,0.44449562,-0.806489,0.58533454,-0.03194174,-0.09902108,-1.5874548,-0.42409104,2.4501786
0.44160306,-0.82478505,-0.05895701,0.93686473,-0.480227,-0.22759165,-0.88882434,-0.83892435,0.9176205,0.60986936,1.5645218,0.41719586,-0.7653128,-0.2402083,0.4004047,-0.2526998,0.2364878,-1.1426032,-1.1724976,-0.86123914,-0.0071540177,-1.8295687,-0.5098261,0.58295864,1.3541794,-0.85678804,0.2916553,1.55052,2.046963,0.20775777,0.4538423,-1.3224885
-0.7767092,0.19236946,-0.91688395,0.4769156,0.028912611,0.81925654,-0.9280858,-0.28370082,0.4181156,-0.6983976,-0.11015666,0.7425809,0.56039596,-0.09828363,1.0765747,-0.4313025,-0.18111841,-0.5924036,-0.5284988,0.6997647,-0.25464863,-0.99460715,-0.0649411,0.052262813,0.93485916,-0.39091378,1.0313673,0.86570203,-0.342124,1.0390378,0.08891222,-0.04222501
-1.2247009,-1.3335412,0.036147043,1.0587426,-0.29220527,-0.36276707,0.4350966,0.4683866,0.0053254794,-0.39744592,-0.13544193,-0.4651208,-1.4240615,-0.23119634,-0.5844811,-0.23730361,-1.2453802,-0.5778,0.039509267,-1.6504474,0.4469309,-1.1408621,-0.34755003,1.154263,0.35887924,-0.27154472,0.8044522,0.48256767,-1.3124738,0.13676964,-0.42478728,-0.10056554
0.62977046,0.30679303,0.9887777,1.7433598,-0.61838144,1.0209694,-0.16598164,0.016188223,-0.41829258,-0.42276368,-1.856742,0.6397608,-0.66643643,-1.3647377,2.0180457,-0.2857291,-0.2398673,-1.129893,0.47765705,-1.1852533,1.2544911,-0.11628635,-1.0965258,0.037435174,-0.0683928,-0.4576897,0.12899119,0.0051003247,-0.88260615,0.3006911,1.4842582,-0.86085397
-0.36496902,-0.6897726,-0.62048197,-0.49829435,-0.6326189,-0.24917515,-1.2081914,0.92777824,0.2847331,0.44116658,-0.06460216,-0.7946999,0.7880495,0.6021868,1.5813411,-1.1249651,0.18649748,-0.90780497,-0.1493455,-0.52074885,-1.2046062,-1.4757824,0.034612603,1.2315662,0.35440105,0.21626589,-0.04880716,0.99315935,0.2875125,0.6015748,-0.7703507,-0.37765726
1.5133002,-0.040489323,-0.54837334,-1.3364526,-2.0744188,-1.7758034,-0.6771315,-0.06594848,1.4340297,1.6380279,1.4240417,-1.5548472,-1.1155677,0.90682745,-0.18627296,-1.0888084,-0.16632646,0.76151335,1.9266193,2.2926803,0.83356,0.24578218,0.5944841,0.5737641,-0.6416802,0.43622994,-0.18200195,0.14856678,-0.13917753,-0.063923106,0.5083487,-1.9002943
-0.2639472,-0.6138478,0.24218316,-0.3920243,0.7323519,-1.0914462,0.3974431,0.80687374,-0.41507852,-0.6545868,0.6759348,-0.08970088,-0.11383618,0.7736312,0.3734358,0.43706727,-0.6580991,0.15851562,0.63955176,-1.5306213,-0.29236856,-0.8201315,-0.2901743,-0.49420026,1.0490499,-0.52743995,-0.53336644,0.17423543,-0.7876877,-0.55090725,-0.12009126,-0.9009932
0.4004135,0.19341376,0.5732614,1.5427191,-0.44728655,-1.3161819,-1.1006763,-0.24167098,-0.35193247,0.20858297,-1.154793,-0.45874134,-0.9268687,-0.9876463,-0.3681789,-0.41231945,0.12872152,-1.6650769,-0.11202792,-0.7373749,0.65594983,0.062329534,-0.71285295,-0.38187468,1.7746882,0.34661365,0.83565795,0.27391607,-0.7758076,0.830148,0.80773777,-0.6793195
-0.8180654,-0.45184714,1.7651302,1.0651321,1.003567,0.16904986,-2.360578,0.0010881536,-2.107616,1.3838685,0.5933734,1.2429619,0.6196251,-0.6517427,0.31394067,0.43865496,-0.96021324,-0.54278576,-0.046177536,-0.32033804,0.10725379,-0.35980606,0.06831014,1.3311347,-0.2619007,-0.28737622,-2.1609716,-0.0058086812,-0.17148995,-0.616686,0.08535419,-0.45428914
-0.94716156,0.21922022,-0.73127943,-0.41684708,-0.21196966,0.7984643,-0.83445174,-0.41687918,1.333996,0.92237335,-0.6845263,1.1960323,0.72274137,-1.6022074,1.1270571,-0.7795011,0.53795314,-0.44810167,-0.9765661,0.3418886,-0.2270458,-0.013682172,0.20439515,0.9001373,-0.8376095,-1.9505017,0.9145014,1.0222874,1.774427,-1.0558997,-0.38372165,-1.0330905
0.28805652,3.3474827,-0.29790962,0.17096972,1.2776923,-0.9091764,0.84580994,-1.7508082,-0.89828706,0.42138946,-0.52348197,-0.547949,0.09624681,1.5307014,-0.74737823,0.22307035,2.1869264,0.450563,0.14409885,-0.025809675,0.10955792,-0.028080836,-0.5107279,0.33423442,-0.46956587,0.46635097,1.8794988,-0.5591089,0.5882696,-1.2414773,-0.7250787,-0.23672199
-0.6264037,-0.2371879,-0.8618921,-0.090987965,0.27578485,-0.5763247,0.2473725,1.5118955,0.46121967,-0.86133844,-0.39952898,-1.3553966,0.48351812,-0.13557923,0.34569284,0.48164025,-0.7573409,-1.2960782,-1.0311339,1.1402588,0.43530184,-0.7928751,-0.2603889,0.9964609,-0.38030908,1.2452701,0.76003087,0.79081225,-0.46346882,0.6763422,-0.45248812,-0.14647128
-0.3857898,0.5183433,-0.7270765,0.71743464,0.30731148,-0.6688881,-1.4981441,-0.7706678,-1.3156171,0.05296001,-0.065720335,0.47534555,-0.6085368,0.36633816,0.734737,0.4983128,-0.16677617,0.43313316,-0.0620161,-0.5303186,0.026517373,0.5447588,-0.85295945,0.07887886,-0.41151035,0.8323173,0.43849793,-0.0270738,1.2584765,-0.24429557,-0.29967642,-0.047586173
0.4138002,0.58181155,-1.7445023,1.4463972,2.7516594,-0.19812432,1.2485759,-0.32959914,-0.15273736,0.19357115,-0.2791049,1.8083363,-0.8126335,0.1886019,-1.221035,0.25681394,2.5043821,-0.8260792,0.22813708,0.3833621,-1.1705811,-0.46087205,-1.0678675,-0.13407446,-0.9902029,0.2745484,1.5875074,1.4411421,0.20115578,-1.6067688,-0.14684618,1.6712335
-0.74347043,1.2407451,-0.38307798,0.28698587,-0.020832017,0.022974968,0.039367795,-0.63665247,-0.83060926,-0.040411323,-0.24423823,-0.40750998,-0.8655634,-0.14107093,1.1872067,-0.064938486,0.5001597,-0.93359345,-0.2796877,-0.3531227,0.038892843,-0.893551,-0.32072362,-1.223265,-0.38048828,-0.6322228,0.4398638,-0.04670616,-0.3497425,0.1443367,0.43473515,-0.13017264
-0.23157856,0.21993972,-0.0908577,0.033577546,-0.16294798,-1.976432,1.115669,-0.78155684,-0.9507245,-0.817814,0.6194132,-0.2338475,-0.55175024,-0.5186032,0.7158603,-0.51909375,-0.026925221,-1.0743587,-1.695253,-0.07943645,-1.5182867,0.8022269,-0.5080571,-0.13893586,0.56268215,0.87156516,-0.4966038,-0.13496035,0.04034117,0.6968192,0.25059232,0.028625935
1.2694771,1.8595942,0.28838098,0.73898125,-2.2042913,-0.8346931,-1.2465799,0.6905582,-0.8698151,-1.1638368,-1.4769351,-0.9283705,-1.1046212,-0.17907128,-2.5145972,-2.383511,0.55251014,0.92664003,0.46767646,0.26605248,-1.3025913,0.5480708,0.801548,0.1638867,-0.4950407,0.4807897,0.36935177,1.9091585,-0.54772043,-0.5703539,-2.5212402,-0.3425464
1.6695385,0.76698214,-1.086059,0.22698218,-1.3773419,-0.26490644,-1.6144564,1.0839434,-1.448004,-1.7999227,0.9365245,1.3421537,-0.17798707,1.3458114,-0.51685303,1.0681286,0.31526452,-0.66490346,-0.17654577,0.54913104,-0.815856,1.4955014,-1.2428944,-0.010836273,-0.5624736,0.6576954,0.12988141,0.46081242,-1.2462909,0.5639331,0.4491568,-0.20412615
1.0368439,1.0004034,-0.3554154,-0.80590326,-2.2102156,0.12159526,-0.28023124,2.5123525,-0.2070961,-1.3900261,1.0680685,-0.8466681,-1.289835,1.0849104,-0.5709002,-0.97295403,0.11670908,-1.097504,1.7081031,-0.7848385,-0.47149393,-0.76823187,1.2498243,-0.88004935,1.4379364,-0.43456933,-1.5521011,1.0042751,0.5238606,-0.99473566,-0.9854483,0.14032057
0.5211908,0.511895,0.41205537,-0.398184,-0.288037,-0.5221527,-0.354335,0.6476543,-0.72594607,-0.5417474,0.7765333,-0.38343847,-0.96581614,0.7384543,1.2234592,0.33165675,0.08727671,0.026504807,-0.63988936,0.81072605,0.7239562,2.0052435,-1.503418,-1.0454098,-1.0844687,-0.36338514,0.14023952,-0.0252107,-0.35538223,-0.9231503,-0.9507212,-0.6899746
0.5586315,-0.31708044,1.9230232,0.91464674,-0.108935595,0.16007365,-1.2499499,0.83218604,-0.37571084,-0.58900243,-0.5210613,1.6048422,-1.1085281,-1.6643591,-1.2522514,1.1302902,-0.67075545,0.60852623,-0.24629596,-0.021268308,1.1626868,-0.21363938,-0.8848649,0.5457783,1.4590518,-1.3124856,1.6084405,1.6248827,1.0986085,0.3456893,-0.20795068,1.9118619
0.23619628,-0.87230706,0.39434618,0.53801405,0.06588053,0.0060896575,0.52280784,0.50075233,-1.0655485,1.1119049,0.029778384,-0.040964898,0.09905397,0.9309038,1.2119832,0.37076864,0.87112725,-0.7953831,-0.3937601,-0.0067719743,-0.9101484,-1.16499,-0.8666643,-0.096316524,0.85655,-0.24133867,0.7351276,0.4257256,0.26884636,0.87726885,0.05451391,0.083681434
0.42585987,-0.4580546,0.24660708,-0.4710952,-0.4674759,-0.24761619,-1.0732198,0.35125053,1.2140238,-1.7531813,0.25618273,0.38128644,-1.871817,-0.5131242,0.22415018,-0.007760957,1.0819404,-0.63047177,0.31937858,-0.60148835,-0.78841394,-1.3865505,0.48081174,0.75566816,0.17744146,-1.022015,0.18320346,-1.091495,-0.42822856,-0.31625226,-0.6480394,0.28346404
0.6326418,-0.07257966,1.8868165,1.0606624,0.023307692,0.019842029,-0.30033085,-1.0069164,-0.8494805,-0.2663927,-0.15935525,0.56043506,1.5064051,-0.21347098,1.4922731,-0.39207911,-1.5758767,0.4199729,-1.2123767,0.68686485,-1.5691476,-0.60495853,-0.77035034,1.8862171,-1.2239258,-0.629376,-0.5032146,-0.38788125,1.2863843,0.11413893,-0.81847966,1.0395157
-0.07037366,-1.1036642,-0.1157294,-0.17455888,-0.91805255,-0.35940415,0.17996827,0.26366416,0.03196454,0.13398814,-0.0948902,0.28363505,-0.93138427,-0.7256798,0.49111235,-0.13750717,-0.6873131,-0.9191617,-0.6834729,-0.54095465,0.43547443,-0.4704529,0.27620476,1.092111,-0.51680344,-1.1985776,1.2575481,-0.016353961,0.4174059,-0.64194113,0.59569025,-0.3041891
-0.29515907,-0.6052987,-0.20402718,0.56977355,0.22718759,0.75834674,-0.4788022,-0.531953,0.5256484,-0.6900187,-0.72025925,-0.3668025,-0.65814704,-0.47939882,0.68930733,0.24225393,0.562406,0.26796743,-0.49791247,0.1890949,-0.3224672,0.23008174,-0.79101837,0.32879207,0.27094263,-0.9696329,0.47197315,-0.5610794,0.07352334,0.55935097,-1.7880356,0.013917653
1.0596974,0.99384546,-0.30978146,-1.3394492,-0.29526672,0.019521661,-1.618737,1.590615,-1.3566809,-0.86154866,0.53328496,0.030656666,-0.9532034,2.2197278,-0.46703935,-0.92603123,-0.4074842,-0.6506254,-1.8501283,1.1595576,1.8068216,0.53357077,0.30832267,1.3236456,1.469029,1.6481794,-0.5283466,1.6363398,-0.9749582,0.45472267,-1.3633163,0.36293295
-0.8661162,-0.2456821,0.19040018,-2.7782893,-0.11544663,0.02048478,-0.8411244,-2.0393186,-2.135898,0.85890377,0.10574334,-1.0197244,1.5017838,-0.65304863,1.1063342,0.0996799,-0.062228262,0.52750444,-0.12991132,-1.8430383,-2.283068,-1.0012143,-1.5667825,0.27637804,-0.35995507,0.37159783,0.25865656,-0.6822393,-0.6704309,-1.560056,0.524301,1.0869709
0.79107857,-0.55527025,1.1680583,-0.746892,-0.07270315,-0.306933,-1.1471124,-0.4296314,0.39815545,-0.1320384,0.62198126,-0.9857857,0.3400049,0.6022641,0.24926847,-0.61299753,0.117266774,-1.3202713,0.14325017,0.12256703,-0.041823223,-0.16375402,-1.3397522,-0.1618084,0.43592268,0.9960152,-0.1069166,0.48973155,0.86510944,0.3614944,-1.3615885,-0.31149593
-1.0875487,-1.6271448,-0.4800024,-0.59386957,-0.4095562,-0.094886586,-0.625647,0.34479448,-0.78674966,-0.027618736,0.33037782,-0.9410033,-0.6564835,-0.7404552,0.12704194,0.71263385,0.7982497,-0.18734886,-0.3472344,-2.0080943,-1.9793591,-0.10079424,-0.32661492,-0.42453268,0.038445815,0.39869955,0.63407135,-0.7735763,0.55474174,-0.5549827,0.1438706,-0.1664044
0.5016985,-0.5316051,0.42755738,0.4334973,-0.6868355,-0.91779995,1.2386196,0.3273381,0.2503517,-0.92828333,-0.65923953,0.61848277,-1.2501205,0.2813987,2.0462506,1.2718818,-0.50441754,0.8491408,-0.24097887,1.6696682,-0.10224707,0.8238872,-0.08701513,0.3310098,-1.080085,-0.6567607,0.39475507,-0.014540151,-0.9769069,0.16484669,0.17134827,-0.64624804
-0.051855773,-0.8591682,-0.30249575,1.3123548,-1.702583,-0.3241479,0.12292835,0.48778006,1.0388612,0.18334997,-0.5976652,0.46479777,-1.3930559,-0.18372354,0.52838826,1.2813964,-0.22586823,-1.1680074,-0.25371248,-0.45760748,0.33286163,-1.9985181,0.617248,0.61793184,-0.6307336,-0.51056165,0.39794204,-0.7356969,0.7473711,0.24498445,0.2675447,-0.9027455
0.3109277,-0.761859,-0.20990185,-0.0921945,0.055160936,-0.333476,-0.8162045,0.015445434,0.2687614,-0.39339206,-0.5954752,0.12459998,-0.42575967,-0.107447244,0.7287619,1.1843252,-0.078952424,0.40871593,-0.37885934,-0.7753547,-0.50324726,-0.57570887,-0.08175719,0.61219156,0.10917903,-1.2223617,-0.22160234,-0.28074607,0.4530419,1.2258614,-0.42151123,0.4262833
-0.71303153,0.7368009,1.6354687,0.8519722,0.017072365,0.187147,-0.95018494,-0.25236815,-2.3388338,-0.92045105,0.3619811,-0.99550056,0.56410444,1.1165495,0.2137008,0.67227685,-0.22146684,0.18016666,-1.2962244,-0.7618834,0.0769872,-0.8045586,-0.7245109,2.247767,0.164431,0.51848555,0.42738006,-0.86124927,0.21229514,1.141445,0.7114109,-0.027819771
-0.88150024,-1.4510413,-0.31431895,0.49940902,-0.14531359,-0.53729564,-1.2688918,-0.06559387,0.830752,0.019404344,-0.7547642,-1.8294841,-0.8337372,1.2051293,1.0793637,-0.6014739,-0.673529,1.1738364,-0.21812993,-1.6373363,0.48327953,-0.4645435,-0.2884079,1.4224484,0.07139763,0.2122766,1.3971024,1.7821281,-0.613643,-0.34840202,-0.8761207,-0.06930047
0.30058828,-1.4979858,-0.1685169,-1.0757216,-0.5624076,0.93945336,-0.08851951,-0.8023688,0.31992292,0.07204533,1.1116362,-0.48087293,-1.2246348,0.18622799,0.4233538,1.07212,-0.90488684,-0.78056276,-0.8897539,-1.2936395,0.46062344,-0.532486,-0.83340037,0.52495474,-0.6400278,-0.31827998,1.0718316,1.3687222,0.22993094,0.28677008,0.17637414,-0.7953819
-0.37475982,0.11320332,0.57448506,-0.16935062,-0.25817052,-0.8234068,1.1582628,-0.918977,-0.9677535,0.29809362,0.04772465,0.10383254,-1.08044,1.2435598,0.81277287,0.6253905,-0.48573005,0.47561625,-0.50082207,-1.5155829,-0.22571543,-0.34346098,-0.22350465,0.12223962,1.4314646,-0.80028254,0.48254976,0.4070455,0.47967225,0.995481,-0.4050428,0.13329104
-1.8832917,0.9108764,0.2909774,-0.08477554,-1.1416465,0.38863656,0.061895363,-1.1594582,-1.5582424,0.97311056,0.42295426,0.2700007,-0.03938833,-0.8523739,1.1265408,-2.1583705,0.764414,-0.042028725,0.5952613,-1.0430981,0.13783908,0.25124493,-0.37188762,0.91322434,0.41049308,0.5989089,0.029455982,1.0442661,-1.0628339,0.9563334,-0.7551764,0.2041329
-0.34860766,1.846449,-0.11850145,0.5961305,0.65942377,-0.5731826,-0.3506397,-0.42549798,-1.6624948,0.44110528,1.0334429,0.56433797,-0.07971007,0.12953734,-0.11659521,0.3422304,-1.3580289,-0.004336808,-0.12536603,-0.075167164,-0.07992041,0.16060193,-0.18828313,1.1946104,0.5048052,0.5035223,0.84373677,0.1467037,-0.22925074,-0.3905519,-1.3823799,-0.04188073
-0.21042071,-0.9416429,0.20753787,0.3553071,1.4140636,-0.30098403,-0.6242306,-0.6500233,0.61341023,0.01690881,-0.0533614,0.5584156,0.78494066,-0.15035221,1.9236596,-1.4253125,-0.008469343,1.890055,0.49610648,0.11422583,-0.72924733,0.25724453,-0.7608944,1.9544098,-1.8264654,-0.9691358,-0.2862363,-0.8722228,-0.02578333,1.0804007,-0.28722936,-0.0633846
0.43181354,0.23322685,0.048631854,-0.007869631,0.530534,0.33907917,0.39874947,-0.23523286,-0.9186921,-0.44854802,-0.56291336,-0.14984646,0.12011864,-0.31094778,1.7077467,0.24752681,-0.16454199,-0.07324438,0.37935746,-0.6813492,-0.611192,-0.8546364,0.17029962,0.08681974,0.2952608,-0.9878139,1.1360081,-0.50064844,-0.75167954,0.64674616,-0.9616734,-0.15720613
0.073583454,-0.66588336,0.9951449,-0.5919492,-0.10587104,-0.73341286,0.5590833,1.0960169,0.24651827,0.47513044,-0.0030345768,0.9870279,-1.1636062,-1.041712,0.330957,-0.52025545,-0.016574532,-0.5632391,0.26224536,-0.5838169,-0.67843914,-0.20544004,-0.4165409,-0.27400473,1.0940031,-0.7872983,2.1718516,-0.2487027,0.3066092,1.6572623,-0.782457,-1.8924744
0.42577592,0.32787782,-0.047002926,-0.052545622,-0.013957143,0.3277431,0.6799817,2.3183198,-0.24271953,0.7661269,-0.52335435,0.2980274,-1.2245281,-1.638108,1.6065323,0.15272261,0.023425445,0.08482522,-0.96214026,0.26033795,0.40704083,-2.0283136,0.44098595,3.1669695,-2.5086365,2.3903468,-1.9964995,0.15244764,0.48755082,-0.13420808,-1.2184739,0.028290235
-2.9832945,-1.7170275,-2.6474261,2.9518995,-0.40565932,1.3598802,0.27475682,-2.8848622,-2.726922,-1.5638754,1.3659475,-0.05421561,-2.0160806,0.610608,-0.7551162,-1.2983755,1.8536757,1.2672172,0.8111735,0.3859347,0.11522949,0.8905925,2.0268924,0.34659046,-0.6898287,-2.0341537,0.19169591,-1.9524499,-1.773675,-2.2558966,-2.2327957,1.2200259
-1.7236347,-0.7908306,1.1194193,0.80751467,-0.22072883,-0.25796026,-0.22853622,0.6064301,0.79334843,1.1878798,-0.2544376,0.63572764,0.62681687,0.7677159,0.8635606,0.86432457,0.7874026,-0.8037117,-0.03677331,-0.50233954,-0.33622116,-0.9408619,-1.7499623,0.3073578,0.790476,-1.233324,-0.8576082,0.21609744,0.6652241,0.27473542,-0.04967095,-2.0872645
1.0494231,1.362472,-0.9086139,0.65871733,1.6144012,-0.09341368,1.0150213,1.307375,0.24109691,-1.0223567,-2.3446195,-0.14390074,-0.73608994,1.9962597,0.22711766,-0.13513944,1.9063808,0.3625719,2.1842825,-0.021759111,1.1714882,0.33543596,-0.38195464,0.7195656,0.83303237,-1.0414486,-0.50488275,-0.49409884,2.5152404,-1.5655844,1.0775827,-2.118515
-0.42965457,1.5887237,0.2311093,-0.05816859,-0.0012164055,-0.91939896,-0.5601253,-1.1643174,-0.9417403,-0.2896303,-0.0011924803,-0.98666185,0.14605562,-0.07414414,1.595855,-0.205079,1.0581795,-1.2072707,0.62618005,0.5237982,0.05580999,-0.30103064,-0.4653011,-0.76987416,0.15513986,0.21679053,-0.41256186,-1.2665281,0.45376313,0.21703218,0.89648783,-0.36095035
1.7472079,0.5586213,1.612435,-0.8815998,0.040801167,0.16384603,0.42337042,0.12909451,0.8162412,0.5012863,-0.64106214,-0.16758989,-0.7288314,-3.4203236,0.6926366,-0.08649966,0.108490795,0.6131448,-0.15235282,-0.2531004,1.5409055,-1.1746602,-0.46302232,0.30290446,-0.29937232,-0.38343328,0.7153093,0.3618397,1.1663909,1.2399416,0.6200981,0.97011805
1.1918348,0.40895247,0.27449864,-0.03586799,-0.6414381,-0.22456238,-0.6123832,-0.19876084,-0.7541618,-0.2712327,-0.7493227,1.0090821,-0.85839176,-1.0567114,1.0259466,0.21304712,0.36876267,0.8409636,-0.6240401,-0.013425529,0.4563375,0.15699153,0.37379164,-0.67436755,0.18797341,0.058893293,-0.45963934,0.3583306,-0.06055516,0.20511231,-0.43436435,-0.362369
1.0879208,1.6339006,-0.10839969,-0.3554223,1.2541142,-0.02173033,0.3977976,0.18681692,0.36399508,-0.40314367,-1.199676,0.64044464,0.085376024,-0.12492307,-0.2982065,0.24421936,1.9836006,1.4932525,0.5854193,-1.6118362,-0.110936984,-0.0033227503,0.5161857,-1.2146815,-0.18023136,0.16089924,1.0861384,-0.5755188,0.2909177,-0.97368276,-0.067810476,0.10595535
-0.9205976,-0.98709184,-1.0461416,1.1572986,-0.34386796,0.64327157,0.38966712,-0.5148816,-0.7161437,-0.5898229,0.55136746,1.3998132,-1.476674,-1.457651,0.9432074,-1.0528693,-0.7156156,-0.30283222,0.5489222,1.053588,2.0320086,-0.9467161,-0.2891689,1.6014273,1.3088067,-1.8832626,1.122532,0.83212805,-1.1350158,0.6720198,1.3480425,0.676712
0.9147293,-0.319087,0.17818213,-2.2850194,-0.15989152,1.170514,0.24642736,-2.1222847,0.117727585,-0.42622587,0.77488047,0.36500248,1.2879186,-0.12991314,1.5917933,-0.32767192,-2.3049865,-1.6711035,2.2052853,0.12441099,0.47337174,-2.892411,0.06775114,-1.5010059,-1.3560302,-0.028851025,1.7275761,3.8348672,-0.41408378,-0.08699362,-0.7217915,1.1590039
-1.1153109,0.16638793,0.7713442,0.06916958,0.45381966,-1.9847867,-0.66553134,-0.40515023,0.7291594,-1.0744177,0.4139729,0.6696637,-0.5834423,-0.5200444,0.0354542,-1.0492842,0.37670487,-0.7147402,-2.121881,0.9364047,-0.15395628,-0.22516501,-0.92128134,-1.1361637,-0.62658155,-0.15243015,-1.2672011,-1.0009227,-0.31052935,0.38132563,0.5343275,-1.079444
-0.08779928,0.42441034,2.2544374,-0.17142087,-0.36723182,-0.39357093,1.289614,0.9474585,1.4475243,-0.32094094,-0.03912276,0.6144229,-1.1114805,0.10858092,2.111615,-1.1955321,-1.8700098,0.5855661,-0.76603127,1.59004,0.22368266,0.038605243,-0.4324023,-1.0531819,1.6956241,-0.24354865,0.75237584,-1.0756048,2.2111168,-1.3401413,-1.2700905,0.7634121
0.029711608,-0.32735708,-0.67020524,-0.22893278,-0.38173902,-0.70760477,0.26473483,0.18864384,0.18563873,-0.066370085,-0.27469045,0.87779856,-0.55683196,-0.31180832,1.7247946,-0.36072007,-0.38494673,0.8972624,-0.8301054,-0.8929225,0.054198783,-0.34945977,-0.6857327,0.12471981,1.1118684,0.36097598,1.0520084,0.36264974,-1.4181015,-0.70483255,0.35960692,0.011996368
0.34456065,-0.29166585,1.1680132,0.70985353,-0.32929185,-0.015330063,-1.1777546,-0.1589554,-0.57741666,-0.93400824,-1.0841198,0.6555914,-0.048509598,-1.0342082,0.9475461,1.202679,0.50947183,0.15068002,-1.4208409,-0.1751916,1.3034706,-0.94471467,-1.5203476,0.1961708,-0.29302296,-0.81161726,-1.1700596,-0.037889928,0.6750962,-0.57375073,0.956569,-1.2284437
-0.9105272,-2.4993167,-0.21418238,1.0414153,-1.9545815,-0.7082533,-0.46059805,0.24036312,1.039319,-0.2964121,-0.70006984,1.1343383,0.7566185,-0.1018326,0.63984025,0.44965005,-0.7201791,0.81290084,3.0938065,-1.0525041,0.38561392,0.9913424,1.8539543,1.1737576,1.7642753,1.1785285,0.90346944,0.3412168,-1.3994858,-0.2954948,0.9540598,-1.2961161
-0.052732162,-0.086475104,-0.05239211,0.49209076,-0.03249012,-0.9044633,-0.09389235,-0.39171875,-0.3307082,0.2226245,0.5960297,-0.63176847,-0.94562805,-0.5554068,0.8646077,1.3616812,-0.65618986,-1.1898398,0.20154032,0.9021183,-0.5925642,-0.71609133,-0.12227411,-0.48371845,-0.93554044,-1.1954956,1.199816,-0.17524134,0.70285106,-1.2999994,0.6094981,-0.94044673
-0.45732749,-1.0431225,1.0716648,0.5912443,0.30500185,-0.64134955,-0.45846123,-1.0513994,-0.18338832,-0.06785166,-0.8351735,-0.41581976,-1.1487521,-0.7766099,1.1570988,0.4100669,-0.19276349,-0.094346054,-0.3851589,-0.38377154,-0.67061156,0.635172,0.59666294,-0.24366279,-0.33950174,-0.17041,-0.2510709,1.5955555,0.39517537,0.15718873,0.95992196,-0.67054427
0.68975204,1.0974915,0.9691149,-0.49655673,0.29211923,-0.7428128,-1.0322576,-0.029810112,0.28010067,-0.11048132,1.3605024,0.3920272,0.03731878,-0.17099728,-0.54083395,-0.10478118,-1.4886255,0.77042186,-0.10724849,-1.1395873,-0.624524,-0.034987375,0.41129196,0.3403685,-0.4029677,-0.05756524,1.2694024,0.9233496,-0.90407944,0.4280671,-0.22136308,-1.4834015
1.8869832,0.3376269,0.34059,-1.7762481,-1.9031483,0.49666756,-0.20533118,0.36441982,1.5322216,-2.4113843,-0.2083398,0.0127366595,-2.6625376,1.7301183,-0.8772265,0.29592016,-2.5000238,1.2174902,-0.60839593,1.388379,-0.00499323,-0.21553598,-0.25239873,-0.90321124,1.0516064,1.1282443,-0.6036529,2.2401094,2.7125745,0.4439379,-1.0799885,-0.11605648
-0.011910699,-0.5507483,0.47213718,1.0802815,-1.6132352,-1.2487053,-1.480026,0.014803605,0.950558,-0.10138719,-0.13119966,-1.9126699,0.28531405,-0.63941985,0.42584974,-0.45693535,-0.9677003,0.8453554,0.25882557,-0.19069983,-0.12756285,-1.7509973,-0.0025014803,0.7705771,1.5723262,-0.52611935,-0.04305072,0.08385435,-1.2418036,-0.8598001,-1.2356238,-0.15273026
-1.6868877,-2.2827697,2.8387132,0.29848444,0.6757037,-0.8746816,-0.6636269,1.4946802,-1.0060179,0.35036415,-0.15267748,-1.028584,-0.8876053,-0.96028954,-0.7321194,1.5682156,0.35300535,0.21326455,-0.64550805,0.8053517,0.5031948,-0.2399762,-2.0753527,1.2119958,-0.66620106,0.69745356,-2.1131866,-0.09039661,0.9458666,-2.6487198,-0.5889531,0.33060887
-0.60312325,0.1512267,-1.5605888,0.010541379,1.194002,-1.7921691,-0.3883171,-0.20681821,0.15030368,-0.6881287,0.074780464,0.22377637,1.0305055,-0.27475816,-1.2108657,0.7773673,2.7983465,0.46446347,0.8038939,-1.5193268,-0.81860274,0.18500058,-0.380069,-0.0054056942,-0.55284035,1.7898729,1.2893184,0.6692028,-1.6391667,-2.003211,-0.62217736,-0.15294516
0.283851,-0.75387603,0.21369909,0.5713942,0.23195332,-0.08805338,-0.07723822,0.6034469,-1.0576613,0.049381092,1.5563517,-0.34290648,0.24205287,-0.40090436,2.1292007,-0.90583456,-0.194878,0.7489661,-0.5014505,-1.4944782,0.22445723,-0.11025238,0.38547444,1.3896255,0.08980594,-1.2652752,0.9483838,1.050434,-0.91018367,0.12192921,1.46228,0.10328269
-0.3942786,-0.9707166,1.0767956,1.0091001,-2.8800266,-0.89396006,1.5287108,-1.0136633,1.0292841,-1.0306993,-0.27870372,1.3385663,-1.0524473,0.5146669,0.5266366,0.54923666,0.054651447,0.3087539,-0.8287665,-0.57147384,-0.5005974,0.105836704,0.4098971,1.0384682,0.17537957,0.41943377,0.15218696,-0.7291034,0.35165256,0.73104894,0.11814285,-0.60986125
0.9613238,-0.08838407,1.1175802,0.16603565,0.38451925,-0.35091576,0.0015040636,-0.20663004,-0.4398927,0.27104473,-0.62234133,0.03819406,-1.2224709,-0.7386168,-0.9566105,-1.4362159,-0.039913572,-1.3663841,-0.12277363,1.1532236,-0.40659708,0.73797894,-2.6283002,-0.85181516,-0.43542644,0.41085127,1.0023599,0.57065165,-0.67480224,0.3546177,0.5689526,-0.29340002
-0.6519788,-0.7024705,-0.13275944,-0.7029611,0.34364122,0.3793778,-1.3557185,-0.24221428,-0.555336,-0.5320526,-0.38919443,0.7374615,0.35636497,0.47982848,1.3760211,-0.03948079,0.8640639,-0.69912773,1.2089274,-0.81647295,1.447929,-0.3234108,-0.37938976,0.233711,1.6421583,0.15154113,-0.03189598,0.07281008,0.10065037,1.353054,0.1372256,0.44233567
1.8058099,-0.121680096,1.7447116,-1.1947232,0.6610253,-0.25747883,-0.017489314,-0.6403487,0.66048336,0.70242786,-0.5099674,-0.59138745,-0.91646004,-1.0104456,-0.5060475,-0.64405787,-0.19260323,-1.533522,-0.15676968,-1.0505939,-0.2619265,0.25788963,0.0024985373,0.48494402,-0.58471745,0.7275632,0.96502924,0.42675224,-0.58171797,0.37978828,0.20441465,0.2233296
1.0516775,-0.056803256,-0.9215102,0.31144047,0.831819,0.12831068,-0.54699767,0.48039615,0.28369772,-0.75683665,-0.2415312,-0.8673694,-2.0044203,-1.8361995,0.52590346,-0.28691086,-0.7859509,-1.2897577,0.55745,-1.2026241,0.1976336,1.0890105,0.30024818,0.44111943,-1.026279,-1.1829712,0.41685587,-0.693073,0.36070228,-0.06675118,-0.9066032,0.95865697
-1.8252527,-0.8261093,0.57014424,1.1402487,-1.0836078,-0.21788567,-0.9518486,-0.9119782,1.0580819,-1.2928319,0.09871235,1.206071,-1.0012139,-0.64257383,0.5481002,0.419471,0.4109977,-1.4557693,0.14347254,1.9850622,0.4376572,-1.0905857,-0.45778012,0.23750894,-1.001016,-1.0920501,-1.1188476,-0.31332582,1.1810443,-1.5735779,-1.457689,-1.3541191
1.3023138,0.7152091,1.0591545,-2.903385,-0.69346976,3.6788702,1.139184,2.7349606,-0.039857984,-0.8079146,0.7582739,-1.8048465,0.61100125,-0.0508921,0.32359064,-2.0954375,-0.6557432,-0.55992377,0.17522432,-1.34514,0.31429335,-2.297379,1.537682,3.5338778,-2.7851846,0.48742855,-0.08133197,0.2817006,0.8969963,-0.35294005,-0.29729217,-0.7904785
0.055209875,0.11117748,0.24913475,0.1748808,0.9906362,-0.24847852,-0.7818359,1.1025175,0.14640668,1.0284878,0.194868,0.41962138,-0.03628859,-1.7754074,0.3407758,-0.04553124,0.097731695,-0.41506162,0.081496805,-0.56681913,0.50708413,0.2571289,-0.34994888,1.2272735,-0.4134314,-0.4590026,-0.6054555,-1.0455718,-0.27629316,0.47378308,0.6645737,-1.4983642
-0.03879446,1.0419297,0.32927734,0.67740643,1.4870183,-1.307399,2.0484881,-0.700564,-1.4014599,1.5358514,1.0321858,1.8392091,-0.15861069,0.024507135,1.2162329,0.40424538,-0.69317627,-2.226369,0.018574085,-0.9422753,-0.020827055,-0.52851003,-0.88225615,1.60651,-1.1680356,0.42163068,-1.7182057,-0.007813722,-0.29576594,-0.14474213,-0.79779816,-0.20685074
-2.205943,-0.070455745,0.20924288,1.7330036,-0.24071757,-0.10299367,0.9305357,0.0649755,0.6953485,-0.62978303,1.0027707,-1.7535138,-0.83978915,-1.3971788,1.120774,-0.3062542,-0.511876,-0.16102886,-0.076167256,-0.41014576,1.0589049,-0.28180918,-1.2922947,1.9285235,2.6795266,0.61693984,-0.64523435,-0.87943506,0.5885592,0.878259,0.29633296,0.60714585
-0.33737874,1.0542133,0.40244377,-0.15497318,-0.9051833,-1.1313514,0.03560856,0.10807566,0.23045257,-1.8396072,0.62260145,0.33656007,-1.0991066,0.9925486,0.5130939,-0.44570905,-1.0622497,-0.36195114,-1.0907502,1.3688735,0.66396415,0.82918584,-0.971692,-0.19300506,0.61248887,0.28408033,-1.1236382,0.6578669,-0.24401048,0.19337788,-0.027366072,-1.2080271
-1.2435737,-0.15670855,0.686473,-0.60333014,-1.073602,2.465994,0.51922554,-0.7798481,0.07992175,0.60631055,-1.7935119,0.4831505,0.72194386,-0.82256633,0.9574035,-0.5530278,-0.45389473,-1.3354523,-0.40517896,-0.065157115,-0.03461155,-0.88147265,-0.8905114,0.94580466,-0.04711169,0.20750481,-0.1485912,-0.6032381,-1.6977333,-1.022293,-0.4428613,-0.18315049
0.34499547,0.23993856,-1.026897,0.48730212,-0.49820724,0.30131602,2.5265784,0.23973069,0.2705731,-0.71577567,0.90346533,-0.045666385,0.44165242,-0.0061222166,1.3405187,-0.0420918,-0.9283433,-1.3241365,-0.34217685,0.18426678,-1.1522865,-0.41554263,-1.645504,1.1385136,1.3679324,-1.7081583,-0.020272851,-1.4956882,-0.97388005,1.1334913,-0.4963383,-1.237226
-0.23398091,-0.07858746,-1.0919433,-0.55602443,0.078417,0.9151443,-0.60163206,-0.036986023,0.1666326,0.85642993,0.60670567,-0.42919564,-0.22211051,-0.82301676,0.97257894,0.38933825,0.4893534,-0.11261882,0.08928648,0.6432352,-1.3439147,-0.48597944,-0.6660445,0.22652443,-0.072946474,0.5615745,0.32267594,-0.2584293,-0.07190499,-1.4646014,-0.36172616,-0.7824173
0.6462783,0.53396714,1.4198159,-1.3318413,-0.3960557,-0.17191157,-0.3911899,-0.5000954,0.01695481,-0.9830775,-0.92488533,0.746693,-0.98615944,-0.31951696,0.82675797,-0.6479411,1.0650464,-0.3368641,-1.0552912,0.2544668,0.37245044,2.8131764,-1.069057,0.69874406,0.5189664,0.45490134,-1.6429119,-0.22636658,-0.9148299,-0.17841828,-0.33194208,-0.17571592
-1.1874964,1.073569,-0.42799547,0.6775563,-0.5041769,-0.90830034,-0.84375477,-0.51588726,-0.30747354,-0.25337738,0.27428505,-1.1979926,-0.8780645,1.854288,1.0108244,-0.4826818,0.790777,0.22721401,-0.5214037,-0.3699044,1.3132527,-0.33311284,-0.103848055,0.80098224,0.8478368,-0.79978514,0.50609154,1.2175267,0.5210059,-0.37260196,-0.12655456,-0.0060233176
0.11491379,0.40566224,-0.7856695,0.85678357,-0.113180935,0.609071,1.144031,-0.40492797,0.2505809,-0.8787766,0.0013236105,-1.3958756,-1.1042213,-2.541399,0.54832923,-2.1136339,-1.9330891,-0.12483528,0.8220004,-0.60626936,0.74578357,-0.36827135,-0.38403973,0.9454437,-0.30631757,0.092583835,-0.20795643,0.019773645,2.1346583,0.98368025,0.5501896,0.3728282
0.12218528,0.5195311,-0.18993741,-0.7825311,-0.073169746,-0.68009335,-1.3109465,0.25306138,-1.3911779,0.56595397,0.7357512,-0.58056724,-0.05140967,0.6671648,0.046988457,-1.5805597,0.41718835,-0.11798176,-0.96549344,0.30421144,0.07225851,-0.2093143,-0.77525586,1.2978723,-0.33216268,-0.24318573,-1.2974298,1.7791152,-0.028031915,0.9508244,0.4272424,-1.0552403
0.21244855,-0.627919,0.46582243,0.52494556,-1.2194645,-0.5044077,0.83255595,-1.1216815,-0.4448124,-0.21184616,-0.18717045,-0.45483544,-0.8117915,0.42028055,1.6339397,1.0736473,0.14424369,0.30842155,-0.077248365,-0.523914,0.11699335,1.234455,-0.40443963,1.3788364,0.4658115,-0.36044827,0.5079509,0.4694131,0.935755,0.94800293,1.1863153,-1.5189266
0.611121,1.7439948,-1.0868713,-0.067290366,0.95312333,-1.2057309,0.13731076,-0.16779001,0.21361978,0.2227894,-0.88477224,0.2911636,-0.46158546,0.29329208,-0.794199,0.78817904,2.8527772,0.3587095,-0.4270041,-1.3946257,-0.7459015,-0.06922534,-0.77217066,-1.0859418,-0.21536016,-0.5698423,0.014920771,0.21218878,-1.0939648,-1.6229779,-1.1861933,-1.2933264
-0.31472257,0.00843972,1.3166776,1.0809742,-0.33467737,-1.0048078,0.47504556,0.50309277,0.12855211,-1.4931575,0.23075655,0.8739574,-0.78468114,0.4264543,-0.39927632,1.077925,-0.4983766,-0.7114336,-1.2605962,1.0143499,-0.8286738,0.11106816,-0.24299939,0.6515798,2.1206813,0.4828696,-0.58164275,1.3650844,-0.0110708615,0.070306465,-0.1405226,-1.9217614
0.33758172,1.1808718,-1.90643,0.9781066,0.48602253,0.15605302,1.6295085,1.1590035,0.0877613,-1.0476573,0.51343846,-0.2434234,0.42462617,0.36165482,0.6706667,0.838117,2.3814232,-0.05618161,-0.3159818,-0.750244,0.058648378,-0.39994746,0.68765706,-0.38228613,0.57490367,-0.15623572,0.43808836,0.17291752,0.7910066,-0.98907936,-0.91521156,-0.32216686
0.39970586,-0.020517707,0.48241022,-1.2430017,-0.6624632,0.5796396,-0.7296072,0.2506884,0.77600324,0.1061686,0.30565223,-0.25588933,-0.34824547,-1.1482959,1.6189722,-0.47714978,0.5699815,-0.18752047,1.0143032,-0.69526225,-1.0101993,0.31716144,0.26551107,1.138619,1.1811136,-0.13674368,-1.1967335,-0.6194124,-0.5534564,-0.37960148,-0.44965512,0.55303943
-0.83939254,0.88714224,-0.06664923,0.13183308,-0.29196176,-0.9120505,-0.7304853,-0.60959995,-0.81809723,1.0039606,0.79140574,-1.2424988,-0.31998125,0.39829355,0.3078084,0.2830335,-0.6154029,-0.7351933,-0.8997692,-0.76574206,-0.124319755,-0.36110193,-0.21618457,0.69009876,-0.22383769,-0.7248979,0.481087,0.23315126,0.93401194,-0.42895615,0.5056068,0.23569763
-0.8197746,0.16624948,0.66463125,-1.369255,0.1436749,0.6419058,-0.84800535,0.72796404,1.099056,1.3628914,-0.1987006,0.69010293,-0.16622774,0.119765654,0.9364573,0.65309364,0.7122344,-0.9813917,-0.37167645,0.766449,2.271686,0.2038814,-1.3784626,2.1141722,0.57292557,-1.1876374,1.4098504,-0.0010942072,1.3359827,1.3042532,0.34550774,-1.9609677
2.670258,1.6767001,-1.3236334,0.10682668,-2.3743496,1.8686464,-0.46967998,0.82792485,-0.96874875,0.2338413,-1.4868293,0.022770977,-1.2123582,0.44270533,-0.711275,-1.4804571,0.24076316,0.28633752,0.19805448,-2.0466578,-0.484645,2.024261,-0.84559524,-0.045589775,-1.2705956,0.7370883,-1.6529176,-0.36207196,-1.7107708,-0.8801696,-1.0177974,0.6853706
0.8147228,-0.6722679,1.1279234,1.3801389,-1.6013999,-0.857292,1.0828633,0.43866006,-0.16944402,-1.2803326,-0.26105317,0.7980415,0.31026888,-1.8179079,0.5394863,1.1303494,1.2748077,-0.40330547,2.2977781,0.3868793,-0.68533003,0.6469773,-2.555603,1.322299,1.1312195,-2.3227167,1.6376652,-0.71044505,-0.28118402,1.5206609,1.6908729,-0.05524236
0.98360264,0.32433248,-1.1737471,-0.27910265,0.7347754,-0.53023005,-0.1725955,-1.38729,0.056291714,-0.39358714,-0.5819318,0.8241056,-0.47527426,0.09901936,0.79281396,-0.083502784,-1.205813,-0.039208516,0.06253646,0.4067269,-0.46503687,-0.3049481,0.8281959,0.5141042,0.21570832,0.40019393,-0.71377975,0.450795,0.43895432,-0.24241202,-1.4244292,0.6752644
-0.008763045,-0.26833618,0.23355472,-0.45563024,-0.089303575,0.5672573,0.23985302,0.25449002,0.3150593,0.20558569,-0.19325612,-0.21859202,-1.2724843,-1.2757607,0.2197744,-0.07432175,0.014133662,-0.8815303,-0.67604464,-0.10949371,-1.6421971,0.4629246,-0.22145197,0.51759905,0.118251175,0.5100915,0.51353794,0.9373279,-0.70340115,-0.48408747,-0.34616995,-1.3979518
0.22736757,-0.9043617,2.0669231,1.9293416,-1.4226321,-0.32054645,1.2747495,0.5726077,-1.075022,-0.16675219,0.6268313,0.3001223,-0.095857546,0.14502138,2.1666517,-0.16229315,0.3467354,1.3472292,-0.2729093,-0.53125024,0.2227512,0.5352107,-1.6453278,-0.86496973,-0.12012832,-0.59425235,-0.05328998,-1.3623109,0.018508196,1.7477787,0.29865965,-0.11648688
-1.3119614,-0.5472312,0.2039417,-0.2734286,1.0289941,-0.23285702,0.9651818,-0.06884298,-0.29289484,0.20824793,0.7940936,0.4119789,0.5621463,-0.10142025,0.077169,-0.19231623,-1.8595345,-0.70028865,0.24691293,-0.7967906,-1.9192961,-1.4739447,-0.50260115,-0.225416,1.2635627,-1.1261578,1.1268628,1.1319491,0.054255925,-0.41829565,-0.14371854,0.48789605
0.7611451,0.6639207,1.1835012,0.29425502,-0.7404351,-0.5109314,0.124477655,-1.0435295,-0.39140403,0.2445099,0.7305888,-0.5177591,-0.68942654,-0.75652575,1.710583,-0.44941834,0.42628995,0.82762206,0.19843778,-1.3219134,-0.4441759,0.28350338,0.15512456,-0.08166534,0.66855735,0.58257055,1.3851517,-0.048839733,-0.085161895,1.0932068,-0.23517942,0.57030004
-0.049724206,-0.8019018,-1.7464602,-0.5179675,1.7111858,-0.5006273,-0.5466376,-0.6417038,-1.0077738,-1.3771112,-1.7405126,1.0839627,2.3365536,-0.011032835,0.21197715,-0.08752853,-0.44122627,1.2878103,-1.4793301,-0.3845805,0.99562097,1.0643382,0.85631424,-1.8947604,0.14012639,-0.13974008,0.3898555,-0.14173359,0.06713403,-0.4367965,-0.7302402,-0.13283578
0.22079009,0.44811726,-3.7102785,0.13649237,-1.936991,2.2394073,2.914589,-1.1284871,-1.8368894,-2.3551707,1.0039274,-1.0378857,1.3496177,-0.26742083,1.3699781,2.1516938,0.7891558,3.5436776,-1.5203139,0.6653849,-0.51359004,2.4131885,1.0973942,1.2310257,-1.6487312,-1.9747525,-1.8423684,-1.225028,-0.4217695,-0.4833114,-1.1570684,-0.5627748
-0.23562717,-0.49031153,0.2612471,0.564494,0.95721054,-0.1428647,0.30065888,-0.3385027,0.9162106,0.44332236,-1.6033714,-0.9114657,-1.316318,-0.5458196,1.018471,-1.5719919,-1.3875122,-0.427853,-0.31865647,-0.5836475,-0.37225085,-0.32453084,-0.0056606606,0.14493732,-1.0480665,-0.7755877,0.26998407,-0.8245673,0.5097289,0.2148529,0.25632575,-0.5570665
0.32047796,0.0767428,0.85824996,0.13461035,0.6113751,0.6899167,-1.027867,-0.74338144,0.32828668,-0.0054042563,0.75991756,-0.06329644,-0.4733545,-0.5392612,0.77234,0.10362619,0.79483235,-0.2051391,-0.5108499,-0.7588867,0.2808305,1.5582435,-0.6366012,0.38972282,-0.09902412,-0.08652856,0.31641456,1.3208774,0.31991675,0.48935598,-0.8702644,0.15218505
-0.23986083,0.18906245,1.1317629,-0.71026427,-0.34057117,-1.1503503,-0.17355597,-0.17845541,-0.78010654,-1.4117692,-0.05461517,0.8537543,-1.1400013,0.9974627,0.5161501,1.4571319,-0.42378813,-0.2935109,0.28621307,0.17468895,-0.1015857,1.1351116,-0.21167447,-0.71753645,-0.16985504,-0.85232526,-0.8117151,-0.05577158,-0.031796753,-1.1585019,-1.9762218,-1.3335302
0.12711515,-0.7721411,-0.03164481,0.34319273,-0.6385697,-1.3919834,-0.2713239,1.58325,0.6697524,-0.39811802,1.5597305,0.2847322,-0.70789874,0.3178859,0.65377617,-1.9018929,-0.75967777,-1.4872584,-1.6189257,-0.9856822,-0.0101606995,-0.9836067,0.16953819,0.5150676,1.057723,-1.1936967,0.59478575,0.65144384,-0.7571591,0.06045109,1.1952772,-1.6564248
-1.3634536,-0.006796509,0.87892866,0.045820653,0.1531882,-1.3837328,-1.0544904,-0.6622862,0.81806576,1.2687426,0.5180889,-1.26492,-0.065190956,-0.9856274,0.9274465,-0.40120384,-0.2626457,-0.17958382,0.60948217,-0.2573759,-0.56395066,0.066204,-0.73652905,0.47444162,-0.36650884,0.31141272,-0.7571061,-0.50048774,0.26719087,-0.099634826,-1.0666282,0.79671085
-1.0019861,-1.5718727,0.84125566,-1.2746245,1.1601743,0.471707,-0.5301055,-0.56129146,-0.76724863,-0.8163181,0.07517788,-0.5036847,0.035992928,-0.906077,1.0465794,0.1743089,-0.58292085,-0.42497414,-0.82475513,-1.4784597,-1.3234155,0.4196316,0.9688677,-0.17040214,0.6865537,-0.040374145,0.2924255,-0.16237856,-0.26763672,0.46093568,-0.30072403,-0.044469617
-0.45642835,-0.92865753,0.060594715,-1.145376,0.9779257,-0.10593684,0.27414137,-1.4732742,0.7397239,-0.8180737,0.6159362,-0.95692825,-0.5075036,-0.9120967,1.394931,-0.63443136,0.19217652,-0.4943533,0.33504933,-2.1065097,0.31304857,0.7546132,-0.28315738,0.75245726,1.4686346,0.9915755,0.27794862,-1.1120052,-0.039460152,0.5948243,0.22298297,0.65454215
-0.46672335,0.44735643,0.14940642,0.41564566,0.7435647,0.33361316,0.9159024,-0.12328882,1.5540283,0.58354765,1.8713396,-1.4354523,-0.68301415,0.40751868,1.6691339,0.32879174,-0.4913976,0.4080094,0.018911958,0.7154748,0.087174326,-0.25426778,-1.304713,0.9805463,-1.9462445,-0.5786332,-0.52434,0.34445688,-0.98995966,0.24491721,-0.42964488,-0.3536323
0.07515463,1.0183154,1.1510837,0.8323832,0.33026183,0.65780866,-0.15084359,1.0647043,-1.2259415,0.5248542,0.04431112,1.0622989,0.6804531,0.9924487,1.361059,0.4305417,-0.42933416,-0.59061575,-0.9854357,-1.453088,1.0156057,-0.608919,-1.080855,-1.151818,1.1341232,0.30097675,-1.8146424,0.5224502,-0.88193893,0.5789246,-0.97761333,-1.0024142
-0.43367392,0.6463042,0.10245554,0.61419594,-0.30200964,0.53847706,0.42774236,-0.51525515,-0.84935534,0.57413244,-0.5059575,1.1836847,-0.5832335,-0.43497142,1.0784843,0.0068472326,-0.052824713,-1.1706052,-1.3995137,0.20164606,-0.6695974,-0.28989303,-0.38502184,0.14628798,1.0127059,0.56445074,-0.21394363,0.77559006,-1.4565742,-0.0029734373,0.048893556,-0.30381364
0.7987764,-0.6250433,-0.22159049,0.9927635,0.14433572,-0.6110561,0.36633214,-0.8613975,-0.17769781,0.094689965,1.2581205,-0.53064805,-0.83905506,0.7646438,1.1356406,0.5882807,-0.20589909,-1.3441136,-0.54839796,0.15393288,0.103787675,0.14231294,-0.7926899,0.64332855,-0.29340714,0.112116665,-1.0467054,0.7174433,-0.037387893,-0.40562838,0.4775627,-0.101228856
-1.6053602,-0.86124265,1.8329678,1.7559316,-0.2863351,-1.8815562,-0.46443057,0.7273256,-0.14632612,0.065495506,1.2253885,-1.4207226,-0.696614,-0.95601785,-0.1536355,0.8350641,-0.074121565,2.7031183,-0.21807443,-0.21911651,-0.19778857,0.8374063,0.17045544,1.3176486,0.6057609,0.38982946,2.4302692,0.7417696,-2.2709384,-1.7276785,-0.2856662,0.6020187
1.4097707,0.34370482,0.12050195,-0.93237484,-0.8760837,-0.77611655,0.7645434,1.4551175,-0.023605704,-0.84951514,1.4454662,-0.26784784,-0.7187104,1.7363405,1.251796,0.24023196,-0.09569228,-0.54926187,-0.52824104,1.6696218,1.4834176,2.1248457,-0.76959443,-0.13217172,-0.19047505,0.7078901,-2.0744033,0.064174354,-1.860488,-1.2111895,-1.4142472,-0.40511876
-1.1719929,-0.49865124,0.5706236,0.43620697,-0.5033893,-0.8338436,-0.26259944,-0.5885113,0.35183454,-0.6859931,-0.27102622,0.5937603,-0.4891136,-0.540698,0.41456157,0.10635911,0.32796133,-0.583963,-1.1771911,-0.35590717,0.6067763,-1.0905521,-0.4660915,-0.19085233,0.2345119,0.709824,0.5724421,0.75340945,0.6177964,0.1203182,-0.71511203,-0.8280283
0.46729475,1.9746125,-1.0857023,-0.8070714,-1.5286913,-0.4616053,1.1325369,1.0656791,-0.31800964,-1.620923,1.8485618,0.52933097,-0.14487493,-0.04891344,0.457259,1.1259723,-0.84481823,0.89207625,-0.6969645,0.6817066,0.73961216,0.47235778,0.4328487,0.3269119,-0.41320854,-0.36830255,0.93351626,1.8121076,-0.46062654,0.53499496,0.1726283,-0.42898732
0.9605342,0.654057,1.1086912,-1.1807361,0.4691791,1.1734426,-1.7403486,1.2759424,0.30295932,1.1827847,1.8076966,0.20255905,-1.5584447,0.014437705,0.798386,0.30248255,-0.032611966,-0.4706338,-0.61786854,-1.1644441,1.8965521,-0.3204238,-0.33924356,1.0406702,0.38192844,-1.2090182,0.43388677,-1.1842599,-1.960952,0.6876187,0.96802855,-1.6796302
0.20022437,-0.8305055,0.7195195,-1.7917749,-0.20888826,-0.71216196,-0.7909548,0.3204859,-0.45923683,1.5983839,-0.44380853,-1.4909081,-1.0809075,-0.8969386,-0.088904716,0.026387714,1.9038421,-0.39115053,-0.1422392,-0.07396898,-0.81055343,-0.1664502,-0.26529765,0.6122161,-0.37236625,-0.5301678,0.89379257,1.2716504,0.07313162,0.51991457,-0.14841068,-0.38225922
-0.3136192,-0.9615704,0.34998748,1.0113368,-1.049559,-1.4168868,0.5603853,0.8639623,-0.7681141,0.28319353,0.32085282,0.30621064,-1.5148393,-0.66936004,0.31086466,-0.20396933,3.114684,0.9127787,1.0069606,0.8856495,0.60787344,-0.565391,0.37246287,1.0351521,0.74457145,1.1169704,0.869403,-1.0260544,0.5343729,-0.17017284,1.1211054,0.45024818
-0.15763159,-0.089621246,0.7309224,2.1973314,0.10965787,-0.33316162,-0.79153407,-0.15789527,-0.39539856,1.2008724,1.5487213,-1.1732862,-0.78619665,-0.07371476,2.0982952,0.36681616,0.084167734,-0.5453009,0.16171241,-0.5407171,1.0905591,0.792658,0.7884436,0.9707794,0.1491884,-0.094552666,0.4020065,1.1109679,-0.79271597,1.0800557,0.06665285,-0.061539203
0.016597092,0.09421632,1.2397845,0.07081029,-0.6055271,-0.61769396,-0.4518382,0.74753743,0.2882753,0.15049031,0.39546818,0.028493136,0.09818092,-0.26751518,0.46588126,0.045701638,0.26066998,-0.39248666,-0.76188403,-0.39473042,-0.31230322,-0.7814481,-1.811569,-0.9573443,1.6628062,-0.16563484,-0.069232665,0.23187765,0.7642168,1.117526,-0.3074904,-0.78775966
0.32189205,0.5686663,-0.29005766,-0.2603545,-0.8524314,-0.17150545,-0.2696346,-1.148773,-0.6023812,-0.05705087,0.7540679,0.3834283,0.22920626,-0.42436603,-0.5103114,-0.9749895,0.011951551,-1.4151516,0.54152083,0.66912013,-0.447021,-1.2669951,-1.1110189,0.53592205,-0.8836019,0.81202114,1.955189,0.8542367,-0.2774995,-0.020936668,-0.017100736,0.8591361
2.5704746,-1.5429369,0.024958238,2.4180255,0.81132257,-0.25395027,0.89309,-1.3332055,-0.6285112,0.9927324,2.0381486,0.56326085,-0.586037,-0.63294554,0.97016114,0.070159614,-0.047301732,-1.9778335,-0.5287524,0.11145419,0.35924745,0.74923396,-0.6715183,-0.057514034,-0.94885993,0.73254365,-0.30621523,0.25336623,0.37522995,0.2786753,1.0545418,-1.0680633
0.70495296,0.54645324,-0.5105078,0.8660716,-0.7782732,-0.34311616,-0.97314763,0.45946285,-0.5375244,1.0631379,-1.3842342,-0.32261994,0.93337864,-0.7671805,0.84613633,-0.738399,0.20539717,-0.07426587,-0.33548942,0.8921624,1.0714186,-1.4862914,-1.1618487,-0.45218098,0.80807173,-0.39830953,-0.14953196,0.865207,-1.5430188,0.4228203,-0.79914224,-0.6625125
0.008981496,-0.9946449,-0.04679048,1.11921,0.5737295,-0.3188415,0.16581155,1.2330835,-0.050528467,0.064136945,1.2801572,-0.3423636,0.1676583,-0.5905437,1.1714785,0.28470254,-0.98235404,-0.10560125,-0.19727686,-1.9480199,0.45900717,-0.39998564,-0.5345259,0.072899476,1.0314813,-0.98274183,-0.84492254,0.64375913,-0.24971908,-0.49537814,0.47967538,-0.35071573
0.40531605,0.51980865,-0.38164836,0.59443635,-0.76704586,0.540058,-0.26196414,0.42847103,-0.05151441,-0.7768053,0.91928995,0.38951963,-0.54737014,0.38341683,1.2031311,0.31177336,0.10958826,-0.57882726,0.15220886,1.0298159,-0.1520004,0.28734282,-1.6586417,-0.43615443,1.6115409,0.17304271,-0.2706877,0.14757985,0.2331484,0.7673486,-1.0252702,-0.66570425
0.9656146,-0.041157983,0.42706198,0.62522995,-0.5911832,-0.24400035,0.18306322,1.0457873,-0.9144317,-0.12831381,-0.15657814,0.69893914,-0.8917326,0.8877018,0.22330192,0.2002767,-0.5819172,-1.3556318,0.39644188,-0.47717798,0.6596823,-0.17509893,-0.5630331,-0.35500538,0.8159965,-0.031559512,-0.12968935,0.36750868,-0.63960314,-0.23927844,0.70645934,0.22530076
0.12086113,0.55576855,-0.41469324,0.20454028,-0.87752634,-1.1967973,-0.7270951,0.2995437,-0.6424686,-0.90402424,-0.397984,0.27668136,-0.5468324,-0.26720837,1.2782776,0.6744929,-0.24406101,-0.5355766,-0.046197757,0.9814121,1.6639066,0.48736367,0.17120661,0.267956,1.1086632,0.32119864,0.40962034,1.1223176,-0.89970136,-0.8537607,-0.5459772,-1.2420559
0.8339517,0.27321255,-1.3489425,-2.222988,-2.544577,1.4885795,-2.0423498,-0.20546034,0.706044,-2.5198026,3.5803027,1.067138,-1.0629679,0.17190713,-0.9137988,0.8076685,-0.55460274,0.8417606,3.1006024,1.8840249,-0.34065136,-1.0863297,-0.97763216,0.45292833,0.6048805,-0.25533727,1.1635832,1.1073382,-0.2854942,0.89797235,0.50711435,1.7755725
0.79639554,0.9974029,-0.28041863,0.17634428,0.14649512,-0.3847515,-1.310174,1.6586206,-1.0088863,-1.4974146,1.1864479,-0.5739836,-1.2025234,-0.48372334,-0.2204919,-0.359197,-0.24649176,1.8451192,0.7799281,1.2814648,0.13784772,0.9615841,-0.9206618,0.7319772,-0.35439578,1.3005006,0.93856055,1.7498641,0.54629517,-0.6726332,-1.0776439,-1.2636282
-0.36767405,1.2502754,1.3479899,-1.0960513,-1.0604877,-0.6945369,0.6431119,-1.0262341,-0.24492267,-1.3051805,-0.89358747,0.7390479,-0.1282727,-1.4112887,-0.072288096,1.3197744,0.54851013,-0.79410464,0.5663839,-1.0759964,-1.1521564,-0.19572234,-0.011365533,0.8692667,1.4854901,-1.694633,0.7465607,-0.7424684,-0.24484204,-0.36618948,1.4951761,-0.23709145
-1.9758228,0.1970556,0.541442,-0.611204,0.41094062,-0.5697011,-1.1205163,-1.7499292,-0.2564521,-1.0252686,-1.2447169,-1.6391904,-1.2548963,-0.45261303,0.25619754,-0.3204013,0.13224179,-0.6174116,-1.8688092,-0.4987472,0.517085,-0.7368538,-0.246034,1.7495399,-0.70324826,-0.40224296,0.04976485,0.12966338,-0.56241596,0.21960036,1.085701,0.7592304
0.07950198,0.8764019,0.027891014,1.0396678,0.027040977,-1.0885035,-1.3295455,-0.4502045,0.49263883,-0.0996344,1.1234411,-0.191037,0.21269703,-0.6681198,1.5879383,-0.3352215,-0.8442997,0.47267044,0.0072509944,-0.8535542,0.15939733,-1.0431255,0.1851452,1.9370852,1.6610274,-0.8193087,-1.4337467,-0.09465787,-0.2609539,-2.2425861,-0.5007868,0.73023796
-1.1375008,-0.7001158,-0.037004422,1.8407565,0.56728506,-0.63960725,-2.025249,-1.6554537,-0.3474951,0.8373999,-0.21390806,0.030340059,-0.06261045,-1.2605265,0.6734878,0.7052259,0.9218651,-0.29252887,-1.3315247,2.0963025,0.7656467,-0.39196256,-1.6958623,1.3237538,-0.6392312,-0.5070384,-1.7118545,-0.013198137,-0.055064768,0.59171224,-1.3032883,-0.08821572
-0.02867588,1.1755663,0.0046457946,0.64022094,-0.49682263,-0.23415291,-0.49408644,-0.8602332,-1.2436864,-0.7099714,0.06359517,0.030063659,-0.27370214,-0.6700703,0.61363816,-0.79657394,0.73990244,0.47372228,-0.8874527,-0.4611115,0.12797752,-1.2387335,-0.114026874,0.43055955,0.68156856,0.07778911,1.2635446,1.4398063,1.6257415,1.0854068,-1.013057,-0.4868304
0.1607912,-0.059097722,-0.3823482,0.8877959,-1.5843024,-0.037510496,-1.7174226,-0.42839628,-1.4464161,-0.04354778,0.57126606,0.79275304,0.0012206174,-0.12029135,0.57863945,-0.5082583,1.375943,0.040821,0.57006645,-0.33894998,-1.8516202,0.1616678,-0.26940948,0.93580824,-0.54550385,-0.12095226,-0.76433563,-0.32914096,-0.34822872,0.7332609,-0.33759835,0.3670654
0.14346924,0.13186926,-0.099089235,-0.08826776,0.08339217,-0.17268585,-0.38291317,-0.90532655,1.8800943,0.120012306,-0.98570985,-0.69105077,-0.40982488,-0.72989714,1.5324323,-0.13039626,-0.1500051,0.32212615,-1.10473,1.5147862,-0.7599754,-1.6162472,-0.9793416,1.6416512,-0.6651293,0.5654692,0.23340644,-0.7413026,-0.13741495,0.38014024,-1.159037,-0.29182985
1.0555663,-0.983466,-0.3908711,1.0811111,-0.53450996,-0.03984627,0.20865539,1.9916613,0.7187487,-0.6561157,-0.11469556,1.2283953,-0.5196692,1.0302198,1.1500622,1.1343207,-1.7258358,-1.1219497,0.10712029,1.4722393,-0.18866493,-1.2336934,-0.7597265,-1.2510493,1.9983262,0.38567662,-1.3732991,-0.6852442,-0.7947538,-0.12621987,0.20126557,-0.5731478
-0.21281208,-1.030966,-2.4100006,-1.292874,0.38100538,0.09959081,0.81093055,-1.5191852,-2.6115117,-1.2179571,1.9052684,-0.4465443,-1.0156798,-1.3620229,-1.1099546,-1.7653778,-0.51525444,0.5664129,-0.12598,0.6334512,-0.69628036,1.5359668,1.479516,1.0309765,1.3687893,-0.27752942,-1.8058071,-1.4413819,2.490258,-0.4732455,1.0747123,0.76827085
-0.42745358,0.047671765,0.6229331,0.86847496,1.0073948,0.10798891,-0.5875241,-0.022613082,-0.9432119,0.8737052,-0.38509423,1.1728672,-1.2928107,-1.107444,1.464752,0.096771635,0.69475627,0.10551926,0.29181227,0.61776793,0.60852075,0.47740716,0.53049326,-0.49907577,-1.3177452,0.21608679,1.1714368,-0.20672959,0.40939063,0.5939537,-0.038399518,-1.8471856
-1.0614368,-0.5945364,0.5982989,-1.2638958,0.92032444,0.5604892,-0.6643369,-2.3897324,0.3495725,-0.6457268,0.67757833,0.81883985,-2.5945542,-0.33949363,-0.16198921,0.22047028,0.7022096,1.6361442,-0.75454986,-0.70326245,0.3309042,0.3103646,-1.1468108,1.6928517,-1.2515024,0.6570176,-0.6515042,-0.599097,-0.49145776,1.010178,0.16849875,-0.5247397
0.90481234,0.18671648,-0.65004903,0.74280006,-0.3322094,-1.0473248,0.24438497,0.20952931,-1.2089858,-0.14866734,0.80976987,0.3351211,-1.4720101,1.2016337,-0.14356278,-0.303761,-0.21919288,-1.4317667,0.4173361,2.4846046,0.9747053,0.58355546,0.7685762,-0.034059748,-0.36919415,0.6833981,0.94127643,0.6920272,-0.69073564,-0.2758001,-0.97931254,-1.1390804
-0.6024799,-0.1636957,-0.4680608,-0.5979701,0.52646756,0.17464839,-1.6661409,-1.1326588,-0.17197709,-0.16034356,0.83398926,0.023371488,-0.5411786,-0.13164385,-0.81192267,-0.07846025,-0.052160352,-0.9362901,-0.86814374,-0.4056033,0.83303446,-0.36819106,-1.5136826,0.29466218,-1.1638447,-0.72468346,0.7340837,0.268842,0.26937622,0.21304575,0.5828984,0.48942626
1.3434237,-0.48121276,0.39289552,0.95463777,-0.13600978,-0.035123006,0.68596554,0.25487465,-1.1791918,0.08130153,0.14417882,1.3416564,-1.1485385,-0.22893715,1.1728966,-0.10291228,-0.28909627,0.7232752,0.06840694,1.8061588,-0.9006662,-0.15872863,-0.7771787,0.58341795,-0.004294333,0.04808858,-0.40727746,-0.024234295,0.5680462,-0.22569133,0.48998663,-0.94571364
-0.5244839,-0.2307005,0.19837059,-0.2259664,-0.27503777,-0.36781195,-1.0106411,0.316492,0.6124569,0.5058736,1.3295422,0.40572482,0.25186855,-1.4600209,-0.70589745,-1.2025241,1.4237694,-2.4301867,0.18030092,0.29809952,-0.49328375,-0.9147868,-0.8588319,0.6954051,-1.8295398,-0.6822505,1.1515689,0.12178524,-1.2498088,1.5734811,-1.2517502,1.471133
0.9486433,0.036035486,0.5044911,0.47625768,0.7489501,0.59995455,0.30475125,-0.170993,0.106105685,-0.35407954,-1.0073347,0.47774205,-1.7063849,-0.40509564,0.49385548,0.14057519,-0.019001223,-0.23342693,0.08501345,-1.3185349,0.46697056,-0.45879957,0.33181447,1.5310309,0.34335017,1.2417657,-0.0993513,0.5948364,0.20944725,0.6584728,0.57978404,-0.9541819
0.8704814,0.8970207,2.3354769,-0.5324572,-0.7425938,0.70991194,-1.3055046,2.0598059,-0.5880704,-0.12609363,0.9592117,-0.7232877,0.020859852,-1.1024941,-0.19785067,-0.84618425,-0.26121035,0.012012839,1.1721791,0.47378394,0.9321667,-1.7488198,0.27183995,0.07472216,0.33799145,0.36658585,1.1803653,-0.11486937,-0.052271605,1.026067,-0.70378983,-0.6355693
-0.12619527,0.9937435,0.57796466,1.2208536,1.3773239,0.026636839,-1.1946992,0.24421233,0.45410648,-0.677195,-0.045004375,-0.4232551,0.048722226,-0.12764618,2.5356665,-0.39543796,-0.12322721,-0.0558116,-1.2019218,-0.857902,-1.0995321,-0.58921516,-1.5320566,-0.047943488,-0.44223088,-0.83285415,-0.4694751,-0.9931483,0.31223038,0.21675089,-0.54706806,0.40177053
0.9700676,0.93139493,-0.7092639,-2.05197,-1.0380514,-1.7356942,-0.20708649,1.9954231,-0.5258356,0.22057587,-1.1204413,-0.5664891,-0.4664579,0.24807596,1.1284515,-1.3387586,-0.37232056,0.30683142,2.4020844,2.2371535,2.5725145,2.3216863,-0.919514,-0.45002943,-0.43594807,2.0804472,-0.6788993,0.12665029,-2.2179532,-0.70509034,-0.82081896,-1.2263963
0.38922495,-1.0587776,1.0824877,0.8519844,-0.4268462,-0.7858687,0.20887895,0.6203642,-0.42100868,0.708066,0.92261183,-0.2641986,-0.80562496,0.699847,0.26739323,1.5991726,0.077173516,-1.3134882,0.38354015,0.15122464,0.36177397,-1.3612533,-0.34508973,-1.2004752,0.06217608,-0.55183846,-0.43935943,-1.131405,-0.53009355,0.5843461,-0.8723233,0.14163779
-0.105449304,0.099918514,1.4637502,-1.3307123,-0.42855322,-1.023942,-1.25711,-0.8407701,0.01676689,0.4167697,-0.88618255,-0.7415838,-0.5069403,-0.71004665,1.191201,0.18147698,1.0168555,0.23100072,-0.18055871,-0.7622825,0.78927565,0.38635102,-1.4635268,0.75044036,0.010578811,0.41205248,0.7809485,0.23029447,-0.055825874,-0.53641427,-0.11445874,0.9924487
-0.55529773,0.08269636,2.6721344,0.549794,-0.5522156,-0.12828943,-0.77113897,0.12646881,-0.39243615,-0.4937567,-0.4286332,-0.43146697,-1.209099,-0.18104586,0.35927725,0.809427,0.4421705,-0.4917979,1.07373,1.2874212,0.57510453,1.300083,-1.0998771,0.87153316,1.073519,-0.31993982,1.205338,-0.051180452,1.5555038,-0.02264475,2.351246,0.7063122
0.059149742,-1.9164608,-0.109956175,0.17865199,-0.33596563,0.5625595,-1.0767066,-0.7258949,1.287912,-1.0388974,-0.61743724,-0.018923718,-1.3928224,-0.97885346,-0.50483763,2.1080656,-0.8155471,0.06316273,-1.3339674,-0.7235924,0.53608453,-0.6116132,-1.2940269,2.1908257,-0.87069803,0.2315658,-0.49920347,0.98438966,-0.3173374,0.03656958,-1.1528264,0.08737182
-0.24709828,-0.18113765,0.11737075,0.87962085,0.5945723,-0.8668878,-0.7315389,-0.15405127,0.3094483,0.6054932,0.78035724,-0.34775624,-0.7504982,0.021080954,0.9341191,-0.019456498,-0.35041362,-0.91226256,-0.25832334,-1.2902585,-0.2829306,0.05207303,0.23442581,-0.19014606,0.7453097,-1.1613095,1.2971272,-0.56071603,0.5529674,0.032724917,-0.60701334,-1.3656003
-0.5341258,0.2606275,0.24164282,0.17286587,-0.15678123,-0.8225746,-1.0238205,0.03208866,-0.55267256,0.96002865,0.8312348,-0.42554742,-0.84359634,-0.6342219,1.4047171,1.219161,0.812028,-0.72299653,-0.19189233,0.056392565,-0.81889015,0.34063673,0.63996255,-0.45463517,0.6627483,0.2325357,0.36003837,0.0628307,-0.018036753,0.40978083,-0.46173716,-0.3242697
-1.6076512,0.79127944,0.47800416,-0.6374728,0.8642874,-2.2787251,0.5011229,0.46367148,-0.3331725,-0.5605438,-1.3178463,2.009362,-0.59867936,-0.80898637,-1.1544151,-0.14825669,-0.95292217,1.2476728,-0.71022034,-1.8569301,-0.11505678,-0.5176041,-0.9398124,0.56215584,1.3953288,-0.27575892,0.25656205,-1.9006736,-0.5457682,0.75324476,-0.20034912,-0.78424275
-0.87746227,1.0090841,-0.029487818,-1.1206632,0.27028927,-0.6478021,-0.9792609,-0.5329713,0.07065732,-0.52864915,0.0018155575,-0.058563676,-0.1055982,-0.410507,0.90234697,1.2783961,0.027284771,-0.84325504,0.10499063,0.41648802,-0.45168585,0.46552092,0.1323425,-0.93024945,0.49239486,1.0318134,-0.55239296,0.7655505,-0.1793323,1.0706072,-0.72285795,-0.40748996
0.7556099,-0.05195701,-0.68392617,-1.221859,-2.1060581,0.63974804,-0.62452435,0.32531142,-0.9757055,-1.4212874,-0.227925,1.0678455,-1.7610432,0.6338012,-0.50394875,1.1786492,0.25276458,-0.25449374,0.107798494,0.7773206,-0.4706931,0.7721507,-0.014580399,-0.15108909,1.0012182,0.59015316,-1.4647412,1.2653551,-0.22626734,-0.29355466,-0.90326655,-0.6672734
-1.3846781,-2.4599211,-2.7954583,1.5980685,-0.106383614,-0.3833497,0.405398,0.39887726,-2.3736072,-1.1484053,-0.56464237,-0.36780143,-0.26056445,0.6673428,-1.6084638,-1.4732094,1.5277321,0.11752476,0.00053858757,0.3738688,-0.852821,-0.6524334,1.546515,-0.49516913,-0.11337227,-1.4028428,0.69885135,-1.1163411,1.2273021,-0.5691779,-0.54751074,0.9551704
2.190342,-0.0038550347,0.1582905,0.87690365,-0.80450845,0.83552355,-0.6274446,-1.6073195,0.015967648,0.5081086,1.8477991,-0.625696,-0.7953546,0.2557997,-0.08501679,0.8014494,-0.23770638,-1.5383987,-1.8800853,-1.0573684,-1.140189,0.7612748,-1.2214621,0.53643256,1.2119439,0.81266475,0.17770053,-0.021936543,-0.38755777,-0.7450511,0.614843,-0.6874039
0.0778338,-1.9601161,-1.3685174,-0.5855159,0.5547141,0.3696702,1.1224967,-0.07912814,-2.8007796,-0.6467297,1.2326274,-0.6648668,1.6587931,-0.7817105,-0.5128254,-1.0674827,0.8599007,0.054223217,-0.35042694,0.05230403,1.2442765,0.19307742,1.5271212,-1.9041135,0.119858444,1.734647,-0.0013777018,0.4516204,0.8090745,0.47845215,-1.7176774,0.597168
0.86304283,1.2302961,1.9283139,-1.2142056,-4.1438537,-0.8562279,0.01885502,0.41850325,-0.39039052,-0.6085269,0.33440316,-0.53933513,-2.3022761,0.93596953,-2.029567,-0.25077388,0.8648539,0.692476,0.8143421,1.92521,0.44048542,1.6212363,-1.0604271,-0.39714268,0.5292152,-0.6478573,-0.63574386,2.246909,0.43407124,-1.3207968,-1.1739522,-0.65631974
-1.027156,-0.45623407,-0.5558387,0.99049956,-0.0725331,-0.9848386,-0.5596559,0.4918279,-0.7351719,0.78398937,0.22430551,0.39863703,-0.9054262,-1.0253637,0.34922647,0.6958451,-0.06490403,1.0057298,-1.2933335,-1.1945696,0.1651571,0.07786922,-0.3155402,0.5562504,-0.12664768,1.4252028,2.2316208,-1.311231,-0.13933226,-0.6783515,0.54976183,-0.2498008
-0.1170628,0.111206874,0.34627068,1.0780935,0.39609805,-0.76182574,-0.18773225,0.008135229,0.024041273,0.10968998,-0.33713466,-0.90836406,-1.1730679,-1.6719503,2.0414557,0.20939246,0.93507564,0.7997266,-0.16237146,0.3268534,-0.24907538,0.14976753,-0.8707757,-0.24197091,-1.2397254,-0.87963045,-0.5145916,-0.61283165,-0.5298004,1.5316408,0.035546616,-1.9942776
0.33290818,-0.31858468,2.0403652,0.23786762,-0.2030184,-0.64028883,-0.8560456,-0.87686306,-0.18304187,0.078277946,1.623637,-1.5893667,-0.83544993,-0.19733748,0.24791978,-0.20178774,-0.53933656,-1.8384562,0.5860791,0.7237563,0.13316716,-0.006897415,1.3367496,1.3487344,-0.0665975,0.33923897,0.5020734,0.53521186,-0.62407434,1.4372964,-0.61244047,-0.32347474
-0.57931715,0.920418,0.11475709,0.17354819,0.5043565,-0.055196606,-0.57810867,-0.9068363,-0.6702068,-0.37220013,-0.5371733,0.8986964,-0.76635206,-0.17860423,0.5959035,0.7974762,0.00070880353,0.70009124,-0.26952296,-1.0976608,-0.3810612,-0.3885661,0.26573238,0.7144542,-0.10618463,-0.34526938,0.10961239,-0.43290228,-0.41056094,1.0511072,-0.14634801,-0.4066895
-0.5468804,0.30986035,0.9971976,-0.69116986,1.2617235,0.12805685,-0.9965043,1.1418489,0.28336248,-0.02551882,-0.850652,-0.6791953,-0.94045746,-0.73262393,-0.09508556,0.14028053,0.8652091,-0.122870624,-1.0148498,-0.8050835,-0.34025872,-0.4938144,-0.3287971,0.7527945,0.25681138,-1.3249254,1.0423517,0.40267742,-0.7591709,-0.11000915,0.3987116,-0.320609
0.20399979,0.9137715,-1.7707577,-0.50200987,1.1488724,-0.087151244,-0.08845243,0.41473272,-0.57129407,0.9901219,-1.2681756,1.1655669,0.15098596,1.1426998,-0.02005148,1.0012108,2.5776172,-0.3095714,-0.015717834,-0.88290095,-1.3224697,1.0632192,0.6702479,-0.86161757,-0.14415339,-1.1489174,1.2938011,1.0613508,-0.57581043,-1.0268182,-0.6383336,0.42417967
0.3738685,-0.92914414,0.872651,1.5297192,0.28932154,-1.2199225,0.40685746,-0.51397324,0.5840195,-0.8722681,-0.7037816,0.04917735,-0.5452275,0.3041742,0.9718541,0.44096914,-0.3453777,-0.37582245,-0.21668395,-0.6505933,0.33991048,-0.29684427,-0.82893074,-0.10043365,-0.16385315,-0.42787346,0.5496043,-1.2334069,-0.6520676,0.7008958,-0.06696202,0.5046483
0.46861774,-0.5315372,1.1349761,-1.0860786,-0.9229936,-0.072812274,0.19048059,0.46917903,0.25881895,0.44618043,-0.06972251,-0.8851309,-0.44319248,-1.7029946,1.2301623,-0.2475111,0.42437702,1.6926624,0.12677093,-0.28038335,-0.333793,1.4727199,-1.0048132,-0.11692069,0.87595326,-0.07992847,0.008011118,0.5481241,1.8699756,0.21957955,-0.09756342,-0.66805875
-1.0591357,-0.058354564,0.5736306,0.19804342,1.1556194,0.57615685,-0.051834345,-0.9010269,0.24289186,0.3720314,-1.4123178,-0.36724,-2.1725836,-0.44284993,1.4385431,0.5313836,-1.2243639,-0.655657,-0.59121746,0.04429264,0.61869645,0.35450605,-0.28645056,0.485301,-0.5434368,-0.43494824,0.41952407,-0.9841857,0.906316,0.8142251,1.126954,-0.56329656
-1.0395101,-1.0648148,0.4948586,-0.8989769,1.3409243,0.2524689,0.8423595,-0.36823955,-0.113835335,1.7828532,-1.9326628,0.30754772,-1.6203231,-0.48674348,1.1448748,-1.3412342,-1.1471387,1.0396931,0.16978005,0.85304356,-0.33163515,-1.5490515,-1.5425065,2.131147,-1.2332271,1.3339119,-0.9561635,0.7765629,-0.22332262,0.18737009,-0.36616996,-0.46853006
-0.9358557,0.23296487,1.238337,1.0848423,1.0985317,-1.0674114,-0.4748839,-0.40939128,1.3074226,-0.055166293,1.2710309,2.7200043,0.2942112,-0.8981549,1.0388418,-1.6873688,-1.0802369,-0.061016835,-1.2457738,-0.237569,-0.8648304,-1.2817663,-0.1742213,0.91151756,0.98057044,1.8995034,-1.7268322,0.31769437,1.8378155,-0.61640054,-0.9367344,-0.36606473
0.057043612,0.72041035,0.5999066,0.41021365,-0.5368295,-0.42919052,-0.41226566,0.3306364,-0.37534484,0.1916755,0.6607257,0.18726298,-0.8321729,-1.2612228,-0.55263096,-0.015099466,-0.4198821,-0.67473173,-0.61593133,-0.13603604,0.59736025,0.17380798,0.7385501,0.4891382,0.016896911,0.11852973,0.88668966,-0.73395914,0.35439658,1.139091,-0.013535887,-1.0416319
-0.3498844,-0.25633895,0.22497575,-0.095826834,0.41233182,-0.37274456,0.43272033,-0.9233046,-0.64098305,0.16240874,0.66033006,-0.06955698,-0.051025175,-1.1277153,-0.2825144,0.053987168,-0.75243574,0.0115835965,-0.19161661,0.2889389,-0.447388,1.2714047,-1.2650468,1.7796309,-0.65405715,-0.41292125,0.30182675,1.0441399,0.70512176,-0.8787447,-0.7216262,-0.062619366
0.403615,-0.19255313,-0.06617365,-1.0135651,0.6261975,0.44218135,-0.47042856,1.0069733,0.73849916,1.1915009,0.39778215,-2.3848975,-0.38553876,-0.78528124,0.6014574,0.20912178,-1.2360793,-1.4301622,0.18538924,-0.55824804,-0.5734774,-0.123661645,-0.710415,0.6720464,-0.72120035,0.8554401,1.7946761,-0.44751483,-0.6640401,0.3462109,-0.14025697,0.04375587
-1.6693877,0.008720651,0.62516356,1.53578,-0.749276,2.265633,-0.99971986,-0.70093083,-0.09184833,1.1713014,0.051935136,0.7311011,-0.63161397,-1.4537712,0.4303608,-0.4692382,0.64191526,0.48928487,0.6769167,-0.9574317,0.18342371,-0.7555143,-0.07351993,-1.005499,0.81343794,-0.3185665,-0.28417438,1.5059614,-0.35045248,0.78966737,0.0789348,-0.25455767
0.44035125,0.009826988,0.52871126,-0.21488269,0.16386198,-0.58861446,-0.90958035,1.1029923,0.2983886,-0.8633417,0.20431082,0.8759754,0.3085515,0.2205087,0.12780005,0.70971507,0.36838096,-0.9146386,0.16406406,0.12758283,-0.6602198,0.15483417,-0.46613544,0.28940338,2.346369,-1.3802229,1.5432329,0.77870667,0.32483524,1.3774399,-1.540387,-0.7774186
-0.38133025,1.1512005,0.385655,1.7571101,0.051225606,-0.3888745,-0.11473343,-0.015153557,-1.1066346,-0.14992383,-0.16592804,-1.0254465,0.8502712,1.7746215,0.21480419,-0.6130307,-0.44604555,-0.26660526,0.013785183,0.30813673,-0.6455619,-0.91238797,-0.942326,-0.3528238,-0.5193034,0.92538655,0.23265007,0.44562602,0.8471247,0.076839045,-0.3879759,-0.35217416
1.8627539,0.65820366,-1.913829,-0.14004904,0.72064507,0.5124416,0.60956043,-0.1462478,-0.1883419,0.22951776,0.35362917,-0.110241234,-0.52459824,0.77729243,-0.6313095,0.11174776,1.2833174,-0.75953794,-0.35990208,-1.0877495,-0.7816003,0.26651877,-0.49705863,0.13534258,0.007069707,-0.18093401,0.7317809,0.14457312,0.30922633,-2.0472136,-0.6218518,-0.42814144
0.039002955,-0.17286783,0.60092926,-0.051389508,0.11974543,-0.17772989,-0.044189394,0.36026952,0.06206739,-0.3304847,-0.36030048,-0.03699141,-0.29890835,-0.03252411,0.5676495,-0.4407996,-0.23963743,-0.024784345,0.17116955,-1.3332043,-1.8334906,0.014996428,-0.17780244,0.6036164,0.30532476,0.05630289,0.07080156,0.30477,-0.1678488,-0.79659235,-1.177424,-0.089915544
-0.5926491,-0.47471935,0.8026075,0.39552402,-0.18117267,-1.4065119,-0.23816234,0.34960377,-1.270738,-1.276379,-0.57996976,0.73043585,0.27312934,-0.4124505,-0.07581224,1.9401798,-1.2858942,-0.09795591,-0.43538448,-0.44497854,-1.1149209,0.035090484,-0.25950745,-0.22751021,0.3108172,-0.9333996,0.605925,1.4498675,-0.48925424,-0.67898965,-0.28165418,-1.0122435
-0.8471056,-0.37496877,0.40731838,0.51261866,0.8267946,-0.36129433,0.24959455,-0.10683159,-0.31823808,0.86906075,-0.15833774,0.34310305,-0.87468493,0.08412243,1.8536739,0.44677317,0.36983138,-0.25058007,0.46674728,0.6337093,0.4248972,0.453035,-0.72779894,1.5823833,-0.5407652,0.50293803,0.1682258,1.1139936,-0.78860104,1.0449122,-0.12483844,-0.4657623
1.3252084,0.6478678,0.44978938,0.8105296,0.7326602,-0.37963828,0.6866893,-0.7726383,-1.6363509,0.4007269,0.31499493,-0.3551477,0.18500993,1.1016036,0.78902364,0.47390336,-0.22294526,-1.9239153,0.2701092,-1.2656536,-0.040625066,0.48980695,0.1535807,1.7902509,1.1480796,-0.4418341,-1.1268381,1.1234663,0.31838685,-0.1298239,-0.85033643,-0.38186106
-0.4955457,0.9798566,0.35149682,0.1842071,0.4133277,-0.3365528,-0.009495774,-0.42494652,0.29807642,0.22582059,-0.63609856,0.50886077,-0.12860316,-1.2863395,1.2476354,0.89342034,-0.5075454,-0.7114414,-0.9390086,0.41721234,0.36162078,0.10013163,-0.27460554,-0.23615795,-0.67094684,-0.75943345,-0.3303643,0.54778534,-1.1150498,0.2744492,0.49651596,-0.9893011
0.9217532,1.2482573,-0.8519356,-1.7017615,-1.8582027,1.0914625,-0.27636182,1.4709284,-0.07957144,-0.54913646,-0.37637424,0.031070493,-1.4104576,1.608859,-0.16480722,-0.27093095,-0.1593489,0.6401563,1.1472832,0.958243,-0.11711055,0.17871067,-0.47645074,-0.5700303,0.9033971,-0.3330951,-1.20486,1.8684914,0.4807685,-0.09759618,-1.0160829,-0.8351113
-1.9554514,0.70122814,-1.2205715,0.7896677,0.49570552,1.1797962,0.11865158,3.287314,-0.20483863,2.80861,-1.0745181,-0.23048532,0.6656815,2.2968006,0.14708212,2.1985095,0.42188185,-1.084751,0.72684765,-0.37773943,-1.6333958,2.4003959,0.7486457,-2.5312834,-0.58322376,-0.5143788,0.41987035,1.0949544,-0.28532472,0.2620183,0.6858819,1.1894003
0.58832765,-0.6251979,-0.97917783,-0.11697096,0.9765878,0.0881894,1.4291167,-1.9394379,-2.63924,0.654773,2.1147766,0.4950712,1.1422598,-0.052464508,-1.0623426,-1.5028565,1.0277457,-0.9516877,-0.18944669,0.72298366,0.3913014,-0.7191129,1.154867,-2.381556,0.20345013,1.6615721,0.41973013,0.15129882,0.9823015,0.75490755,-1.5976307,-0.98959076
0.17019653,-0.56769836,0.8642956,0.35667285,1.5135474,1.2554471,-0.6942955,0.043291878,-0.41037798,-0.5011326,0.0756921,0.17656817,-1.0107663,-0.7660498,0.7267298,-0.18465419,-1.123777,-0.55405045,0.2048899,-1.1150532,-0.2206859,-0.089522004,-0.4263301,0.48401433,-0.24178205,-0.22608702,0.04446218,0.13190602,1.2429326,-0.14218888,1.1119387,-1.3194656
-0.36730143,-1.4669751,0.5714321,0.40939587,-0.7347478,0.30743247,-0.7010921,-0.477246,-0.04947817,-0.5457895,-0.7173979,-0.050544977,0.31947264,0.053572677,-0.3279938,0.2524464,0.03423968,-1.1255904,1.1289643,0.18366227,-0.96928275,-0.0521335,-1.3859152,0.68209696,-0.60268974,-0.013307545,0.39703745,0.20934106,0.21221823,-0.8058401,-0.26194263,0.29832003
1.0078166,-0.4527376,-0.90760636,0.31818807,-0.15894811,1.9735049,-0.74484766,0.9896522,0.2053214,-0.2883309,0.49997634,1.1834813,-0.96286875,0.48097935,-0.17310104,0.56276983,-1.3460646,-0.11111784,-0.71019495,0.28325158,0.48718858,1.6282389,-1.1305597,0.974958,-0.095849335,0.74996996,-1.9322786,0.13055027,-2.5294528,0.17362884,-1.3757343,-0.7401241
-2.3127804,-2.7011726,-1.8917452,1.3665941,-0.32778415,0.9978772,0.56672865,-0.72732925,-2.2096252,0.1862264,1.6859765,-0.35277116,-0.43253583,0.30308744,-0.21132906,-2.0608797,1.8312974,0.8504678,1.3077031,-0.008343011,0.052376032,-1.0099542,1.614927,-0.95682144,-0.10069582,-1.7558844,-0.30517936,-0.4840775,-0.8590345,-0.34597728,-0.66904163,1.0538682
-0.08700974,-1.1534111,0.57522655,-0.15592512,-0.4723478,-0.35828677,-0.14779922,1.2256702,0.6837671,-0.010720676,0.6790678,0.3842017,-0.45752233,-0.31014538,0.98999286,0.65799206,0.299287,0.8459492,-0.59713763,-0.62906605,0.2933201,-0.4836361,-0.58740985,-0.8518517,0.4525571,-0.9603523,0.16205135,0.22508985,1.5450201,0.2916705,-0.4322872,-1.0264615
0.2280448,0.5276228,-0.4459686,1.3940241,-0.7344943,1.0279598,-0.085577995,0.33444524,-0.30926284,-0.6912483,0.5039449,0.6534152,0.008733258,-0.7558021,1.3825676,-0.76746917,0.2695592,0.084257215,0.5895984,-0.12725335,-0.84896076,-0.7387637,-1.6002299,0.59620726,-0.6231288,0.41616255,0.7690207,0.34032312,-2.1176822,0.2617496,-0.5077025,0.551649
0.057030194,0.66166234,-0.120347284,0.6208305,1.2050177,-0.077328175,-0.5008259,-0.9274859,-1.4205413,-0.75760734,0.8008837,-0.60225326,-0.24139775,-0.36992404,0.31812805,0.91655076,-1.0088587,-0.23866299,-0.98478156,0.10624623,-0.7710258,0.5382391,-0.5247183,1.6022335,0.15634598,0.947849,0.17324483,0.3112573,-0.18690948,-0.021696005,0.018949687,0.37507135
-0.060458105,1.4202142,0.52088207,-0.86831623,-0.26984525,0.07363352,-0.21080182,-1.435403,0.12969139,1.3714705,-0.23041543,-0.0980742,-2.0404534,-0.56154495,1.0606815,-1.1621758,-0.5253601,-1.0974655,0.80358696,-0.3117802,0.33809328,-1.1096258,-1.0479965,0.38504377,-0.84286857,2.4556212,-0.60004455,-0.4490916,-0.09893395,-0.27643722,-0.37766424,-0.33530742
1.1143155,1.1225562,1.0942353,-0.19562387,-1.1443391,-0.16255613,-0.9917258,-0.46723783,-0.62739635,-1.1537278,0.28057185,0.48676696,-0.75325847,1.5340478,-1.0797646,0.7238506,-0.6876203,-0.016690284,-0.4021659,0.85978323,0.5166432,0.3268283,-1.4528444,0.54793763,-1.502866,-0.05420494,0.60747415,0.73764515,-1.7054589,0.6558722,-1.7389911,-0.33338264
0.1487683,-0.39706758,0.28262872,0.15517733,0.2378631,-0.43610653,0.228859,0.5537064,-0.65159523,-1.2091345,0.6715214,0.613785,-0.5825708,0.9067671,0.4732974,0.79469675,0.5750863,-0.16194916,1.2078905,0.29776052,-1.2524518,-0.38328332,-1.1854451,-0.97421706,1.8574593,0.21177316,0.75129485,0.15233111,0.22133297,0.087301634,-1.2936008,-1.5555704
-0.25620094,0.4967664,-0.36461458,-0.07847884,-0.9697286,-0.48242885,-0.9810982,-0.86961055,-0.20188177,-0.2198855,0.04943922,0.01895672,-0.6699346,0.54314566,0.92815936,1.4223931,-0.71245503,-0.4447956,-0.38112974,-1.2916169,-0.054069184,0.0860322,-0.3513257,0.92383575,0.96638775,-0.68837345,0.050738312,0.49967906,0.9191412,0.2928517,0.5291898,-0.62350035
-0.23936112,-0.40808058,1.2567041,-0.21701199,-0.38277212,0.80555,0.4077378,-0.48821092,0.72900176,-1.2478334,0.3704728,0.13949235,-1.1635375,-0.2883789,1.0950885,-1.3788905,-0.71480286,-0.5388774,0.97998357,-0.28242466,1.6234447,0.2725796,-0.6063739,1.3597962,2.5419269,0.16564067,0.03254704,0.37451425,-0.15447946,0.37540412,0.36085057,1.4988351
0.20273581,1.2976514,1.3695796,0.3899055,-1.2169721,-0.15713009,0.6905148,-1.4178019,-1.6983697,0.84470725,-0.5870289,1.1292512,-0.47496086,-0.51618993,0.20066175,-0.15457681,0.7110039,-1.5700039,-0.27478486,0.87003565,1.7149556,-2.5650797,-0.60425353,-0.71031415,-0.015973888,-0.12495873,-1.724195,0.3130708,0.45331135,-0.58746636,-0.65933,-1.0606878
0.10227151,0.05122155,-1.3681834,1.0586019,1.8311543,-0.27438208,1.5512257,-0.8703569,-0.17244437,0.31876636,0.25632182,1.6204398,-1.4697014,1.668507,-0.8303048,1.473474,1.3913076,0.4468962,0.8363816,-1.5163689,-0.33765358,0.05034679,-0.7502859,-0.8559092,-0.82938826,0.32639915,1.474251,1.7717769,0.5993588,-0.53250754,-1.3409817,-0.7592314
-0.26588422,-0.02493672,0.68038875,1.1891267,0.55888426,-0.18522859,-0.9225085,0.3782152,-0.967085,-0.87790954,0.5598924,0.07626874,-0.61264724,-0.67254287,0.9781733,-0.6535201,-1.5003825,0.4570359,0.6922611,-0.011507377,-1.1517587,0.38120013,-0.83290285,-0.96169937,0.41720378,0.34347194,0.8625896,-0.7344516,0.7430575,0.084341615,-0.04497385,-1.1910806
-0.22199921,-0.0040008575,0.18784738,-0.9395049,-0.17377467,-0.6600976,-0.33580035,-0.07412599,0.2785203,0.74552715,-0.9856075,-0.8341031,0.11135059,-0.09546543,0.6718602,-0.74287194,1.0411212,0.03566557,1.0149751,-0.23387918,-1.0624273,-0.31762823,-0.7491322,0.30636233,0.36783043,0.5258984,1.6554693,-0.6136205,-0.93246245,0.13090365,-1.5978824,-1.367811
-1.1470819,-0.21987659,-0.4629589,-0.451084,1.3343636,-0.63126004,0.24254589,-1.1154504,-1.9815485,-0.019675449,0.53262186,-0.7794799,-0.21207349,0.5170642,1.441141,-0.6041794,-0.007987887,-0.6685393,0.09829131,-0.16160998,-0.78283757,-0.6302738,-0.33535606,1.0752258,-1.4744142,-1.503407,0.2466619,1.520742,-0.6125424,-2.1998336,0.18798198,1.900733
-1.1828806,0.5182526,-0.19064786,0.27766514,0.43891233,-0.3165678,1.1923689,-0.21864545,0.31075823,-0.79943323,-0.19269826,-0.28960872,0.74925226,0.73545694,1.5980008,-0.84478605,-0.057551708,-1.223187,-0.40387198,1.0100105,-0.18775636,-0.40047583,-0.32618093,0.72065103,-0.5104027,0.16143605,0.28960788,0.040263794,1.0985473,0.9640261,-0.67976326,-0.68090796
-1.856959,-1.9113789,-3.6242614,-0.25252163,-2.2012553,-0.8666121,1.8423753,-1.3173035,-2.6795084,2.696682,1.7511315,-0.7046878,0.46483037,-1.130112,1.0100644,-2.2261667,-0.6334523,0.71634763,2.8707345,0.8809722,2.7427797,0.58745503,0.49405295,-2.1820836,0.6971452,0.25722888,-0.8541133,-2.248953,-0.9321125,-0.4096391,-0.123791754,-1.6323464
-2.12862,-2.1164105,-2.5151744,-2.4869676,1.2601815,0.5016148,0.15490773,-1.1220518,-0.7766392,-2.8325605,-3.2969503,0.068351276,0.2884441,0.6417678,-1.6220692,-0.23449123,-0.5231814,2.1683207,-1.2153906,-1.5786934,-0.4740153,-0.22903767,1.4591203,-0.7354771,-0.923493,0.6142299,-0.17432329,-3.431545,1.4443195,-0.29425064,-2.1157331,-0.43504623
-0.019664502,-1.6238596,-0.06835045,-1.0810728,-1.0384138,-1.0460575,-0.19494846,-1.9067979,2.1744173,-1.6218266,0.31476068,1.1276519,-0.5858409,0.4580527,0.9785954,0.6526584,-0.9005484,-0.7554178,-0.05327788,-0.6615104,1.5469766,0.1671167,-0.35910538,1.4250017,-0.12849143,-0.27959785,1.7000287,0.11746614,-0.8135941,-0.46366346,1.3677425,0.024828434
0.0072883368,1.6620586,-0.6117563,0.34393767,1.037455,-0.7807291,0.6565733,1.6924043,-0.65617007,-0.06100586,-0.49175462,-0.0593024,0.015095174,0.027254999,-0.44610414,0.021884203,1.7455642,-0.25958744,0.17362645,-0.2892646,-0.17465557,-0.22480002,-0.2029354,-1.5882993,0.87498283,0.6055509,0.8392101,-0.12002261,-0.027099341,-0.32091045,-0.43000132,-0.13210881
0.043019146,0.7055971,-1.2529504,0.30299866,0.82894444,-0.5041331,-0.45274028,-0.40676737,-0.1027064,-0.08243191,-0.19841537,-0.24358556,-1.5238414,0.80652726,0.022864163,1.1498095,2.2390487,1.1959295,0.09226599,-1.9375887,-0.4604385,0.01435137,0.16513538,-0.5308293,-0.99938804,-0.5578015,1.7667122,0.5324816,-0.49565598,-1.2995338,-0.7837187,0.17911366
-0.26457822,0.008136777,-0.39012194,0.64052826,0.61300457,-1.1579531,0.05501467,-0.45910418,-1.1043243,-1.3900594,0.010972112,1.0915259,-1.107611,0.8102776,0.8234868,1.5171976,-0.59681225,-1.1792533,0.6334339,-1.0129442,-0.24578325,-0.05447331,0.4342101,0.8938721,0.15640342,-0.41947418,-0.9438924,-0.43964857,-0.11948308,0.2672169,-0.17213242,0.10408424
-0.6903605,-1.722903,1.3774464,0.05776126,-0.51806664,-0.55308807,-0.58644885,0.72195834,-1.0059385,-1.0476611,0.036988206,0.6163946,-0.9025985,-2.2655861,0.1396442,0.68849444,1.1667202,0.6595867,-0.13661858,0.5463085,-0.2261599,1.3108747,-0.08731903,0.022701032,2.4279356,-0.35622907,0.7244609,0.6305721,-1.1154575,0.7931119,0.022475958,-0.114338495
-0.27111584,-1.4064894,1.9036437,-0.38127723,0.7756028,-0.14697336,0.12048236,0.76065,-1.0624479,-0.205208,-0.4765477,0.70348394,0.070156135,1.4349439,1.7735674,-0.41339675,-0.17693302,0.4581513,0.06483686,0.08329528,0.25543082,-0.42174083,-0.6327878,0.814191,-0.8616672,0.41175777,-0.035224393,-0.13361388,0.2762189,-1.4706175,-1.1468296,-0.41863358
-0.6071632,-2.2076445,-2.2951674,-0.9319854,0.92203736,0.49634472,1.2594576,-0.12185362,-2.4309568,1.1765192,2.1003284,-0.3680066,1.2228609,-0.9438874,0.3578867,-1.5034039,-0.38094074,1.296806,0.45577362,-1.7281629,-0.09945035,-0.76638365,0.75268847,-2.406138,1.098936,-0.0145203695,0.560678,-0.2840864,0.6181505,0.06306717,0.9693477,-0.55869186
-1.1359134,0.05563101,0.4157685,-0.052211888,0.008732323,0.6790502,-1.2829436,0.2569067,-0.8288255,-0.4814587,-0.7571581,-1.0551488,0.8871244,-0.55499744,-0.0026286338,-1.109488,0.20749806,-1.0059147,-0.20099013,-0.5461607,0.31351972,-0.50283825,-0.3408144,0.69246894,0.18551864,0.079514615,-0.26316613,-0.09136755,-0.15926568,-0.0856998,-0.027065545,0.35467806
1.0054835,-0.86134255,1.1931009,0.34050238,0.7435949,0.039008364,-1.1176592,0.59060025,0.75145614,1.28115,-0.06417185,-1.0069528,-0.39732867,-1.19436,1.5943435,0.9834504,2.0591474,1.8310446,0.9856974,-1.0785848,0.9548253,0.843493,-0.287015,1.4942368,-0.3097325,0.097983286,0.14124951,-0.15336332,0.6443127,-0.17462882,0.32921094,1.1647717
1.7506993,-0.95737845,1.088964,0.3270696,-0.03464958,-1.5431494,0.3017968,0.2539799,0.31766236,-0.5298782,-2.0787473,-1.4949816,-2.1581614,0.53282285,0.4771648,-1.290045,-0.3881501,0.15082356,0.5562916,2.3515224,-0.13958655,2.063836,-0.7703526,-0.38713366,-2.745078,1.1779851,-3.191225,-1.2398748,-0.75947726,-0.8596513,-2.0913968,1.5016463
0.2156271,-0.18380354,1.4528891,-0.093224026,-0.22506519,0.47501928,-0.61342037,-0.6058631,-0.5728496,0.43784454,1.0133967,0.98638177,-0.7975177,-0.65782726,1.103448,0.5400913,-0.6459086,0.5331168,-0.3749358,-0.957529,-0.5809025,1.0386865,-2.0836918,0.82608247,-0.6222802,0.6395428,-0.1700011,0.5660049,0.054943264,0.7483303,0.54878545,-0.12828943
1.2113631,-0.8160952,1.0556136,-0.42907506,0.12335076,1.1284999,0.117664665,1.2150619,0.17374429,0.34231824,-0.14945483,1.6386424,0.0027070642,0.06875929,0.48952392,-1.366474,0.027661622,-2.8864768,-1.2954812,-0.42937636,1.0146447,-0.2072482,-2.484448,0.7176371,-0.542902,0.92101425,0.06909639,0.92669284,-0.36618114,0.13768736,1.3228285,0.79977006
1.2224324,-0.9013741,-0.007933319,-0.7624134,-2.1361704,1.9835899,-1.0837281,0.79428333,0.7754595,-0.77436924,0.2672725,1.6079078,-1.2503572,0.33694065,-2.2719631,0.13511972,-1.471924,-0.55100745,0.6967024,0.3713692,1.2421285,0.4858114,-1.3585025,0.6119664,-0.17537822,0.7628827,-1.0538865,0.95680463,0.010785162,-0.50590765,-0.9521786,0.62489617
-1.2118902,-2.1012979,-2.1858559,0.78442967,0.13348429,-0.13824207,0.39794242,-0.68108714,-1.0055346,0.09901354,2.2771158,-0.34789217,-0.21667466,-0.40255103,0.42920238,-1.6916437,0.8800723,1.4730079,1.9399116,-0.92537946,0.547645,-1.4084086,0.4606757,-3.719726,1.8042955,0.33364663,-0.94796216,-0.987123,9.119511e-06,1.4855541,-1.4168886,-0.6732903
-0.7207328,0.63966703,0.18044245,0.2448287,0.023198828,-0.7946645,0.36431867,0.57814306,-0.65773726,-0.05722916,-0.15068251,-0.057818305,-0.29188824,-0.108229935,0.6973983,0.16531307,0.27915144,0.0148942545,-0.61865216,0.055183068,0.84337735,-0.6954843,-0.901832,-0.16496551,0.8445667,-0.41932842,-0.10750434,0.35624406,0.5832381,-0.33654028,-0.5471598,0.34064695
0.55832326,0.40104336,1.2568562,0.016314477,-0.016933441,-0.41210112,0.43326885,-0.42204934,-0.07160474,0.080152184,-0.027844748,0.18111914,0.79614604,-0.15733373,1.0893583,0.86659265,-0.67886806,-1.567414,-0.4009071,1.2486856,0.12708178,-0.97651356,0.040653795,1.2999904,-1.1140065,0.3779589,0.12923194,-0.77296436,0.52270776,-0.04671745,-0.30138314,0.3100323
-0.5081832,-0.16707698,-3.2636242,0.68084806,0.43238056,-0.21832797,1.9419386,-0.77517,-4.1816006,1.4760406,2.2554212,-0.7352032,1.5169747,-1.5255821,-0.12365475,-1.8721561,-0.15615076,0.019650452,-0.9027004,1.1763245,1.783193,0.25135747,-1.0242348,-1.495013,0.83343935,0.59157646,0.9132204,-1.3029852,1.211028,-1.0247364,0.16909158,-0.6035171
0.7790243,0.77426666,1.4806261,-0.63409835,-0.08405651,0.8771932,-0.47436458,-0.7892835,-0.08794648,0.23288232,-1.0668529,-0.3699121,-0.3588838,-0.12353194,1.463572,-0.16121496,0.22455981,0.9687537,0.1034902,-0.5478364,1.0482404,0.7239251,-1.6387868,2.2228286,0.16327195,-0.556455,0.48230988,1.3732519,0.5842211,0.36766702,0.56811255,0.89126265
-0.15794973,-0.44589004,-0.82186687,-0.5236078,0.6052888,-1.7816834,-0.18732023,0.55726737,-0.2054362,-0.7151642,1.4151592,-0.4304204,-0.3774633,0.07186423,0.72854435,0.7548522,-0.7852217,0.08380785,-1.3919854,-1.0119658,0.20218349,-1.0251497,-0.835534,1.3628771,-0.24376032,-0.24742106,-0.5997962,0.06598945,-1.3965967,0.012016123,-0.49961627,-1.1633394
-0.9219239,0.054879718,-0.0688214,0.8496475,0.7197894,-0.32729763,0.38286334,-0.021937532,-1.2850217,0.33162957,0.04785166,0.35104406,-0.6008451,-0.72657,1.0322852,0.53668696,-0.39351517,-0.8310236,-0.7192929,-0.43208125,-0.17069276,-0.38960582,0.015829608,-0.63371515,-0.7028167,0.5544112,0.84803253,1.6745089,0.8520717,0.30360514,-0.32443705,-1.289841
0.119325414,0.6435907,0.1212406,0.12334868,0.42232275,-0.75475496,0.12367783,0.01731126,-0.78592706,0.7517921,-0.16990978,0.41221893,-0.08702141,0.19932416,1.0561397,0.1323206,-0.061949812,0.0046103,0.029112607,-0.08503316,0.8603537,0.0976401,-0.7645147,0.8951973,-0.31242946,-1.1122466,0.12603289,0.73731536,-0.7149554,0.7679635,-0.4427447,-0.6442864
-2.2240555,-0.47294763,1.5601485,-0.2923229,-1.1932033,-0.55526626,-0.015702814,-1.0375575,0.6027796,-0.44590554,-0.06680351,-0.354971,-1.8924,-0.047773387,1.2754052,-0.95341814,-0.06946468,0.28998402,-1.1631812,-0.7313553,0.99879205,-0.42896038,-0.90800935,1.0867057,1.3998064,0.37606844,0.039343566,-0.47281262,0.48898816,-1.1344299,-0.11710645,0.46914354
-0.49294102,-0.30869186,2.786115,1.4899257,0.2970152,-0.9776933,-1.1397393,-1.0093431,-1.6265812,-2.539684,-1.4746706,-0.34563565,1.0802283,-0.34571373,-0.16778803,-0.2723444,-0.82218474,-0.24603724,-2.3141258,2.2229552,-1.1130029,0.5169923,-1.3213439,-1.4674959,-0.0069337934,-1.5039268,-0.55093676,-0.4445033,0.15133873,1.284949,0.34450853,0.24222493
-1.5217297,0.17413387,-1.601955,-0.23500094,0.30015552,-0.049509384,-0.42650843,-0.10853428,-1.0938773,-0.70583636,-0.9316966,-0.6175016,-0.17396964,0.023221634,0.8834958,0.07995708,0.9682046,0.8915365,0.3301796,0.6373984,0.9452516,0.49541268,-0.20312713,-0.5819746,0.43311346,-0.026129976,0.58510244,-0.4351232,-0.9426182,-0.9875538,-1.6755613,0.2608484
-0.5044628,-0.48832482,-0.18339509,-0.03596951,-0.05083254,-0.3399095,-0.71456146,0.2734052,-0.4849587,0.18476377,0.111108184,-0.030091792,-1.1961657,-0.6667397,1.6890186,-0.43544477,0.619956,0.7535665,-0.3610561,-0.6346874,-0.86773753,-0.10037069,-0.30348596,0.99101424,-0.13621162,1.1124413,-0.24913353,1.1447988,0.3087864,-0.062111408,0.52567846,0.41578388
0.57323074,-0.311123,0.91960573,-0.3589994,0.7826414,-0.44076255,-1.5192778,0.078736745,-0.17554706,0.83142465,-0.22178087,0.21776916,-1.0593508,0.9259914,0.7450725,-1.4839681,0.04136551,-0.077464655,-0.27396232,-1.533577,-0.22028908,0.4242108,0.53823185,0.040278777,0.55425715,-0.39602274,0.75323117,-0.5322325,-0.21371374,-0.65606123,-0.264143,-0.74319994
0.8502561,0.22924326,0.66277015,-0.28777325,-0.011035457,-0.9028387,-0.083865166,-0.7125631,0.50379556,-0.11330522,0.19473115,-0.41100603,-0.18634334,-1.2989054,0.62935424,-0.7737911,-0.52699316,-0.29077077,-0.8867667,0.45726037,0.4864777,-0.6787102,-0.45175922,0.3101534,-1.8087778,-0.78228366,0.4323093,0.111115515,0.6158253,0.870337,0.65477574,0.22241774
0.35715014,-0.49231842,0.9903864,0.3979089,0.28801122,0.13890041,-1.1622905,-0.060140684,-0.052578524,0.40987965,0.85128,-0.6480365,0.98455197,-1.4947677,1.650113,0.25315338,0.35830623,-1.3868289,-0.51388794,-0.5688062,1.2756026,0.22240366,0.15578556,-0.70235157,-0.7185935,0.28671938,0.3861541,0.835789,-1.4177217,0.28754774,-1.09597,0.32298243
0.44970927,-0.18573359,1.280334,-0.21145777,1.3044952,0.59801924,-0.28474367,0.95774,-1.1037747,-0.35696822,-0.20673561,-0.16766307,0.15861623,0.17330019,1.0084438,0.5670174,-0.6807509,-0.45955226,-0.08464323,0.100560814,0.05062133,-0.16777433,-0.796552,1.2771213,-0.50361747,0.23916365,0.42585865,-0.4144597,0.23440468,-0.035908967,-1.459285,0.27453136
0.28363267,0.6008048,0.23696664,0.6678035,0.044483155,-0.14902806,0.87773097,0.19109626,-1.1721632,-0.5174746,-0.6889693,0.24051523,-0.8338529,-0.77453744,1.4581443,0.5380511,-1.084153,-0.62561387,-0.19424689,-0.69804657,-0.19174272,-0.5951659,0.18550943,0.2885518,-1.1192322,-1.3347714,0.40162528,0.3527924,-0.2536587,0.91250783,0.5896696,-0.8933546
-0.9538481,-0.2970479,-0.4399044,1.1430596,0.40031117,0.0001975298,-0.43790272,-1.168282,-0.8551119,0.13034493,1.0009174,-0.5088853,-0.72953856,0.59380406,0.5133544,0.7767253,0.29885453,-0.66538393,1.0917206,-0.9135492,0.71940297,0.5241407,-0.8938268,0.9012911,0.57005644,-0.1755665,-0.3651635,0.21600264,-0.35295632,0.9367782,0.56476235,-0.4016724
-2.159312,-0.25226825,0.32301265,0.44540563,1.6518915,0.49420178,0.07473531,-0.61474204,-0.5797876,-0.32308254,-0.40661964,0.7073262,-1.805021,0.57749844,0.8773055,-0.5416461,-0.095556974,-0.878024,-0.47034603,1.2143319,-0.017301328,-0.24050845,0.30353558,0.005380906,0.2547751,0.69368213,2.555056,-1.235949,-0.7004845,-0.68185943,-1.0444384,-1.0998102
-0.20924263,0.37108907,1.0979489,-0.14012882,-0.54103315,0.64204913,1.4842482,-1.1293716,0.12306352,0.34359202,-0.4932545,-0.66024065,0.40823096,0.11063208,1.3090373,-1.4918485,-1.4840801,-0.3069466,0.58099496,-1.0132926,1.0976545,0.14170259,-1.4803541,1.4967747,-1.4193652,-0.70841455,0.8452873,1.1107296,0.32483923,1.2718648,0.640298,0.43114558
-1.3354726,-1.0278313,-1.2300313,-1.7793875,-1.2280946,-1.4467615,-1.2477517,-0.95175034,1.6923447,0.8852116,-1.6747284,-0.07880038,-0.738237,-0.7396321,0.88058996,-1.7986226,-0.4827245,0.05192876,-0.16459085,-1.1407083,1.2095876,0.17566137,-0.67735714,-1.2882109,-0.6390723,0.5274943,0.5161097,-2.1575325,0.66784585,-0.32796937,-0.4408278,-0.7466711
-1.7809644,0.018265367,0.64057004,-0.23175886,-1.387735,-0.20410016,0.103780285,-0.5493848,-0.11149305,0.9499005,-0.93333495,0.42906404,-1.1400299,0.10289577,-0.073727325,-0.5087891,-0.13524127,-0.01528791,0.2665379,-0.64311826,-0.42901957,0.14229503,0.0037193298,2.3502135,0.39526808,0.2468479,1.1305754,-1.5847532,0.6475064,-0.3690213,-0.6210832,-0.021467477
-0.03606007,-0.08553158,-0.5392215,0.7895634,0.65267015,-0.67130053,0.110889316,0.7262975,-0.7381307,0.6034147,-0.73718435,0.8386838,0.10155551,-0.08682284,0.7020998,-0.71465683,-0.52519715,-1.6704569,-2.0281394,-0.2130211,1.3052955,-0.19372614,-1.1442921,0.46818823,0.77709925,1.6813827,-0.1356278,0.53563106,-0.061431028,-0.8303208,0.23382537,-0.36982736
0.006521154,0.1806762,0.3232363,0.25413123,-1.2872686,-1.2228104,0.25489074,0.07529542,-0.17121339,-0.71631837,0.65772974,1.0946388,-0.06807986,0.7780966,0.6735278,0.30316997,0.7086449,0.851581,0.52986145,-1.0342014,-0.38347584,-0.23297596,1.0750446,2.0598319,-0.15081812,0.26626295,0.97450423,-1.0015523,1.4433844,0.07287799,0.7705999,-0.10292672
-0.42980662,-1.6161741,-0.097196884,-1.3786124,-1.4628551,-0.40258983,-1.3213238,-0.18611972,0.9085986,1.7097802,0.18066308,0.14004469,-0.53129184,-1.967997,1.867485,1.5060298,-1.3445596,0.02430595,0.038474187,0.68606955,0.5804522,0.9331051,0.63418406,-1.0798477,0.078046784,0.40254125,-1.0114093,-0.7466174,1.3880731,-0.55551505,0.4841936,-1.8992049
-0.90595806,-1.1391189,-0.3293887,-0.7358838,-0.96241313,1.1126986,0.65172195,-2.246421,0.99944526,-0.6454784,0.22402155,-0.65268767,-1.6323936,1.6252239,1.0543201,-1.0131298,-0.38775057,-0.018347695,-0.3024422,-0.6936744,0.13106366,-1.4469378,-1.1436236,0.6720002,-0.69856834,-0.49720326,0.56502783,0.97776604,0.8011002,1.936722,1.7085941,-0.6315434
0.3940852,-2.5755062,-1.412828,-0.9033232,1.9196196,1.1133015,0.5183795,-2.1237447,-2.898461,0.5164087,1.3008509,-1.057985,0.5278011,0.18843378,0.2958951,-1.9785726,0.6305216,0.7368743,2.440582,-2.7445793,-0.6920043,-0.6012724,1.5510951,-0.8649888,1.8630351,1.4477075,0.60704005,1.1188246,-0.100835264,-0.72691345,-0.89773023,2.7071636
-0.21860318,0.7372596,-0.15453759,-0.7096495,-0.20538701,-0.18573323,0.12774616,0.3902827,-0.6281849,0.4006946,0.44830713,0.31230503,-1.4891951,-0.0072673634,0.3296778,-1.0597037,0.9110575,0.5949379,-0.5522698,0.30494058,-1.3949838,-0.7392101,-1.2124012,0.8607218,-0.22064613,1.160527,0.27544427,0.34231424,-0.1913512,-0.5412854,-0.19662262,0.9986116
-1.6500816,-3.2433813,-1.2578537,-1.1898668,1.2101908,1.2292638,-0.060909256,-0.6380646,-1.4274333,-0.8900051,0.7051526,-0.83641565,0.35568875,-0.039110363,-2.0530431,-2.4449394,-0.38833016,1.6119955,0.4118345,-1.5587567,-1.7554727,-0.5049967,0.93572605,-0.15473065,0.09975523,-0.90096545,-1.4156022,-0.03465209,-1.0669146,0.7441833,0.12711021,0.49284106
-0.42480725,0.9164661,2.6742148,-0.25366074,-2.0164523,-0.7065234,-2.1452847,0.75766295,0.4863224,0.036729917,0.21630628,-0.903825,1.093147,0.48282653,0.26167047,0.5891402,-1.0702673,1.7666116,0.625261,0.35997707,0.6432778,1.8535287,-0.9415093,1.3536738,2.8081684,-1.8938935,0.15096089,0.6777126,0.31566694,0.3632605,-0.25941828,-0.84718823
-1.2142434,0.16079181,0.31536418,-0.7903202,0.7754749,-1.9816976,-1.079627,-2.1274135,1.5843813,-1.5687922,0.17487401,0.5911032,1.732134,0.72848034,1.5893543,1.3039327,-0.86852443,-0.7547302,1.8260083,-0.3095743,0.47701803,-0.19889566,-0.3708385,1.6339457,-0.26917157,0.99708843,0.082886085,-0.5181691,-1.4101006,-0.024359465,-0.07663761,-0.98149395
-1.0317988,0.6840921,0.7705735,0.034551844,-0.7643969,-1.3811927,0.11559527,-0.4633606,0.4944431,-0.037988454,-0.7703446,0.74320847,0.40344977,1.0254997,0.11469433,0.44157007,-1.0197326,-0.9152366,0.43549633,0.6474944,0.3837572,-0.23432939,-1.5263361,-2.344632,1.2932156,-0.053619564,-1.7268785,-0.45794848,0.08458447,0.19274345,-1.491199,-0.8712354
-1.5722349,0.71186715,1.3777153,-1.4609709,0.34971926,0.6533735,0.62576,-0.9092942,0.46667778,-0.92496216,0.43296716,0.2595972,-0.05192516,-1.1122173,0.9304743,-0.5626259,0.40213096,-1.0095717,-0.2963466,-0.11014773,0.20001596,0.81919396,0.19607247,2.0075865,-0.23588523,-0.012492351,0.65196425,0.746284,1.0119416,-0.16943808,-0.33546722,-0.22356108
0.9938543,-0.5079469,0.5558073,-0.15099952,0.28736573,-0.45532334,-0.8261474,0.116207615,0.63280237,0.34024078,0.14422907,-0.75688493,0.6564162,-0.07753,0.65170443,1.2969861,1.4941075,0.78514934,-1.0130692,-0.035916075,0.19028702,-1.3572079,0.19718817,1.7409904,0.081854984,0.21854585,0.5448817,-0.2704137,0.07487816,1.3179818,0.29312527,0.121279076
0.44725814,0.1607666,-0.8712546,0.56906736,-1.1893526,-0.9699491,-0.41742235,-0.11132248,-0.42738098,0.5151837,0.6453884,0.09493075,-1.1504328,-0.87987566,0.4872063,0.42158538,0.20493683,0.21641448,0.05682865,0.39674005,-0.16089994,0.44531178,-0.5610725,-0.36355832,0.28149378,-0.12617987,0.8861066,-0.019100584,-0.7237204,-1.2009289,0.20117798,0.26545742
-0.66211784,0.034206957,0.18117017,-0.0026686937,-0.76078135,0.6982533,0.08846095,-0.6486254,0.5343901,-0.93095773,0.27444744,1.4436731,-0.5775938,-1.0280955,1.0892085,0.062313706,1.3859779,-1.233853,-1.1555371,0.6706138,-1.0899557,0.009490088,-0.14050345,0.44287944,1.1563741,-0.050158396,-0.40105897,-0.95972484,0.049552083,0.8505014,0.47259873,-0.18452409
1.0394436,0.7747688,-2.3966298,0.17439944,1.8511573,0.13100666,0.53708214,-0.35158527,0.23732954,0.08402622,-1.4948535,1.1931132,-0.16758567,0.22364365,-0.07037327,0.30581185,2.0159156,1.1673561,0.8396406,-0.98766357,-0.37958223,-0.17426138,-1.3295561e-05,0.035676107,-0.55127966,-0.21922031,1.2296528,1.506018,1.3512168,-0.19332638,0.16778275,-0.2833725
0.43438554,-0.6107297,1.4711401,0.36787063,-0.51205134,0.39831865,-0.08019811,-0.325045,-1.1670202,-0.5346395,0.61566883,-1.0410423,1.4116071,1.3512222,0.6808234,0.27164483,-0.39058504,-0.66909015,-2.2619612,-0.17636794,-0.5961772,0.7623023,-2.414627,1.2101165,-2.1197171,0.85587,0.3651467,-0.504177,1.4372518,0.53954166,1.2347169,0.27714378
0.22794698,2.6036906,-0.16752005,-0.16230622,1.6233525,-0.44263127,-0.8002045,-0.24966207,-0.7335355,-0.5032093,-1.5073063,-0.1950498,-0.954147,0.48899293,-0.7766993,0.1751653,1.9815345,-0.09134844,-0.082237884,-1.4420221,-0.46704412,-0.49173573,-0.22490527,-2.0813591,-0.58603567,-0.73475814,1.4127417,-0.047021836,-0.5369471,-0.30759954,0.22207484,-1.0374587
1.4420964,0.5160769,0.91458535,0.019420967,-0.8363688,-0.41165274,-0.43932462,-1.107981,-0.91813344,-0.22802067,1.0066806,-1.6515119,-0.64010483,-0.69730884,0.42047235,-0.10557538,-0.16343051,1.1133916,-0.13084625,0.4712075,-1.3613516,-0.15818608,-0.75196826,-0.17996198,-0.50153005,-0.46688026,0.9896258,-0.98217416,-0.19416887,0.9425546,0.9288184,-1.0728291
-0.9809656,1.1506746,0.5940063,0.56111705,0.28506362,-1.4985144,0.8502514,0.04254006,0.95444834,-0.437036,0.8560939,0.13162547,-0.37363443,0.01337558,0.90358204,-0.023306608,-2.2954373,0.42443535,0.19556244,0.4745269,-0.22786969,-1.3110927,-0.5302913,1.3944316,0.5925822,1.233392,-1.7070994,0.3017878,0.57094944,-0.55018735,-1.9084017,-1.193016
-0.5427514,-0.6175822,0.7613947,-0.3578733,-0.6710825,-0.7453526,-0.7628998,0.25351351,0.38408217,0.6696102,-0.34259862,-0.9079999,-1.2037834,-0.8021183,0.4322322,0.72441655,0.89812183,0.6704223,-0.21258372,-0.94887584,0.7195934,-0.68628025,0.1018998,0.82133275,-0.053293303,-0.98871756,0.039299272,0.2915348,-0.72185886,0.34738305,-0.06093113,0.40936276
1.1075805,0.034286074,0.6018301,-1.8606281,-0.7434045,0.3250972,-0.4283003,-0.4550217,0.68048763,1.0801623,1.0067056,0.42000103,-0.8493882,-1.088778,2.4085588,-2.2485306,-0.6522157,0.08559957,1.7288494,-0.80466765,1.548573,1.3650486,0.1656055,-0.16223675,-1.3006685,1.5439062,-0.50144887,0.8973186,1.3741574,1.0298095,0.4171651,-1.3970776
1.2303355,-0.6096435,0.66707486,0.09902156,0.47096497,1.469583,-0.50684035,-0.0417105,0.8957609,0.3656749,0.44780773,0.43272176,0.25670743,0.75432885,0.45884544,-0.1981899,-0.76029,-2.1623478,0.5408294,-2.2351427,-0.74880654,0.13039455,-0.7632519,-0.055519387,-0.6120475,1.390532,0.06820522,0.64289737,0.57986,0.23121005,-0.24381904,-0.79462874
-0.68606794,-0.27825662,0.8939005,-0.28381684,-0.5546314,-1.3915896,1.4769031,-0.4527299,-0.41138965,-0.5295529,0.04317133,-0.928959,0.035773396,0.25022453,0.37495238,0.429783,-1.0078624,-1.3698568,-1.1094487,1.4555771,0.05975671,-0.43303108,-0.9102621,1.1592743,-0.3440524,-1.0290862,-0.50330985,0.89953977,0.9309824,-1.8752928,-0.6413702,-0.6582655
1.5278375,-0.5466224,-0.7517549,1.1690141,-0.2593689,0.5018885,0.13135324,-2.592766,0.7020884,1.1720812,1.5649123,0.90059984,0.285272,-0.027045995,0.6028371,1.3656627,0.26930293,-1.8406733,-0.53732836,-0.5452629,0.6473908,0.025622934,-1.7414036,2.099369,0.40511858,0.68503886,0.9444487,0.57113534,-0.00079733133,-0.2543252,-0.8081598,-0.51153773
-0.06965797,0.85685754,0.28795555,0.4830103,1.2632732,0.004122883,-1.0092288,-0.1649603,0.6660005,-0.53614694,-0.8695357,1.0827882,-1.0774597,0.2984202,1.2743392,-1.1956315,-0.071327165,-1.285527,-1.517262,1.7311677,0.026662385,-0.92651397,-1.0091869,1.3420509,-0.2357225,0.5129934,-0.2811734,-1.2907196,-0.7106088,-1.059757,-0.620166,-0.7560879
-1.0871718,-0.13290748,1.2637227,1.8065357,-0.26082033,-0.5170685,-0.7975944,-1.3870115,0.27242166,-0.24543393,0.22110811,0.18147811,-0.44603884,-0.886219,0.23549369,2.125884,0.37043163,-1.3878558,-1.3237388,0.13985297,0.9652216,-0.50847167,-1.3818419,1.5017021,-0.23897156,0.7443215,0.9696353,-1.468821,1.0839225,0.31567413,0.014946967,-0.066578865
-0.57891834,0.9306967,0.3208409,0.44531935,0.5672317,0.55326694,-0.13617112,-0.75695217,-0.26979965,-0.6420961,-0.23980081,-0.6266148,-0.61981416,-0.8763253,1.9449964,-1.4946022,1.2298532,-0.21285132,-0.18916675,0.23947442,-0.21911672,0.89660716,-0.34892607,0.76790035,0.65336424,-0.32242924,-0.24738581,-0.7077949,0.47407675,-0.11196162,0.22839843,1.1180556
1.2631944,1.3237534,-1.5097111,0.7563769,-0.15046974,-2.4402213,1.6491477,-0.43443826,-0.18108776,1.3793554,-0.42317152,-1.3329141,-0.11462862,-0.03840071,-0.8935894,0.8585548,3.1064065,0.6860138,-0.815526,0.123619854,-0.23318517,0.61360955,-1.128258,-0.47650748,0.6407571,-1.1902715,-0.40010256,-0.05497749,-0.8212007,-1.3132706,-0.8351903,-1.9761347
-0.052543655,-0.5561486,-0.52825046,-1.1512891,0.066477925,0.21735242,-0.8411373,-0.8539109,1.4775109,-0.95755816,0.49273685,-0.31144792,-0.32354677,-1.1038439,0.95426774,0.359292,-0.65909916,-0.9745245,0.69465405,-0.2657646,0.6571023,-1.5297825,-0.4184254,0.16453882,1.9746069,-0.47456318,-0.07292928,-1.50812,-0.2859939,-0.703694,-0.074729845,-0.741846
-0.67066854,-0.568867,-0.09425652,1.0373964,1.0878211,0.16793469,-0.034783855,-0.13126422,-0.66827154,-0.37866032,-0.45241785,-0.44833738,-1.242424,-0.43995327,1.7087181,-0.48885044,0.023936123,-1.4979386,-0.8134141,0.14090705,0.057447374,0.15964447,0.44356757,0.74353194,-1.3561381,-1.7266676,-0.324858,-1.5510668,-0.8412814,1.2012422,0.5731624,-1.6327101
0.6366939,-0.73557407,1.7344897,1.736653,1.3210618,0.66378534,-0.5863244,1.5480087,0.403996,0.7843091,-0.41788968,1.8779993,1.0727816,-0.7898412,-0.32524222,-0.34878734,-1.6711488,-1.5868828,0.351943,2.2504494,0.13603428,0.29138535,-0.9217128,2.551753,3.3675277,-1.1572359,1.0015746,-2.1992188,-0.19969475,0.83881736,-0.747079,0.20370293
0.3271066,1.2211605,0.7367227,-0.6341056,0.72590315,-1.3458614,0.34806713,1.2609942,-0.2502935,0.35216716,0.042412944,-0.6201117,-0.14298297,1.4866171,0.1900805,-0.852295,-0.33035672,-0.9839903,-0.2758531,-0.77435434,-0.18406585,-0.5481955,0.96690917,0.5246201,0.10901855,0.08421176,1.323287,-0.11788627,-0.97955453,0.27852458,-1.4321259,-0.9323883
0.15693796,-0.060452923,0.7197943,0.053892434,1.1275401,0.9044518,-0.56108636,-0.24229643,-0.05924654,-0.7310489,-0.62513405,0.4052199,-1.2526789,-0.29954496,0.96854985,-0.8372246,-0.47828764,-0.053011976,-0.3585322,-1.0359683,-0.8440915,0.9309286,0.20431392,0.61703074,-0.58737946,-0.78171384,0.016690956,-0.4511789,0.24988428,0.75612473,0.19088592,-0.6658964
-1.3881056,0.48455766,-0.42466348,0.6174151,0.058271725,0.0742134,-0.0007289052,-0.07255462,-0.5923182,-0.623827,0.82593024,-0.63397634,-0.542802,-0.97639424,0.82345843,-0.26410657,-0.2284146,-0.6505838,0.29912007,-0.04625711,0.094500914,-0.41195995,-0.44226617,0.62095344,1.3229504,-0.2681691,0.6596474,0.6528646,1.226672,1.4942641,0.5540287,-0.58498305
-0.7022905,-0.18773545,0.021891564,2.1418028,0.0365299,-0.3408236,-1.4728713,0.37360895,-0.43864956,-0.6488403,-1.9934899,0.55376875,-1.6271769,-1.0078692,0.8805775,-0.862309,-0.49696937,-0.17973365,-0.54336125,-0.5003004,0.107403785,0.31971326,0.1828965,0.62573886,0.1648126,-1.5608984,0.80235195,-0.4846872,0.052536428,-0.8797688,0.21895988,-0.6382546
0.4618892,1.2886819,-2.026585,-0.16371073,1.8043895,0.13741238,0.11360544,-1.0667062,-0.4988684,0.48466766,-0.9656628,0.43964496,-0.062253594,-0.1906158,0.14931974,-0.13582617,2.4403517,-0.16556883,0.25249738,-0.66066957,-0.6340648,0.332978,0.59798217,0.5972696,-0.102546096,0.002681166,1.6010404,1.4921937,1.232089,-0.84400445,-0.91967034,0.026000142
-0.2297951,-1.3797505,0.8488022,1.59206,-0.04097342,-0.76188356,-0.71774346,0.83820194,-0.4246161,0.18745467,-0.61390644,0.30214387,1.0628146,0.67624855,-0.7149345,-0.6030135,0.3021332,-0.71446514,-0.996156,-0.1348169,-1.8142459,-0.21659991,-0.34160778,0.71546394,1.3216189,-0.6793041,1.6904721,0.9430212,0.12004708,0.1504403,0.24465209,-0.6152115
-0.7042622,-0.167298,0.46462435,0.39323193,-0.1884903,0.002079621,-1.6726651,-0.12365845,0.51335835,0.26050115,0.38321477,0.26766747,-0.49435446,0.36033782,1.1714801,-0.7171494,-0.54343414,-0.22046202,0.0005390048,-0.5405573,-0.7029525,0.21909292,0.7689215,-0.03479928,0.5292678,1.5843742,0.12913573,0.5635289,-0.1224775,-1.0250503,-1.3425986,-1.1715887
1.1060823,0.14199063,0.7368128,-1.235704,-0.5912745,-0.82618505,-0.217615,0.8561054,-0.8627194,-0.044622734,-0.84343493,1.2793834,-0.2485372,0.8086587,0.91352975,0.2590362,-0.57915956,-1.2344122,0.23878658,1.1287413,1.2205957,-0.16679494,-0.37023368,-0.38958517,0.4436219,1.139272,-1.1711196,0.15370703,-2.452171,-1.2765486,-0.33262104,-1.7018762
-0.44856346,-1.5865893,1.1560887,1.1129832,1.480952,0.35966814,0.7886946,-1.6203165,-0.88529354,-1.3155867,0.95218897,-0.5527191,-0.7317946,0.93487155,1.1441405,1.748735,-0.89447796,-1.3785722,0.4641878,-1.7390764,0.15808763,-0.4914115,0.36112288,0.22367692,1.2514274,-1.3083032,-0.98534846,-0.5323995,-0.5093057,0.29332888,0.46248996,0.06780026
0.11891721,-0.25868392,0.398608,0.535901,0.5605649,-0.39267278,-0.7450711,0.2471304,-0.06872028,0.79666245,0.021956176,-0.21239056,-0.7286476,-0.6574967,0.6277598,0.061467335,-0.6978008,-0.4198981,0.29368496,-1.1934173,0.61588407,0.44909608,-0.5872138,0.87016094,-0.05873911,-0.4615324,0.6993269,-0.819841,0.15952861,-0.51416904,0.3301706,-0.3005304
0.736593,-0.75445455,0.1609312,-0.8303078,-1.0501623,-0.42599642,-1.3445346,1.4781363,0.7428069,-1.7941645,-0.18097371,-0.11701829,-1.1779037,-0.39377424,-1.3781161,-0.36600628,-1.0816723,-2.1213312,0.07446325,-0.32466245,2.025693,2.0208106,-0.09929877,-0.055699438,-1.2336097,0.017191537,-1.4520214,0.8201247,-0.5360054,-0.13782135,-0.6754278,1.2496468
0.50798756,0.4877337,0.32738015,-1.2383327,-0.10882325,0.10195586,0.6534362,0.81746453,0.022167116,-0.31631052,-0.09969744,-0.7781489,-0.67643845,-0.25015235,0.58263135,-1.2307888,-0.41061577,-1.0734525,0.4938032,-0.66923374,-0.3094355,-1.2868307,1.1869844,0.50673723,-1.1149755,-0.10199707,-1.7028422,0.48571506,1.2816751,0.39982128,-0.49938273,0.016008034
0.50876343,0.62070006,-0.12740967,-1.6709077,-2.3184526,-0.2532076,0.41112116,1.0311446,1.0355399,-1.8809147,0.23204939,1.2601802,-0.9695418,2.5016146,-0.5318575,-0.23182747,-0.15751329,-0.2868955,2.3437734,1.0826108,0.27923843,0.22278666,-0.4371103,-0.72111464,-0.17440528,0.40690953,-0.3947209,2.5292068,0.10259861,-0.5351159,-0.5978074,-0.89837
0.5751172,-0.061350726,-0.6384107,1.4899272,-0.92484015,-1.6061822,-0.88330626,-0.6175008,0.6312329,0.15286383,-0.58915734,-0.09925085,-1.021059,0.11643109,1.3445942,0.5897343,0.9168414,-0.5656435,-0.098468035,-0.2424412,-0.80689585,-0.5639278,-0.069589905,0.30176648,0.49488148,-0.76869,-0.35365415,0.31428987,0.29289863,-1.7344474,-1.0170406,-0.03600193
0.437942,1.0584996,-1.733372,0.94155335,0.64158905,0.088882715,1.8647406,1.4483529,0.53177357,-0.87925816,-0.533599,0.571113,1.0763643,0.3802377,1.1076932,0.2131415,2.5070918,1.2726179,-0.14319026,-1.6638554,-0.28380004,-0.45268667,0.024113595,-1.1087797,0.7921748,0.18197346,0.92934036,0.7181274,-0.21561466,-1.206702,0.019740582,-1.1962972
0.09649343,0.5607935,-0.98100317,0.50092846,0.5557181,-0.36526376,-0.41389537,0.16568467,1.142835,-0.35077536,0.6968781,-0.4728819,-0.31809157,-1.1628537,1.2512059,-1.022269,1.0246618,-0.7764085,-0.14305854,-0.49269688,0.28231788,-0.4827453,0.21205509,-0.117107734,0.7863125,1.345087,1.6423554,0.3764466,-0.96726763,-0.09063895,-0.8916346,-0.38154972
-0.5200741,0.015049115,0.05292684,-0.40592507,0.6733457,0.76576257,-0.64926094,-0.060485926,-0.93846047,-0.013955675,-0.15272316,0.27460718,0.5760599,-1.303361,0.4005856,0.29059938,-0.6991818,0.25567713,-0.3544824,0.67242163,0.2198651,-1.0125139,1.3015285,0.655712,-0.6590043,-0.86229503,0.776106,0.112163045,-0.22801924,0.6320567,0.3689107,-0.36804718
1.2289823,-0.037859365,-1.0372386,0.59055674,-0.88617086,-1.2677357,-0.29044837,0.19658354,0.54550934,-0.62014055,0.3997162,-0.01017645,0.6739621,0.76572835,1.014185,-0.84159195,-0.95718354,-0.02211415,-0.8252132,-0.5284938,-1.5545385,-0.6877067,-0.509442,0.2934246,-1.1543978,0.025521247,0.0846872,0.5718563,0.8167666,-1.3390875,-0.05204338,0.1799524
0.027368188,-1.5934782,0.58955735,-0.21999982,0.7022736,0.47790623,0.4187693,-1.79894,-0.6587596,-0.19132918,-1.0087548,1.1806352,0.9047104,-0.72179246,0.552307,-0.8228579,-0.91855806,1.744005,0.07504521,1.2750227,-0.21850714,0.19669318,-0.37771833,0.8685255,-1.4060819,0.09557429,-2.1071486,0.80844027,0.15806225,-0.77971905,-1.2713008,-0.93156075
1.1147162,-0.7840297,-0.5807636,-0.32896236,-1.0633355,0.7245054,0.8450946,0.91084623,-0.25300252,0.5326929,-0.9936417,0.55093014,-0.42347163,0.7031741,0.8346418,1.0029464,-0.84462106,-0.9009138,-2.2467256,-0.72928125,0.028210826,-1.5528623,0.39585036,0.13379264,0.0501146,0.61403346,1.1874632,0.7237588,1.373165,0.10585761,-0.41481227,0.115208805
0.9387549,0.9491677,0.33200562,0.28851357,0.35396558,-0.46129638,-0.6430197,-0.017964736,0.84734654,0.0035246313,0.41185874,-0.68995893,0.6279594,-1.9700339,-0.37272507,0.36132157,-3.0198174,-0.020305425,1.8598036,-0.90031713,0.0053458363,-0.66087514,0.1128277,1.0007834,0.28511584,1.1701418,0.68355644,1.7781882,-0.36333603,0.26231784,-0.719771,-1.0688566
0.7378523,-1.2406378,0.7520127,0.7446812,-0.53206336,-0.07525341,-0.1087262,0.40608928,-0.4592502,0.24819447,0.7600275,1.7282634,0.112788714,-0.57453376,1.1017382,-0.03807174,1.4865248,-0.073954485,0.26040563,-0.48736814,2.0699446,0.21506858,-0.07395561,0.00078941695,-1.0750823,0.30714488,1.0486343,0.24712783,0.939554,0.67052096,0.78802586,-1.3527788
-0.14518744,0.8351698,-0.1636059,-0.48555616,0.44332826,-0.17458355,-0.9147544,0.6783945,-0.45707422,-0.56221205,0.43174845,-0.31645265,-0.65485805,0.30344903,0.5633165,1.423192,-0.5107004,-0.6224048,0.040317416,-0.15218836,0.19425753,0.6834777,-1.4352676,-0.22361712,0.8717793,-0.56467724,-0.26766562,0.57149607,-0.37081578,0.17465563,-0.38476694,-0.5142134
-1.9148179,0.6949197,-0.41120553,-0.3507535,-0.7615564,1.4478533,0.71785164,-0.38666356,-0.14698589,-0.11090175,0.261379,1.6883363,0.18067318,0.024671007,0.48502612,0.5274297,-0.87168944,-1.9853787,-0.97599757,0.26667616,-0.38656497,-0.8202059,-0.83820367,0.5577756,-0.21781863,-0.34973451,0.025584713,-1.1931489,0.36444062,1.4332249,-0.9353512,0.3750123
0.88450575,0.33737057,0.38283044,-1.2307631,-0.2863436,2.1788797,-0.4848488,-0.6510885,0.67126286,-2.278581,-1.0782623,2.464548,-0.9194914,0.6957578,-0.2197201,0.5064916,-2.5462341,-0.31116349,2.0051434,1.0678763,-0.3256125,0.6730441,-0.05872488,-0.6948335,-0.4413796,2.133796,-0.853329,1.257051,0.24291414,0.36470795,-0.7467638,-0.53838503
0.97994375,0.66633284,-0.6413698,-0.9727716,-2.7659426,0.06979853,0.5949755,1.9260738,1.0126243,-1.1276577,1.300777,-0.21805549,-1.6126733,2.3298721,-0.76495945,0.49563974,-0.6265726,0.6189405,2.0569665,-0.16572806,-0.06944615,-1.1696552,-0.6587637,0.3185734,-0.76353395,0.946527,-1.4505818,1.5727941,0.5699257,-0.70080763,-0.83867913,-0.24553287
-0.5964973,0.48279443,0.10338873,0.38950524,-1.4754691,-0.15216887,0.4328935,-0.625893,-0.60096467,-0.68094754,-0.12457961,0.37891355,-1.745582,-0.84075963,-0.4880951,0.12977687,0.3429666,-0.1113371,0.5856037,-0.4566489,-0.62722415,-1.6517994,-1.876678,1.6131924,-0.7262798,-0.08677958,1.0209404,0.2205902,-0.3297863,-0.4623466,0.6770618,1.32902
0.06927176,-0.6017081,0.6064697,0.9772718,-1.5322518,-0.0077235834,-0.39800864,-0.121251546,-0.4427607,0.9904919,-0.26339307,-0.6674716,-1.1887156,-1.5899708,0.87568355,0.6885978,0.6294448,0.812806,-0.0584379,0.79303324,-0.51841956,-0.8638494,-0.50637794,-0.61026466,0.20200971,0.4383666,-0.057304032,0.3063876,0.26502636,-1.1167622,-0.104058504,-0.80194986
0.4718049,-0.9774571,0.8049683,-0.51004237,0.12065615,0.3945984,-0.09308049,0.09610419,0.19746391,-1.0036159,1.5535768,-0.8439045,-0.4270859,-1.2052501,1.1382601,0.5414621,-0.7536537,-1.0589249,-0.42323044,0.25748163,-0.6132966,-0.39893317,0.22301759,0.2300533,-0.71608245,-0.067044705,0.651946,0.14340515,-0.20118083,-1.1925828,0.8232802,-0.4020708
0.88689303,-0.1480097,-0.020694599,0.4294578,0.23381798,-0.25515258,-0.36277723,0.70539266,0.48477885,-0.13195017,1.1109492,0.068554126,0.43926585,-0.7789403,0.3384425,-0.6838375,-0.31122985,-1.1386542,-0.56176376,-2.199204,0.035959385,1.3312407,-0.3267192,0.674385,-0.65453196,0.34649748,0.99043727,1.4039154,0.46425018,0.46860734,-0.3519365,-0.17723206
-0.2952881,-0.119184256,1.4440336,-0.18989128,0.03632667,-0.7540255,1.1534975,-0.11685111,0.77816063,-0.08583182,-0.7752896,1.1941521,0.7055999,-1.3854779,1.8495398,-0.936195,-0.844371,1.318663,-0.25760007,-0.012672752,0.7766849,-0.47891137,-1.2554786,-1.1607654,-1.4320952,-0.04429756,0.88240093,1.1082634,-0.80890274,0.7349284,-0.37743342,-0.07010859
0.32011104,-0.6681911,-0.972187,-0.22001213,0.22981358,-0.2312143,0.809751,-0.3160068,0.53563064,-0.24100396,-0.50795496,0.76426923,0.25041646,-0.8008906,0.59092987,-1.1448343,-0.004813373,-0.5738822,-0.05526307,0.58548415,-0.12781018,-0.6145735,0.13824514,0.93030095,-0.48712647,-0.66972274,0.65038085,0.045425653,0.043086916,0.8907122,0.32328877,0.36055934
0.8415969,2.1980636,-0.7466179,2.6574454,-0.85666883,1.9776037,-2.1541197,-2.7386844,0.6877033,0.7126771,1.4510535,-3.2884,-1.4448047,-1.1946876,-1.331942,0.17882,-0.6270113,0.9106871,0.39734048,0.6720815,-1.2599652,-1.8589517,2.5268965,1.7547171,0.79220515,-0.9105891,-0.78246933,1.3012338,0.33676428,-0.16548407,0.686555,-0.37542874
1.4897419,1.8159347,0.6656306,-0.89833283,-1.2941444,-1.2437288,0.5170256,-0.085696846,0.32467213,-1.4358374,-1.3745528,0.6462398,-0.9288767,0.76473314,-0.26205397,-1.4647908,-0.47329122,-0.08959532,-0.21561778,-0.13576859,0.59708625,2.4444442,-1.3502543,1.2022303,0.18251467,2.7523375,-0.8129008,1.5167906,-1.9153057,-0.038047194,0.19484684,0.032873794
-0.13815857,-0.35297778,-0.16321711,-0.7061262,-0.38395515,0.19844142,-0.48765993,-0.6877179,-0.39357528,-1.7887118,0.6501908,-0.37101808,0.4862445,-0.7735353,-0.24712291,0.062275413,-0.19725116,-0.13129431,0.8583334,0.8487213,-0.17906292,-1.2117975,-0.3541344,-0.3854834,0.19262263,-0.23486747,0.74029213,0.84205425,0.28555292,0.2998842,-0.47452503,-0.13563214
1.6114824,0.034807295,-0.2356982,-0.6002115,-2.17693,-0.8615461,0.5295276,1.6945305,0.15742508,-0.89531285,-0.40577716,0.9348582,-0.51423526,1.2515213,0.2557401,0.36992207,-1.6054231,-0.08364427,0.76367295,1.6936669,1.0390872,0.14191233,-0.5157901,0.32428676,0.49686188,0.5105778,-0.6071489,1.5913103,-0.73853433,0.4234876,-0.7506397,-0.6512756
-1.1334327,-1.4251268,-0.4942026,-0.09226869,0.6515151,-1.5959058,-0.5102196,0.79047525,0.8777107,-2.4774811,-1.7636068,0.054448485,0.29411733,-0.23367289,0.16329588,1.5018673,-0.6828292,-0.015480459,0.0876514,-0.27468288,0.46857864,-0.46681353,-0.011099521,0.06761047,0.067754626,1.6229692,-0.037532568,-0.8993628,-0.48110688,-1.1306213,-0.289098,-0.53000987
0.12819503,-0.37058017,1.2554619,-0.7632287,0.3696952,0.07029997,-0.06376238,-0.018268704,0.7387976,-0.97692335,-0.29966357,0.47230995,-0.108340085,-0.23716901,1.558502,-0.5291933,0.28471756,0.56993675,-0.016544878,-0.72595906,-1.3817984,0.8119478,0.62925494,-0.037908398,0.5555879,0.16892895,0.44462395,0.48013484,0.029061593,-0.35904783,-1.2514536,-0.4955961
-0.03578002,-0.964745,0.12522636,0.3057243,0.7636632,-0.1285903,0.19799504,-0.78672874,0.5455195,0.4317904,1.2909997,-0.32745284,-0.4357383,-0.11632401,0.54935074,0.2773928,-0.6551738,0.050061747,-0.14385656,0.16035454,-0.68281794,-0.02795431,-0.35046083,0.4117319,1.6474875,-2.0190086,-0.2653343,0.20811278,-0.34004128,0.77230686,0.4878182,-0.39299333
-0.12913564,1.7268802,0.4513349,1.5216537,0.039607838,-1.898221,-0.31298205,-1.391079,-0.4076363,1.2364233,1.589731,-0.93492305,0.28793114,0.48486477,-0.065686196,0.7720363,0.12270145,-1.4291806,-1.0711368,0.16618443,-0.5135516,-0.53819525,-0.8341942,0.75701046,0.3088902,-0.37308753,-0.7908431,-0.14374247,0.16268942,-0.41863942,-1.3256218,-0.86670476
-1.1732615,0.21018693,0.7401879,-0.093393624,-0.37586853,-0.00034507643,-0.012869239,-1.7805356,0.8279847,0.53579724,-1.9774628,1.0677145,-0.02642487,-0.5683014,2.2926946,2.533329,0.5470146,0.017869428,-0.23732437,1.7019317,1.365442,-1.0109402,0.82614326,0.5001259,-0.28761324,-0.101083905,0.104727484,-0.97735393,-1.5943915,-0.7764628,1.3876935,-0.18708771
0.7323023,-0.48250404,1.4391752,0.38480812,1.0348663,-0.54541874,-1.1782098,-0.049694285,-0.6313748,1.1996218,0.5174568,0.5986742,0.3258199,0.24041712,-0.20739874,0.32870725,-0.11691001,-0.70116985,2.3858225,0.042138487,-0.18769315,-1.0308347,-0.87248087,0.83878934,-0.08154803,2.3313625,0.6769152,-0.83564204,-1.9698589,0.18122426,-1.2427654,0.36195967
0.25089818,-0.04934834,-0.1592742,0.17268533,-0.8756429,0.15405916,-0.4096465,-0.4026439,-0.026243985,-0.5083956,-0.04697293,0.45923787,0.02150461,-2.206118,0.87167805,-0.5953842,0.061864384,1.239043,-0.5994483,-0.08034457,-0.27171063,-2.1344905,-0.1696291,0.3237586,0.56664383,0.8323821,0.12127322,-0.1083482,-1.9780335,0.7712137,0.07477939,-1.0622569
0.35876662,-0.55354315,0.40923202,-1.4209269,0.271043,-1.7318369,1.0426594,0.66633224,-0.5459772,-0.886871,-0.75957114,-0.27560663,-0.45495278,0.6092361,0.6714629,0.22422323,-0.44817218,-0.6568121,-0.7783054,0.044532254,0.48986515,-0.8979023,-0.47033554,0.2269273,0.997273,1.21523,1.1349673,-0.38742593,0.6162547,0.3439396,-0.7071965,1.5399461
0.60443383,-0.023090895,0.581921,-0.50194395,-0.3002298,-0.21982159,0.24859847,0.17233613,-0.5917059,0.59891826,0.10866609,0.090632185,-0.1427533,-0.107894,-0.15136246,-0.39612058,-0.58064103,-0.20146883,0.16562207,-1.5220188,0.8881835,-0.2639816,-0.6104738,1.840284,-0.5770918,-0.93087554,-0.66613686,-0.56856644,-0.66947794,1.9826157,0.07843813,0.5951868
0.46628293,0.16262117,0.7121295,0.5583244,-1.1194134,0.2855965,-0.42889863,-0.044102907,-0.6520299,-0.9218496,0.11508625,-0.12991448,-0.20250638,-0.29130098,0.72142446,-0.8042772,1.2741752,0.5218549,-0.4187802,-1.2330074,-1.4334466,0.6663932,-0.067548245,0.5906296,0.3412737,-0.19882594,0.24979192,-0.5068624,0.13999683,0.70834357,0.13880274,-0.1131742
-1.3248212,0.35616145,0.11561078,-0.16388269,0.42632806,0.08461669,-1.657227,-0.073641956,-0.98841465,0.33280885,1.065025,-0.16330895,0.04329376,-0.6224251,1.3068824,1.1046364,-0.016189644,-0.08377242,-0.26054272,-0.63079435,-0.20579389,-0.54378873,-0.021435793,-0.010202352,0.053650647,0.3690021,0.72810453,0.17905642,1.169518,-1.5270948,0.7003565,-0.9747513
-0.8365652,-1.5040323,-4.552909,-1.84202,-0.6631397,-1.5831704,0.9116707,0.24212086,-2.7664256,-0.102046765,2.4176612,-0.8038498,1.2722403,-1.8946396,-1.0888244,-1.5351365,-0.3512359,0.19497374,-0.217704,3.4720044,1.5484169,-0.35153383,1.7783134,0.13264658,0.41850278,-1.1114928,-0.4530279,-2.7413807,0.7237245,-1.7581524,1.6781938,0.2032012
-0.08334233,-0.27926415,0.81791335,-0.6157572,0.8555381,-0.24193086,-2.5347476,-0.35499483,-0.47632223,-0.22770056,0.24961999,-1.0399573,0.5149301,-0.19814065,0.28094584,-0.28371254,0.32188123,-1.1897708,-0.6673236,-0.65829134,0.032988906,0.43148488,-1.3841529,0.014781682,-0.98701465,0.89750504,0.95150363,0.29957974,0.2072515,-1.6871665,-1.41173,-0.1307506
-0.47511178,-1.3515525,-1.7697921,0.78181404,-0.67816836,0.68220854,0.45817477,-1.7056566,-1.6682006,-0.02994582,1.0694205,-0.051000044,-0.42979366,0.57274836,-0.0028379709,-0.750454,0.57441217,1.7962327,0.094357565,-0.31656662,-0.13606927,0.5197992,1.0671555,-0.8542075,-0.4825981,-1.038437,0.2981028,-0.7186051,-0.5396701,-0.5640838,-1.5232513,-0.035119444
-0.55813634,-0.5558173,1.5379833,-0.83291197,-0.2934266,-0.80180085,-0.7456896,0.14689499,-0.23526172,0.644422,-0.2372587,0.2784618,-0.48268053,0.12773214,0.8952877,0.83128375,1.2656165,0.30225807,-1.0952494,-1.0382742,0.62553436,-0.11130276,-0.086769365,1.8211381,0.1997728,-0.21913531,-0.8055757,-0.74821234,0.13767698,0.5916268,-0.27328575,0.41648015
-0.124024674,0.14560857,-0.5286663,0.11448002,0.17199086,-0.912262,-0.4629748,0.3264008,-0.20978451,-0.004203856,0.7331128,-0.40290177,-0.8151586,-0.40995893,-0.3264713,0.40271682,-0.50302607,-0.66203815,-1.3680602,-0.25826502,-0.3326841,0.15099691,-0.90664923,0.39403644,-0.8951907,0.85343623,0.88875735,-0.20189014,0.5555513,0.6154987,-0.86532956,-0.28907678
-1.3151329,0.2424392,0.5634148,0.66407454,-0.49319625,-0.06425013,-0.60792214,-0.87659585,0.02052073,0.97144693,0.20300917,-0.11655108,-0.12725443,-0.08335178,1.7260659,0.8050062,0.7529906,-0.88726926,-0.30292565,0.28038043,-0.6711502,-0.085763276,-0.25410393,0.9872463,-0.05860555,-0.50806415,-0.36816192,0.19321813,-0.035219908,0.5277581,0.41137093,0.077659756
-0.49989867,-1.2892089,0.7209991,-0.10252306,0.315197,-0.41844136,0.4757691,-0.34803888,0.06651977,0.870746,-0.6051316,-0.61402535,-1.6769063,-1.4549303,1.003464,0.19876353,0.2894023,2.1210556,0.37700146,2.5472608,0.7851137,-0.9393985,0.31616366,0.76405233,1.082876,-0.71825695,-0.40426368,0.3742798,-0.18391934,1.1030514,-1.0406259,-0.56018126
-0.026780576,0.8174416,-0.7896672,1.0518744,1.4092565,-0.07238102,1.8191525,-0.17571181,-0.4980772,-0.063663155,0.5444734,-0.354667,-1.6154075,-0.14988314,-0.80027044,0.84073055,2.2766693,-0.6155916,0.8205125,-1.7814543,-0.42883855,0.069568634,0.079357654,0.49895868,1.0199312,0.8503858,-0.29452434,0.63347095,-1.6768855,-1.402437,-0.18573003,0.42320117
1.3015045,1.1407889,-0.6770345,-0.30035096,-0.6111616,0.5192908,-0.8474172,1.5479529,-0.24944785,-0.4238874,0.38032684,0.29872566,-0.2815783,-0.80550337,1.8126323,-0.35935655,0.12581828,-0.22908315,0.22718579,-1.0736804,0.4733918,-0.3480605,0.005208345,-0.8173847,0.40529025,-0.16400528,-0.056215197,0.022213034,0.081543215,-0.8319968,-0.11390946,0.3018902
0.60065806,-1.2961028,0.52014697,1.3162377,0.9966998,0.84446436,-0.43511268,1.0398346,0.10010261,0.7231293,-0.952203,-0.13763349,2.2226945e-05,-0.44894338,0.9607078,0.8213415,-0.67284304,-1.0184011,-0.29458335,0.121482365,0.11462879,-0.22349061,-1.7102475,0.25538123,0.28480121,0.039439954,0.048466325,-0.1657714,-0.47623253,0.9540223,0.6039921,-0.12441164
-0.8075477,-1.296945,1.7284557,-0.63811713,1.0248915,-0.37771985,-0.19204992,0.06643474,0.3573019,0.4360283,0.23699881,-0.34828287,0.90636325,-1.0653368,0.690467,1.43007,0.76754636,0.2611978,0.20782915,-0.40359858,-0.49974996,-0.68475085,-0.39380392,-0.12086029,0.48453265,-0.29741347,0.61256874,0.72773015,0.3227927,2.3397017,0.6369083,-0.9401009
0.966696,0.4497392,-0.5524225,-0.10252893,1.2910147,-0.09402176,1.3279927,-0.66750765,0.4810961,0.3939658,0.49956518,-0.07832405,-1.532945,-0.26523766,-1.3925834,0.9135916,1.55416,0.9833224,0.3656235,-0.04966108,-0.73510563,0.29501203,0.20373219,-0.6233903,-0.6436299,-0.49552622,1.133276,0.9978548,-0.045725107,-1.0250354,-1.5434847,0.0077300966
-0.6814946,0.7744765,0.85213464,0.8057916,-0.93819916,-1.3023937,0.58871436,-1.6635568,-0.37709588,-1.0784687,-0.0052794516,-1.6665537,-1.5247388,-0.6979847,-0.8101717,0.71579397,0.06911524,0.8464078,-0.5806477,0.6954236,1.7345874,-1.8122259,-1.1081588,2.02591,-0.23542732,-0.31851363,0.39635944,-0.57891226,0.45046595,1.7769871,-0.12694909,0.9072981
-0.5642751,0.727653,-1.0022632,0.3131351,-0.4983595,-0.5848041,-0.0886244,-0.056739345,-0.7754232,-1.400018,0.31198955,0.042402297,-0.3697542,0.28414693,0.5071979,1.4027915,-0.35133272,0.85110235,0.17037877,-0.41601968,-0.8033031,1.241969,-0.96308863,-0.1521587,0.22696364,0.4653142,1.1427377,0.6041701,-1.4238484,-0.33797446,-0.18257709,-1.1353687
0.0069009066,1.5501873,1.031258,-1.3164105,-1.1849196,0.5621159,0.28192195,-0.92111325,-0.19567706,-0.49709132,1.6574925,0.38429946,-0.9260142,-1.0517935,1.1696217,-0.95856,0.70320183,-0.5495612,-0.7554196,-0.15774684,0.8805425,0.95910597,0.7770195,-0.31672394,-0.8799634,-0.100708574,0.26798895,0.19438556,1.0204456,-0.19306648,0.3578131,-1.1773204
0.11931363,0.1663937,-0.5808036,0.27312678,-0.28822488,-0.500606,-0.07387011,0.15955809,-1.2977419,0.21429409,-0.5308889,0.50878304,-1.0948207,0.17967914,0.6434048,-0.16905543,-0.63755643,-0.85095006,-0.12288232,-1.199003,-0.22495168,-0.35340595,-0.093727484,0.48233896,0.8181485,-0.4204762,0.50392765,0.378591,-0.14032486,-0.20957902,0.12117562,-1.6118791
-0.38501978,2.3634732,-1.8251466,-0.89032185,1.733808,1.1341836,-0.015218105,0.45185012,0.205666,-0.7736691,-3.1595306,0.80668306,-0.0487604,-2.0736432,0.60825,-1.387407,2.5394661,1.65203,1.3391466,-0.38704497,0.13855875,0.75460345,-0.38620618,0.018940926,1.1690345,-1.0299464,-0.9141898,0.5043249,1.5381367,-1.0247328,0.55448246,-1.869875
0.45556042,-0.66615796,1.5589206,-0.9964015,0.5914605,-1.6975558,0.1708498,0.63290364,-0.19547513,-1.2373041,-0.40398812,0.72551733,-0.71368957,0.79770553,-0.0005275905,0.9791683,0.4849038,0.2491203,-0.9588758,-0.84129024,-0.2311151,1.0029747,0.21475488,-0.8341278,2.4345837,-0.10712409,1.1307315,1.0467838,0.893579,1.2259547,-0.4614005,1.4871277
0.7842897,0.19080582,-0.5426112,-1.164496,-0.46618956,-0.7213811,0.2935573,1.4540958,-0.33891478,-2.9863732,1.5911258,-0.5148643,-0.017354012,-0.9293995,0.6314601,-1.0796266,-1.0106038,0.53871655,0.9401939,1.7016838,1.0392113,-0.012870207,0.88094294,-0.8787801,2.0387113,1.7504367,0.50476396,1.4752951,0.71259457,0.33499885,-0.11140538,0.21016502
0.61300296,-0.25359675,1.4049995,1.2158737,-0.21762225,-1.6640224,-1.2468754,-0.34357628,-2.105681,-0.57642823,0.6877824,0.43395197,0.54360044,0.28353518,-0.89688206,0.3660285,-0.5943053,1.1716682,-1.8809385,-0.72756004,-0.115680575,0.09046464,-1.9567453,0.34499025,-0.30544305,0.28150594,-1.4749658,-0.78081256,0.9448719,0.5550249,-0.29447794,-0.8137945
0.24112459,0.96723485,0.9713682,0.60446393,1.4404831,-1.4264271,-1.1143659,0.5250232,0.34337047,-0.28007782,-1.304503,-0.3471382,-0.16977334,-0.3330201,1.6222512,-0.30615413,0.21150099,-0.3742805,-0.6999379,-1.3809763,-0.7339556,-0.97004044,0.13405892,-1.2002053,-0.75222963,-0.7027005,-0.6432976,-0.49699572,-0.322877,1.5074003,0.5723673,0.06725272
0.3051852,0.57553756,0.74750435,0.6775777,-0.7174797,-0.45355433,-0.47258654,0.58215916,-1.057505,-0.77182996,0.7355912,-1.0280043,-0.63693225,-0.918638,-0.7396502,0.26541734,-0.7963894,0.6877488,0.17910922,0.048993617,-0.73164046,-0.27260903,0.446178,0.61669755,0.37632117,-0.05840254,0.574104,0.71006995,0.046616085,-1.022862,-0.81577003,-0.63933617
-0.66889966,-0.013982698,0.5802493,0.96712685,-0.119602144,-0.17296213,1.7782624,0.29798782,0.1137649,0.97761035,1.1082813,-1.1231098,-0.82859105,0.9970119,0.6202438,-0.19198881,-0.13294362,-0.6114885,-1.273344,0.32041764,-1.1316655,-1.8147633,-0.95158815,0.48942095,0.8286055,0.037518848,1.0015788,0.3308496,-1.5685744,1.9866657,-1.2824488,0.683406
-0.29077548,0.100379676,-0.15196702,2.5958624,0.75233644,0.18169908,-0.7680193,0.53082746,0.5494368,-1.1773729,0.51782256,0.6195072,-0.45038998,-1.5367477,1.3210752,-0.06763986,0.7173479,-0.9640968,0.6458252,1.0770011,-1.4088064,-0.59959674,-1.819288,-0.5966425,1.3712106,-0.11472415,-1.3663937,-0.6284894,-0.778334,2.3992481,0.47058362,0.67653215
0.03942267,0.28132883,-0.054509804,0.8709332,-0.37967914,0.6647555,-1.0997005,0.5101168,-0.9848043,-0.6631548,0.4988828,-0.8239362,0.7065513,-0.23112643,0.77908504,1.188261,-1.847512,0.9094366,-1.5109262,1.0082319,1.0827028,-0.084452644,-1.7154105,0.65262055,-0.5535697,0.5367363,0.9395011,0.20888112,-0.35155115,-0.36119235,-1.0106208,-0.65776056
-0.7221733,0.29881877,0.19994928,-0.51539683,-1.1035364,0.17255862,0.65257317,-0.445936,0.70639986,0.46931455,-0.28666157,-0.8708303,0.4246227,-1.2544346,0.51064396,0.51555043,0.82300425,-0.5510361,0.42791563,0.43031934,0.25878528,0.42247853,-0.7134565,1.0595149,0.82067317,0.07034132,1.1091305,-0.015321299,-0.35227993,0.68512803,-1.1395675,1.56424
-0.5538478,0.010631844,1.2198722,0.06121792,0.56773007,1.4080766,-1.1308961,-0.45751333,0.36826807,0.7538481,0.09987465,1.4715359,0.9688219,-0.7306719,0.8940576,-0.7133244,-1.5977429,-0.21542907,0.78916365,-0.262177,1.0082147,-0.13616934,-2.2644897,-0.11543518,0.55410707,0.30970234,0.5058901,-0.2890841,0.2500655,0.4649015,-0.70493644,1.0511966
-0.34021035,-0.23842096,1.3477428,-0.96923727,0.21809927,1.1484706,0.27516282,-0.5576349,-0.7971948,0.74467266,0.3341717,0.6770586,0.7736604,0.1229924,0.52199525,-0.45739204,-0.03865868,0.025121167,0.20805588,-0.5091273,-0.49297914,-0.1957859,-0.46283266,0.7781246,0.8571883,0.6067239,1.1094321,0.06575614,0.017940864,0.29898518,0.07940887,-0.7508607
-1.3913693,-0.8056195,-0.09821646,1.463114,0.68557996,-0.5977556,1.3278873,-0.0011162013,-1.2028228,0.24754077,0.6040548,0.58914137,-0.33947968,-0.46072733,-0.018058747,-0.88133013,-0.8373364,-1.2901826,-0.4365914,-0.49955875,-0.31618086,-0.22412984,-1.1335883,1.6110035,-0.08760684,1.0301839,0.99451643,0.65810007,0.2930459,0.9136296,-0.28072065,0.5916756
-0.11398937,-1.1728592,0.6109979,0.3908146,0.23954912,-1.2894386,-0.44650024,-0.29589203,-0.26296866,0.54069716,0.5474332,0.08631344,-0.29531607,-0.095244825,0.7373086,0.79664207,0.5361984,-0.4774027,-2.242931,-0.59190214,-0.13017938,-0.48423713,-2.253809,0.025781438,-1.5667651,0.44636336,0.7980486,-0.5283644,-0.5514847,0.11870867,-0.13027826,0.9988531
0.9761468,-0.57301104,-0.7729343,0.5250025,-0.6517238,-0.7082288,0.023328573,-0.008381158,0.37424937,1.0299253,1.0601591,-0.11327836,0.008332662,0.5915222,1.312636,0.64915,-0.9217408,-0.58657646,-0.5696615,-0.5576179,0.40129945,-0.95207155,0.14085083,0.40767634,-0.32930768,-0.038748965,1.4213545,0.2739464,-0.1833922,0.7192989,-0.36664283,-0.16819704
0.67925024,-0.39577973,0.15009487,0.9640249,0.21231627,0.97561294,-0.09447271,-0.5996001,-0.008550495,1.3449688,-1.303529,-0.39426926,-0.88518906,-0.55704665,1.5783646,-0.93518066,0.7748518,-0.49563855,0.3243788,0.74228096,-0.75146353,-0.94103515,-0.97278655,0.2393989,1.2283753,-0.4015541,0.21684596,0.53130794,-0.6687677,0.10936308,0.41859466,0.20079097
0.58143985,1.1365496,0.36677122,-0.53092253,-0.7592573,-1.9087608,1.0576997,0.6501979,-0.76375246,-1.7139192,0.45855215,-0.6116036,0.30575413,0.4173565,0.095130086,-0.98546124,-0.6439766,0.16748992,-1.7330366,1.7360775,0.9015063,1.4134302,-1.2815347,0.7673325,-0.6420446,1.6919429,-0.9470607,0.51703244,0.63650644,-0.274641,0.8059764,0.22737846
1.2317857,3.0198596,-1.1020129,0.79326,2.260884,1.4913543,-0.9799422,-0.9815509,0.22573715,0.6882586,0.066186756,-1.0397482,-2.1802444,0.048202977,-1.64885,-0.38433063,1.9197128,1.5508713,-0.8553682,-0.740314,-2.0739424,-1.7813118,0.3911502,-0.09704284,-0.5540373,0.7042353,1.5606024,1.2642474,2.311259,0.0880047,-0.38634562,-0.12610763
1.1097002,0.4804512,1.0700063,0.81101876,0.0660727,0.08333043,0.25253594,-0.18085241,-0.29283822,1.122978,-0.47346863,-0.18356422,-1.035294,-1.0103409,1.8955927,0.20008752,-0.5788881,-0.7317336,-0.04891082,0.8944675,0.13719378,-0.9408524,-0.98869526,-0.6688468,-0.08327099,-0.33730507,0.6527612,0.1464596,0.29265296,-1.1308794,0.14036426,-0.92825377
-0.2817694,-0.16606116,1.1174092,0.19628523,-0.16523568,-1.5688176,-0.91173923,-0.9748145,0.040400244,1.8785149,0.29570487,-0.112163484,-0.617399,0.25492337,0.21978815,0.97053766,0.7339302,-0.6985909,-0.24505189,-1.2513987,-0.5036952,-0.5846603,-1.1587209,0.025880098,0.96305823,-0.16689742,-0.4217779,0.7270801,0.963657,1.1485021,-0.25738487,-0.743034
1.4129646,-0.2509982,0.4635358,0.4637559,-0.9774146,-1.2807662,0.28104442,1.1683896,1.5636365,-0.34841257,1.8538014,-0.27291694,-4.336498,-1.2555723,1.0027609,-1.3358948,-0.77545667,3.8620894,0.87065494,1.1746192,-0.6545582,-0.05983151,1.662818,-0.13082376,1.5298202,2.0335965,-1.2636971,1.2483643,0.94270116,-0.88094187,-2.558888,2.0634985
-0.925099,0.55931795,0.18407941,0.7180978,0.39653748,-0.26277003,0.10969557,-0.02568119,-0.4695,0.6229691,-0.040843256,1.0354987,-0.050166592,-0.340735,1.0488393,-0.07507671,0.26322997,0.36656362,0.15702502,-1.6322149,-1.1017588,0.4883039,-0.21040082,0.059053004,0.0964589,0.33551827,-0.0708163,-0.19049907,-0.034304008,0.24533634,-0.71389735,-1.0138532
-0.660367,-1.8291165,-2.1222386,-0.69745195,0.67816085,0.9806901,0.081611484,-1.2494807,-2.901678,-1.2084198,-0.49396983,-1.3806907,-1.0297343,-0.55371606,-1.2702153,-2.0281188,1.4367126,0.14494622,-1.0151736,-1.8552693,-1.1754618,1.068055,1.1082354,-0.15168124,0.21573624,0.45870504,-0.20376784,-0.6507853,0.65489864,-0.99838626,-1.7780881,0.82078964
0.18415806,0.3002919,-0.3561652,0.33193228,-1.0277961,-0.6422439,-1.3213806,-0.40870923,-2.3984842,-1.7137976,0.68647873,1.6510593,-1.1478336,0.72366214,0.31594086,0.7286099,-0.35647178,-1.0468085,2.01746,0.66033936,-1.473274,-1.198623,-1.3315327,0.26860777,-1.1041893,1.4887612,-0.024691474,0.22749676,0.35083002,-0.5701325,1.1027639,0.55232435
-0.48846394,-1.1888142,-0.25380027,-0.25604862,0.18342608,-0.28199267,0.9235795,0.73903143,-2.8742123,-1.619648,-0.186535,0.94969183,0.34094974,0.64464414,-0.7432395,-0.23406576,1.1163772,0.78512204,0.99265504,1.0949609,-0.45475957,0.20261931,1.2507197,-1.467808,0.056050494,-1.7267587,0.465002,-0.5568528,-0.006156236,-0.35885748,-1.0002288,0.60883987
1.0133804,-0.14923951,0.15796295,1.2631099,-0.20089744,-0.7308776,-0.63931394,-1.3903883,-1.4352291,-0.17474224,0.76486784,-0.07262799,0.2621617,-0.88201547,-0.4280029,-1.6579849,-0.88667095,-0.65055335,-1.7838895,0.021080315,-0.08736182,0.47680813,-0.20640388,1.451779,1.0737277,0.9827199,0.2418477,0.4966474,-0.2697735,0.031224906,-0.0028314888,0.110611044
1.7178897,0.62067074,0.70345724,-0.6511146,-0.087914824,0.896541,0.76227033,-1.5807948,-0.8414345,0.1734903,0.7912309,-0.31372985,0.03470874,-0.57206005,0.15813756,0.19552705,-1.8960667,-0.024640024,-0.020689964,-0.63824517,-1.0853446,1.8482118,-2.474012,1.6667397,-0.9834937,0.049633294,0.18765505,0.41903895,0.78633416,0.21749106,1.6122794,0.75389147
-2.054323,0.7652915,-1.2935313,0.26966664,0.24049026,0.4357615,-0.51329124,1.121761,0.9543747,2.6990445,-1.2788934,0.29660147,0.025605083,1.3980942,-0.43420225,1.4818544,-0.50576013,-0.15210097,-0.93186975,0.859046,-0.9705366,3.0167665,1.8823287,-0.692898,0.8421024,-0.32437462,0.21275905,0.4585395,-0.037140694,0.051368088,0.105160885,1.6577907
0.28545374,-0.35629323,-0.0032658875,1.06591,-0.92077845,-0.19664505,-1.6162944,-0.56773585,0.18400443,-0.31075335,1.1131728,0.002101995,-0.72280025,-0.09308959,0.7442003,0.2032883,0.25598857,-0.9231768,-0.70074445,-0.5956262,0.25094163,0.18484083,-0.64268285,0.7475128,-0.56919944,-1.1881665,-0.27146295,-1.3372872,-0.16639587,-1.1805965,0.30805153,-0.33650818
-0.0037335008,-0.8809613,1.2471801,1.1157175,-0.48450464,-0.23005903,-1.8074168,1.2762802,-0.58176404,0.11232272,0.16522259,2.2797756,-0.39374077,-1.8930378,-0.42203107,-1.1878146,0.4707932,-0.22441946,0.5179311,-0.26731414,1.1325685,-1.0972311,0.50183415,1.1373725,-0.76715195,-0.11313863,-1.1429335,0.02591779,0.7105811,-0.75324947,-1.2244961,-0.0109452605
-0.4530416,-0.016489021,-0.5529814,-0.87863326,0.26447785,-0.24905203,-0.16679606,-0.5714159,0.1883565,0.23704138,-0.0071901083,-0.12569794,-0.46101975,-2.5178437,0.4331854,-0.66508526,-0.59901667,-1.2284374,-0.5872379,0.3840523,0.19209969,0.012329496,-0.2398269,0.9043138,-0.9537653,-0.46735838,0.9203745,1.3464007,0.86259246,0.376745,0.14105868,0.32409033
0.487476,0.3016836,0.42513147,-0.34628975,0.050525162,0.16174352,-0.24062783,-1.0082536,-0.16386133,0.8416786,0.24593648,0.027740031,0.045274377,-2.1631932,0.4486835,-0.20248795,0.31562355,0.20731384,-0.012812655,-0.073988974,-0.35059607,0.43414468,0.03752867,1.3978066,-0.013007686,-0.5340955,0.12977517,0.18903872,-0.414649,0.3888333,-0.42157173,0.04000315
2.2148647,-0.9236151,0.34097525,-1.0068959,0.76251936,-0.50958794,-1.2769287,0.16464056,0.5347774,-0.62664247,1.5004663,-0.93626404,-2.0786421,-0.18176675,0.046136316,-0.5187837,-0.33057344,-0.19696626,0.2104096,1.6654271,-0.4718662,2.490327,0.057781104,-0.6239062,-0.91434294,0.76775473,-0.12261203,1.1179498,-1.2103331,0.07105395,-0.23313096,-0.64634347
-0.07727331,-2.604994,-1.4693873,-2.3692245,0.028376792,0.17948721,0.23788598,-1.4156309,-3.2458086,1.5028396,1.8093472,-2.2232344,-0.115452364,0.35738295,-1.7444444,-2.6107564,0.31406355,1.1441135,-1.3642714,-0.92572045,-0.92663777,0.60351634,1.4106249,-0.9016082,0.12864125,0.2913734,-1.1956072,-0.27636543,0.19729578,0.38542515,-0.9013705,-0.74510306
0.01442644,0.70369864,1.0176052,-0.14586726,-1.3808414,1.5138123,-0.5420968,0.4541822,-0.6539577,0.54107887,1.8678493,1.0599082,0.13118194,-1.5122697,1.77491,0.9910324,-0.873757,-0.5812407,0.48148644,0.56671107,1.7046417,-0.38655618,0.52125466,0.37891626,-0.14371721,-1.3819139,0.8660213,1.0006403,-1.1675988,0.32506806,-0.6426598,0.3765124
-0.1658201,0.34015074,0.24933246,0.95257145,-0.79378533,-0.49609706,-0.14245906,0.7955428,-0.51178837,0.6554626,0.32720956,0.25385097,1.5859315,0.20188284,0.7259303,0.612584,-1.0196824,-0.20665193,0.47426012,-1.8058374,-0.45756415,-0.06191981,0.7079159,-0.25750294,-1.0487082,1.4570231,0.20712365,0.8761653,-1.2577584,0.31308985,-0.28300062,-0.7947246
0.599717,1.0278642,-0.33319524,-0.9260566,-0.34053674,0.28609452,0.015284512,-0.36142963,-0.60724723,-0.714393,0.4880687,-0.37731314,0.04425194,0.51760733,0.06128624,0.6190435,-1.3182461,0.72398365,0.0783584,0.022611715,-0.9070677,0.7698851,-1.8271686,0.7652311,-0.26582238,-0.32767287,-0.43604136,-0.062461387,-0.75056523,-0.58426845,-0.991411,-1.0024859
0.85671556,0.091753446,0.477114,1.0269294,0.72342795,0.27215427,-0.26123664,1.3186513,-0.709985,-0.107860334,0.15864249,2.9374645,0.4223633,-1.8253415,0.9643181,0.010011971,-0.9811127,1.1085227,0.6856743,1.3916019,0.8443426,-1.1472816,-0.41871476,0.80534214,-2.7569218,1.250358,0.89769995,0.89406407,0.5167599,0.93485403,0.23000619,-0.8974686
-0.66709304,-0.4905222,-0.16965541,-0.51111645,-0.939924,-0.6599803,-1.0156413,-0.6046599,0.095923364,0.16558444,-0.46488878,-1.2097461,-1.0280572,-0.035826564,2.1567502,-0.5461217,-1.7406795,1.3031352,1.0324485,-0.043690443,-0.28996313,0.92101616,0.5085918,-1.8412914,-2.0238764,-0.71718246,0.53714603,-2.2662573,0.8721437,-1.4534025,0.3321563,-1.4555914
1.029855,-0.34377676,-0.2694974,-0.24948856,-0.11784683,-1.2047397,-0.094804585,-1.418124,-0.4397789,-0.9058457,0.79752225,-0.64216095,0.1685606,-0.60015917,0.1873606,-0.19951396,0.07867493,-0.198602,0.1350437,0.4211525,-0.4542504,0.2376267,-0.02781336,-0.24106796,-0.61031216,0.6585868,0.8470218,0.32978296,-0.51037645,1.8473766,0.8528289,-0.3391502
0.16057172,0.53469735,0.31215888,0.20102958,0.08603935,-0.7773404,0.014816344,0.6660104,-1.1764007,-0.16884859,-0.074422434,0.71456575,-0.3773752,0.6905631,1.3083589,-0.82607865,-0.007831177,-1.0050888,-0.78573966,-1.489243,0.22990838,-0.1750263,0.05089185,0.7678547,1.465147,0.25347108,0.00054745376,0.26313838,-0.3126072,-0.12444846,0.14172624,-0.30580312
-1.0381882,0.5398257,-2.1204934,-0.5964001,-0.01123403,-2.6812234,1.0454211,-0.56316835,-1.746501,-0.9859215,1.4098492,-1.6144476,2.2944355,-0.23958647,0.3017652,-2.2162108,1.1132393,0.2558875,1.0532243,2.9989927,1.0242653,0.2604431,0.30434537,-1.3469028,1.5189676,-1.9584365,0.151824,-1.2638917,0.4812523,-0.3101096,1.2468092,0.84296465
-0.26960692,-0.24755794,-2.3772855,-0.5865937,-1.9362377,-2.9092789,-0.35046247,0.2028813,1.2554703,0.08997995,1.3810552,0.12931818,1.3493904,0.20474912,0.1197111,-1.6704351,-2.5036774,1.0220541,1.1033777,-2.0682724,-0.13861698,0.042525355,-0.5168781,0.025386069,0.8485981,0.7501384,0.41199577,0.93315744,0.34370166,-0.4983611,1.607434,-2.4906917
0.8683231,-0.32311106,0.29778248,1.4441248,-0.46021545,0.6274252,-0.9080169,-0.4006129,0.046862394,0.48654765,-0.81818485,-0.63036144,-0.67682457,0.48062935,0.2805109,0.10339129,-0.34006503,-0.7756907,-0.9298112,-0.7763045,0.21991444,0.5965396,-0.050296932,1.0861596,-0.22323963,0.3091673,0.9794172,-0.30562207,0.14619496,1.0139177,1.9541583,-1.2858882
-1.8932719,-2.340191,-0.992686,0.062324334,-1.6796458,0.3276866,-0.2029249,1.9305806,0.6656412,3.6623373,-0.29954678,0.49385223,-0.1947554,2.1358244,-0.43795156,4.669688,0.9314432,0.6164013,0.421992,-0.5843148,-1.3170612,3.0901968,2.1409879,-2.0320077,3.3347673,-0.6579435,-0.35245693,-1.0299525,2.103892,1.6745021,-2.3517685,2.129147
0.21866608,0.0221086,0.15723568,0.2384156,0.25470987,-0.6691339,-0.94419765,0.19916388,-0.7556696,-1.3604039,0.58245623,-1.7187798,0.041367203,-0.6074217,-0.058498397,0.97111475,-0.07918413,0.53417313,-1.0349486,0.5802995,1.0938584,-1.3617475,-0.20496923,1.2986119,0.1345882,0.9843993,0.80275035,-0.1748736,0.6374049,1.025146,0.059818804,-0.92788595
-0.4262051,-1.5042394,-1.3893559,0.47457275,1.5420048,-1.4811814,1.6534083,0.78614664,0.1286926,-1.8672537,-0.25924414,-0.17198832,-1.0829998,-0.11268395,0.6426184,0.6942507,-0.42198795,-1.1561143,-0.75733626,-0.7138402,0.53878593,-0.9414577,-0.23818861,0.8489988,-0.1892122,-0.85431355,0.37942472,-0.8706163,-0.050830834,1.5094447,0.9942941,0.5794499
0.25799382,-0.25315756,0.27449316,-0.30124974,-0.6614132,0.0132498,-0.107126296,-1.005602,0.0134779215,0.35893604,-0.22899668,-0.14689545,-1.2972956,0.26458102,0.8302013,0.27483767,-0.22583604,-0.19928545,0.8306668,-1.1595759,-0.107200325,-0.6267771,0.02853579,1.3906484,0.19248551,0.93911564,-0.57305264,1.1387234,0.6305443,0.3328523,0.21997786,0.59695303
-0.7148081,0.39884746,1.0587602,-0.2962314,0.08180687,-1.2522337,-1.7787699,0.6599584,-0.18632051,1.0799946,0.93437517,0.14654526,0.015588384,0.62418187,1.0539435,-0.25118786,-1.027944,-0.4029011,0.36084,0.68579745,-0.1439896,0.15811919,0.6967795,1.7832267,0.9775668,-0.7327012,-0.7811703,0.04507312,0.22260663,-0.45888075,-1.2277863,-1.188653
0.62166667,-0.3678211,-0.5767903,0.0015411824,0.064606994,-0.33020946,1.1700752,-0.34161347,-0.8093431,0.2633056,0.8189777,0.506303,-0.68392515,-0.6103158,0.103457496,2.3306856,-1.0254704,-0.90766615,0.37821558,0.5687446,-0.07681197,-1.1313224,-0.69675595,1.0733683,-0.5446948,0.16839832,0.16995586,0.6144832,-0.58168614,-0.8584964,-0.73330986,-0.9307615
-1.385005,-0.697353,0.083529085,0.9237558,-1.0775189,-1.3018255,-2.3216221,-0.68940496,1.3808182,-0.14592738,-0.13982859,-1.0140567,0.008278564,-1.2986056,2.0669985,-1.425021,-0.86454576,-0.074276865,1.9292122,0.565049,0.10793914,-0.2254885,-0.17715521,0.46090245,-2.200228,-1.5593563,-1.3206482,-1.8308673,1.0085568,-1.0192974,1.0119783,-0.6925435
-1.8065337,1.5131116,-0.42614138,1.5658796,0.74913055,1.2674851,-0.6463326,0.31198016,-0.21291056,-1.0857233,1.0509169,-0.12913394,-1.6104951,0.53191376,0.37300584,-1.1310191,-0.34647188,0.34423095,1.0935376,1.238308,-0.7910048,-0.52943027,-2.4584663,0.2711889,2.4994802,0.85812026,0.55534387,-0.9518429,0.5337334,1.6250274,2.2041035,0.127092
0.6417041,1.5904281,-1.2708217,0.10512494,0.67180306,0.013127327,2.1759138,0.8831893,0.8424215,-0.19447732,0.4613276,0.061415285,0.36441544,0.4600601,0.062662475,0.8258209,2.0505261,0.99327487,-0.80160683,-1.058631,0.40486747,-0.12529735,0.57168657,-0.750878,-0.42872846,-1.6308491,-0.17329688,0.04744947,1.077976,-1.1208985,-0.9797754,-0.91245496
0.60624576,0.27653274,-0.40543666,-0.09702639,0.11513754,-1.8121599,-0.5096908,0.55510706,-0.031295456,-1.1111065,-0.1169455,0.02758533,-0.19147475,0.35397416,0.6277461,0.56683254,-0.63018,-0.706723,-0.06333266,1.6416154,-0.18676545,-0.19751541,-0.7570368,-0.07428884,-0.056678973,0.39772108,-0.47169363,-0.14819269,-0.16814876,0.1899742,-1.0828309,-0.5380105
0.24974287,-0.42807668,-0.897278,0.26948026,0.028643493,-0.4845958,-1.3767449,-0.34987333,-0.16498438,-2.841155,1.3779445,0.678177,0.59476674,-0.6342938,0.3543894,-0.028576598,0.5658718,-1.2468756,0.67881846,0.30202043,-0.22037455,-1.0935043,-0.90088385,0.6990243,-0.93344486,-0.42128158,0.6791268,-0.48819777,-0.5437605,0.73473495,-0.3177408,0.93134
-0.1892213,0.76723945,-0.87712806,-0.492239,-0.06716026,0.59956783,0.41484964,-0.90276194,0.35025442,-0.9385374,0.66484594,0.62647057,0.27034506,-0.64784956,1.2407458,0.2868911,0.7362802,0.40018445,-1.1335375,0.23594996,0.3905956,0.89952534,0.075863674,1.5985167,-1.1072361,-0.91778207,-0.6269891,0.57568765,0.9462161,0.5797324,-0.8154373,-0.34629405
-1.5864224,1.2416241,0.0028628856,-0.6058605,0.09257716,-0.4656241,0.13848886,-1.1411979,-1.0730948,-0.697327,0.6675412,1.07578,-0.64010286,-1.9951158,0.0645787,-0.06400949,-0.5670073,0.885983,-1.7198858,-0.061409444,-0.14159366,0.821388,-0.3629117,2.039944,0.61534595,-0.8459564,-1.4111483,-0.24794398,1.3197917,-0.6649383,0.52620375,-0.3897261
-0.24302772,-0.4688742,0.57623106,0.9545118,0.06159757,-0.3394883,0.7138988,-0.23547009,0.71077555,-0.41699135,1.4946858,-0.7332093,0.25895962,0.8053646,2.4456196,0.7003418,-0.8509432,0.55473715,0.61485827,-0.6399951,-0.042317115,-0.6143932,0.3374927,0.9539443,0.49825764,0.35462284,0.14228263,1.2548428,-1.2299551,1.0565338,0.9665622,-0.3091545
0.6349168,-0.00870508,-0.56667143,0.33980137,-0.04343559,0.10945615,-0.38015547,0.5699918,-0.50876653,0.28773645,-0.86124295,0.83340526,-0.15225443,-1.2249391,0.89151895,0.45652032,1.3031392,0.67591786,0.9957007,-0.37960553,0.090832114,-0.24603966,-0.5771648,0.41104603,1.130327,-0.21417278,-0.088209,-0.5355146,0.69481874,-0.58032185,0.113366514,-0.7131437
0.49511617,-0.44902202,0.24975727,-0.44540825,-0.24614276,-1.1744643,0.514712,0.34146646,-0.13344005,2.3281784,-0.2327824,0.0029630195,0.005575046,-0.8417838,0.11242904,-0.58743954,0.78323996,-0.7281765,0.832843,-0.4261611,-0.31678587,-1.671467,-0.21766146,0.24243255,1.1882808,-0.867797,1.8248866,1.0212423,-0.16279255,1.4755441,0.08756134,-1.2192365
0.5176347,0.78700536,0.62357,1.4413209,-0.3415518,-0.050097734,-1.0506417,1.215862,-0.23934944,0.21198508,0.746014,0.20445003,-0.16629247,-1.1898532,2.1417632,1.6018136,0.57040894,-1.4160707,-0.03192644,-0.28623074,3.3306913,-0.3988459,0.40235767,1.1988772,0.012025595,-0.018178225,0.5040618,-0.5296841,0.3317139,0.4965983,1.4268415,-0.51367444
-0.07901916,0.42329484,1.1868709,-0.6731063,-0.0902163,-0.14742926,-1.1197346,-1.7800438,-0.60157925,-0.16642684,0.37418205,-0.3369224,-0.038379926,-1.3984714,0.7245375,0.48507994,-1.6792566,-0.94641083,-0.38681448,1.533575,-0.290116,-0.07657536,0.97775173,0.6014305,-0.019205369,0.9357009,0.74209756,-1.1877072,0.8238145,0.7083761,-0.53066456,-0.3928221
0.52062356,-0.79614997,0.38734823,-2.161087,0.1251308,-0.13227953,0.0826339,0.7681905,-0.7087004,-0.72358525,0.07614919,1.7069998,-0.28687003,1.4645439,-0.37443924,-0.95425534,0.240206,0.61478156,0.09119503,0.30897686,0.6429702,1.6470101,-1.3062364,0.45447356,-0.9580832,1.89701,-1.5264268,1.8797327,-0.21575579,0.6427555,-1.4969025,1.0046856
-0.45196712,-1.220938,-0.19123471,-0.29375148,-0.0022488981,0.12485136,-1.1023352,0.13994628,1.8134731,0.60958225,-0.97905976,-1.1050856,-0.6825857,0.5687863,1.7890549,-0.3889302,0.088436216,0.091658086,0.1996066,0.6697084,-0.91713405,-1.5648584,1.328547,-0.14488429,-0.94934237,-0.6713866,1.0479847,-0.750829,0.08836163,-1.5721004,-1.492889,-0.62173736
0.36845088,0.24198323,-0.06529779,0.33798409,-1.037322,0.32955006,0.114037514,0.8145616,-0.83078873,-0.12865491,0.4091298,0.25997362,0.031644613,-1.013489,0.4411765,-0.7911668,-0.07285163,-0.5969721,0.32353258,-0.49323738,0.47539878,-0.39239237,0.2207968,-0.12894547,0.2120203,-0.33612135,1.4666295,0.014693871,0.12856928,-0.14623594,-0.5004258,-1.6542554
-0.10234101,0.26398793,0.24167593,1.355705,0.3054753,-0.19813403,0.5892783,0.7798655,-0.9886455,-1.0707505,-0.32893604,0.06079881,0.31844607,-0.7160661,1.9770677,-0.63144124,-0.2667194,-1.004447,-0.17494135,-0.07329513,-0.38765153,-0.1888411,0.65311414,-0.18706264,0.10055246,-0.23927945,0.7540004,0.6511025,-0.34532967,0.47641516,-0.6163251,-0.5169984
-1.6009302,0.09387103,0.25682712,0.9782256,-0.10457383,-0.12932889,-0.8841037,-0.2719126,-0.4073584,-0.1494781,-0.2622994,-1.8057272,-1.0290108,0.2889459,0.37140548,-0.16161482,0.3725508,-0.9741771,0.793828,-0.71464646,0.30069506,0.29692397,0.056062333,0.8164975,0.8206503,-0.08822782,0.002983516,0.24122202,-0.19689374,0.08786094,0.78687155,-0.015310138
-0.51172286,-0.45105338,0.25934952,-0.046774477,0.06067343,0.11687125,-0.69897306,-0.32245576,-0.61110425,-0.3824787,-0.030863427,-0.059864245,-0.87605095,0.98251975,-0.03840804,-0.22630036,0.6586351,-0.8363982,-0.91047853,-0.5103667,-0.00917802,-0.7771812,-0.98250294,0.29597133,-0.92944336,0.73415136,0.85552025,0.10714175,0.12238628,-0.45505914,1.1637151,-0.39321086
-0.78147006,0.1577434,1.7391437,0.3088261,0.61095333,0.80196935,-1.3578503,0.2530369,0.28137055,0.47273028,1.4517466,-1.8097837,-0.8020495,-0.89593863,0.6923909,-0.31734076,-0.30702114,-0.29430428,0.63437283,-1.9363378,0.92541116,0.8835865,-0.199483,2.807115,-0.4803334,-1.090738,0.9226159,-0.36490408,-0.038056135,-2.0943165,-0.64596355,1.6862501
0.51399255,-0.4489962,0.24250549,0.25018263,0.30965635,-0.998935,0.59469116,0.110731035,1.2633001,1.6973276,1.4945929,0.5691865,-0.19482332,-0.439378,0.56426704,-0.1792723,1.0123913,-1.0640604,-0.97523105,-1.1778525,-0.45155102,-0.5300264,0.19605885,0.030411258,0.5122725,0.14032248,-0.71725047,0.26813263,-0.04270959,0.056143343,-1.1884159,-0.8591143
-0.97244316,-2.1167588,0.45181662,1.0094395,0.27453527,1.3228755,-0.97948146,1.5999664,0.70325756,1.1778493,0.6430603,-0.21661286,-1.3772345,-1.281377,0.46521264,-1.3677552,0.57537293,1.646056,0.49707893,-0.29416475,0.5088015,-0.70364565,-0.7819618,1.9123881,-0.06551862,1.6440793,0.54763895,0.9057761,0.5807092,-1.3071587,0.18673125,1.2437376
0.4030887,0.5325676,-1.3904375,1.2820779,1.3993046,-1.2029172,-0.736377,0.07604167,0.47764066,-0.03719598,-1.2346189,-2.232142,-0.2902313,-2.496644,0.6082046,-0.78345627,-0.22004275,0.10307939,-0.07216166,0.18583506,0.084882855,0.32939792,0.015593804,0.8293613,0.29323542,-1.5919981,1.3873378,-0.23677173,0.8901229,0.16140836,-1.5135093,0.38116533
0.6602292,-1.0731837,0.78106296,-1.1956661,0.28768045,1.0154986,-0.42411155,0.2667342,0.9865352,-0.034281347,-0.3880061,0.49040782,0.60325754,0.1376858,-0.6315707,-0.55358034,0.5005363,-1.4791235,-0.24675748,0.08036384,-1.613544,-1.1453992,-0.93410134,1.9768202,-0.57208955,-1.1144445,-0.36991692,0.14981209,0.9093022,-0.5264585,0.847376,0.32931077
0.34550494,-0.670175,0.7140756,0.54833174,-0.3874421,-1.0801101,0.72914684,0.8122724,-0.3770298,0.11256529,-1.2506981,0.50090575,1.115046,-1.347187,-0.0965979,-0.44462425,0.9612767,-0.5064633,-0.254016,0.30960482,-1.5517514,1.0406797,-0.5382128,0.22524223,1.5866746,-0.92372787,0.6473151,1.2747453,-0.35216385,1.0547086,0.20127442,-0.074255764
0.11991634,-0.6264228,1.514754,-0.4763459,-0.4293974,-0.06975,-0.31999606,0.25695655,0.643,0.076833665,0.3707465,-0.18060648,0.49520248,-1.0467515,1.0832345,0.42436668,1.095273,-0.6717782,-0.42264998,-0.87704074,-0.27660352,-0.74022704,-1.2723503,0.120528206,-0.48124626,0.7981017,0.23926784,0.44496962,1.5906038,0.40381724,0.0611822,-0.15969706
0.29258522,-0.5610861,-0.109253146,0.75125694,-0.3545599,-0.27794307,-1.0246562,-0.35945535,0.84110296,0.08217621,0.29506826,-0.93281186,-0.2340492,0.23893213,0.89379096,1.2978246,0.36924022,-0.10114756,0.1767675,-0.24404356,-0.29986173,-0.07599418,-0.5691936,1.070433,0.41886705,-0.06853686,-0.20283972,1.4942846,0.2338154,-1.7404853,-0.44346392,-1.0255976
0.5009282,-0.050579086,0.2809025,0.518792,-0.87869,0.04298249,-0.4626158,-0.7557668,-0.15054819,0.09557939,-0.8399699,1.2337203,-0.9411016,-0.9861325,0.95336294,-0.39482406,0.2506365,-0.07034053,0.41584274,0.7327362,0.22423568,-0.7245369,-0.8468125,0.4663842,-1.128056,-1.3202405,-0.18266192,-0.57337934,-0.20529248,-0.5502418,0.18394771,-0.99222606
-0.6948018,0.009118885,0.16970108,1.0503066,1.3933827,0.12885511,1.2556334,0.35900107,1.7939885,0.3649078,0.18236396,-1.0557972,-1.6648649,-0.2156735,2.2512293,-1.587565,-1.0487945,0.356356,-0.21317947,0.5376004,-1.9014039,-0.2660201,-0.9836408,0.14824271,-0.5001984,-1.663849,-0.71144927,-0.5992937,-0.53671193,-0.03855577,0.44597143,-0.13797441
-0.33056182,-0.10048002,1.7862294,1.9132559,0.38060087,-1.2270635,0.075556606,-0.20743877,-1.1223736,-0.782207,-0.19709149,-0.17098379,-1.5573354,-0.51848024,1.3501787,0.04029675,-1.0428597,-1.7631984,-0.12884547,0.73251253,0.00707186,0.036055386,0.53583264,0.42429763,-0.48177886,-0.45432007,1.2848375,-0.6332389,1.3586296,-0.8402516,-1.1570508,-0.83812654
0.537521,-0.008904401,-0.16046837,-0.9082327,-0.4109526,-1.586088,-0.4441945,-0.22500238,0.91853416,-1.4197152,0.84245354,0.56668234,-0.67461926,0.6780999,0.5006358,0.6225467,0.8214489,-0.044476837,0.23224069,0.11545518,0.551167,0.7555076,0.03644897,0.59936076,0.5285751,-0.83541286,0.571247,0.26967576,0.2874602,1.0716826,0.045409095,0.022555932
2.960065,2.52891,-1.3126924,-0.30892718,0.1996355,1.7397878,0.14882751,1.1449726,0.53263044,-2.4213054,-1.6121463,1.9762518,-0.33960867,0.17834467,0.80136997,-0.026682109,-1.4190599,-2.4568963,1.4467477,-0.84190166,1.3713117,0.37465376,2.1496763,-1.6738627,0.04282102,0.51575524,-1.3453795,3.1482885,0.42433935,1.1167492,-1.3292601,0.2166456
0.8361443,-0.28041786,1.4523199,0.42829353,1.9053974,0.56104755,-0.91167104,-0.6309967,-0.46622288,0.7842681,0.43701488,-1.631202,-0.43802217,0.21314508,1.2536783,0.34995523,-0.6740057,-1.8255581,-0.153732,-0.8449613,-0.37633055,0.20866327,0.84290016,0.035147645,0.31934893,-1.0227268,1.033957,-1.0351816,0.3458021,0.9146099,0.27246073,0.8015352
-0.45171142,0.38834777,-0.14118037,0.9743233,-1.267575,0.117234394,-0.93706757,-0.58426505,0.6779546,-0.81465137,0.9287857,0.686475,-0.9873394,-1.2320988,0.8679168,-0.25326914,-0.56579787,0.14126822,-1.5111237,0.7401583,-0.6297873,-0.80233824,-1.4775053,0.6120206,-0.22884884,-0.6727033,0.4490141,-0.85128194,-0.9623793,0.6659355,0.5070608,-1.0359062
-0.3690948,-0.24536783,0.26591533,0.21499914,0.4216094,-0.38679075,0.44780397,-1.0633525,-0.047460012,-0.7206991,0.7125889,-0.90978944,-0.5230472,-1.0119518,0.9433237,-0.48765597,-0.22016841,-0.35150445,2.6376774,-2.1906378,2.5405917,0.9663943,-0.89095736,1.4178,0.89964813,0.07485066,-0.031899124,0.7377246,-0.6671742,-0.21107316,-1.5600913,0.9416183
0.0003209412,0.53591484,-0.0030153096,0.74029875,-0.4757399,-1.1036627,-0.30660617,0.7428057,-0.23801447,-0.4377337,-1.2872994,0.60755086,-0.92787755,-1.7652335,-0.25745848,1.0910292,-0.5491272,-0.43005422,-1.6103196,-0.7002253,-0.11791693,-1.4819784,-1.2588882,-0.3449307,-0.6529641,-0.05747354,-0.3592737,-0.32178962,-0.83917797,-0.9946812,-0.9755693,-0.4996249
-0.6340024,0.44899362,1.233212,-0.2519322,-0.09775549,-0.43137488,1.3244066,-1.342073,-0.21363276,-0.332489,0.21056157,-0.9633403,0.11217588,-0.3795293,1.3064857,0.4628359,0.33097136,-1.4775829,-0.054952055,0.65893626,-0.5444132,-0.5844169,-2.5131795,-0.14412987,-0.88693625,-0.12760144,0.15970747,0.221266,0.86736995,1.3674755,-0.4394668,-0.016219169
-0.8361385,0.11578676,-0.44995195,-0.23275335,0.062426504,-1.0945652,-0.6745913,-0.7981992,-0.362525,-0.7542349,-0.29429844,-0.071546875,-1.1093138,-0.27001244,1.1601067,0.8738835,0.33203793,-0.7886366,0.2538246,-0.5466764,-0.39450854,-0.36921957,-0.74314404,0.40439266,0.578331,0.7875595,0.37755173,-0.2365084,-1.1742864,-0.26455835,-0.8419814,-0.5603104
0.7527741,0.03893461,-0.90620273,0.46471906,0.11610134,-1.0267767,-0.35763,-0.10840191,-0.37956473,0.23772258,0.6363005,-1.282275,-0.9078325,-0.93920094,0.93644416,0.5448309,-0.27850127,-0.15687509,0.5498861,-0.34488553,-0.08663825,-0.036133353,0.00065070763,0.3178985,-0.19131932,-0.80323094,-0.91349673,0.023489028,0.26406422,0.49321595,0.356403,0.8128947
-0.22877765,-0.3853969,-0.06805688,0.8845264,-0.13252649,0.16450554,-1.3433921,-0.91004795,-0.0018318482,0.09101997,0.59623766,0.26682794,0.07149662,-0.79629517,0.9125946,-0.76474357,-0.456815,-0.4336362,-1.4487617,0.75270975,-1.8333209,0.26224908,0.006930545,-0.17861429,-0.76514834,-0.7222657,0.34343332,-0.6009871,-0.49699065,0.20949976,0.21485698,-0.55319947
0.9250392,-0.82692623,1.2785939,0.5100249,1.4963148,-0.08822887,0.7590671,-0.17493908,0.4591442,-0.44377318,0.54527676,-0.72941554,-0.33845672,-0.55221796,1.5712965,0.46198013,-0.9922694,-1.7397363,-0.1490095,-0.86524177,-0.22500142,0.7375588,0.039533626,0.145606,0.4326585,-0.62456733,0.4400083,-1.1656175,0.18200019,0.14515321,0.81854653,0.43007952
0.85458875,0.5511613,0.7770804,-0.57276356,0.695749,0.14858413,-0.9753114,0.34893143,-0.3315531,0.4853664,-0.2939561,-0.8155795,-0.71683407,-0.44076082,1.1425886,-0.030427601,0.33556908,-0.52633667,0.47149754,-0.300672,0.56034946,-0.6895956,0.060516447,1.3314835,0.30993226,0.8568249,-0.55800456,0.14651445,-0.5664195,0.14521308,0.057680096,0.0950031
0.31939727,0.5148072,0.16286904,-1.0714096,1.2262068,-0.6446873,-0.107325435,0.22252545,-0.20488673,-0.7261652,-0.8478378,-0.5800881,-0.32394162,-0.85459566,0.7895792,-0.36824986,-0.8958887,-0.5766775,-0.07878597,-0.89690566,0.94474643,-0.19008821,-0.613201,0.5133171,0.25643787,-0.7247299,0.11522749,-0.008019477,0.76778126,0.60917866,0.054481596,-1.1189859
0.38198423,-0.8505286,0.17210218,0.41470262,0.67564845,-0.083000794,-2.320979,0.17168789,0.3936969,-2.4609528,1.3579328,0.07466902,0.85811,-1.9276147,-0.32041845,-0.24788047,-0.6711259,0.16723044,0.65156555,1.8166926,0.40983853,0.34426638,-0.7166913,0.6129243,1.2926592,-2.3866343,-0.033402607,0.18988761,2.054852,1.4984218,1.268757,1.2918046
-1.0184398,-0.95548624,-0.020649582,1.4389707,-0.5734513,-0.113870524,-0.12352565,-1.245558,-0.1676371,-0.48280072,-0.04190319,1.0780299,-0.93362284,0.28429472,0.62922025,0.2558768,0.55488753,-1.2695466,0.4481467,0.15389264,-0.11728902,-0.45082155,-0.992731,0.1865493,-0.959984,0.07008761,1.045743,0.9461627,-1.4012306,-0.43969938,-0.43767235,0.023848077
-0.06106156,-0.58129185,1.0961761,-1.4662601,-0.5356482,-0.016380839,-0.88713324,0.1369027,0.86070955,-1.1275184,-0.7629505,0.5631568,-0.016738191,-0.13006374,0.62011456,0.55828476,-0.023847178,-0.1401297,0.6378319,-1.2101573,2.099088,-1.9262664,0.6887971,0.17406517,0.79603904,0.58222884,0.03392387,0.8273778,-1.0571463,-0.1663177,-1.3264773,-0.14009899
-0.48286188,0.5853222,-0.1581983,-0.22619835,-0.178529,0.486753,0.32907015,-0.63705814,0.076552875,-0.83171415,0.5913857,0.095140524,-0.8845971,0.052133128,0.8544649,0.28566363,-0.43467754,-0.20263556,-0.6913912,0.6527333,-0.9364432,-0.53660655,-1.0890658,-0.13058807,1.1941936,-0.8766061,0.49261278,-0.18001395,0.7833084,1.0845609,0.12309281,0.1117734
-0.4110641,-0.6091917,0.3262379,0.67832303,-1.0464222,-0.9952073,-0.3190726,-1.1191481,-0.6355847,1.0374923,-0.45611823,1.0711117,-0.42534018,-1.3555133,2.0110579,1.5249901,-0.8198344,0.18832427,-1.8401518,-0.6029732,0.6453121,-1.6100932,1.0975313,0.82945913,0.61955357,-1.5220033,-0.25770667,1.0183442,-1.9260366,-0.514972,2.1578,-0.82303894
-0.36248228,-0.21330407,0.85718346,-0.1370517,0.08745146,-0.7679465,-0.9791812,-0.7796932,0.20495544,0.42826033,-0.29934055,-0.24731652,-0.25801027,-0.72224975,0.89049226,0.17823556,0.99690306,-0.0448523,-0.8683766,-1.2005618,-0.8079827,0.10155575,0.23231715,0.07609482,0.11533511,0.79510486,-0.20848963,0.14081763,-0.0806562,0.5101848,1.1118743,-0.61416787
0.045920298,-0.23899014,0.14089516,0.02408795,1.150727,1.287261,-1.1059984,0.14497882,0.9158595,0.1756472,0.2904154,0.59942496,-1.7833152,-1.5397081,0.6093116,-1.541188,-0.8489779,-1.0942435,-0.0006244909,0.2613913,-0.6249546,-0.95715,-0.9848112,0.99148864,0.31493855,0.39455357,-0.9052298,-0.61353326,-0.040539555,-0.66765,0.6526421,-0.13116398
0.6210775,0.2668239,-0.27907053,0.5330046,0.27373037,0.4557643,-0.049116015,0.32029057,-0.10917163,-0.9136815,-0.5964488,0.9199648,-0.22811724,-0.4720154,0.41128415,0.9283151,-1.5506208,-1.0950894,-1.0471672,0.87750864,-0.23310083,-0.7227596,-1.0328157,-0.336815,-0.2553147,0.63933086,-1.6566625,-0.5955309,0.8417094,-0.045886964,0.1946672,-0.7993965
-1.235792,0.30863,-0.09799911,-0.3038888,0.13603216,-0.09043208,-0.18751231,0.05741664,-0.7343503,-0.96519756,-0.6271786,1.0729171,-0.34661365,0.5734781,1.5671906,0.20641688,0.15559392,-0.74051917,-0.64125466,-0.7573779,0.19405183,0.587868,-0.4439846,0.15371114,0.4416129,-0.5653261,-0.07707684,-0.45144865,-0.8415037,0.38908145,0.010481954,-0.1980508
-0.07164405,0.6740031,0.23315176,-0.87253267,0.26816902,-0.82738745,0.053591862,0.15863961,-0.55039203,-0.23428762,0.57732946,-0.081861146,-0.65098476,0.42576683,1.1885872,1.2693691,-0.40342566,0.88737154,0.2541427,-0.92824125,-0.11356355,-0.53220254,-0.16626455,-0.79986244,1.2886071,-0.97743523,0.7625097,-0.58090603,0.7365076,0.30880225,-0.7903867,-1.256769
0.27640566,0.67645454,-0.3594622,-1.3801296,-0.041308343,-0.83740664,-0.54067254,0.23070098,-0.67819655,0.04596591,0.08984464,-0.43380463,-1.1864417,-0.09524025,1.7732469,-0.3082078,-0.10164811,-0.08600579,-1.2492064,-0.5798392,-0.15918772,0.2195384,-0.2340503,-0.6305813,-0.472904,-0.6284731,0.42266238,0.25691056,-0.55122554,-0.08313551,-0.095179096,-0.57868683
-0.53534216,0.21166976,-0.43520617,-0.9560503,-0.44262445,-0.67368585,-0.3516537,1.269897,-0.35821176,0.7514052,-0.00020011514,1.3296379,0.5268326,0.15707676,1.4132744,-0.97766757,0.2784909,1.0314922,0.7360832,-0.8496693,-1.5874348,-1.573621,-0.74803495,0.90383965,0.0534741,2.2919261,-1.4261558,-0.14894229,0.59352005,-0.9853622,-0.43183035,0.99089813
1.4168087,-0.3003881,1.1989224,1.1515993,-0.74259686,-1.2837912,0.23401487,-0.7529608,-0.54379207,-1.5604322,0.0119018555,0.4157582,0.319858,-1.6954428,-0.2854938,-1.0264812,-1.4278672,-0.01831305,-1.5051328,-0.86042416,-2.4939837,1.1159408,0.020366594,0.8405962,0.5406951,-0.52126855,1.775039,1.0406423,0.4659422,0.42649898,0.55457115,0.60247266
0.021405488,-0.05287823,-0.0110813975,1.0725026,-0.7503336,0.25617355,0.18540274,-0.71226287,0.39265937,-0.58128464,0.17836766,-0.5100756,-0.44542614,-0.6284375,1.7249166,0.07960074,0.53909004,-0.5212929,-0.8174822,0.0066194683,-0.25429538,0.88852465,-0.5591223,-0.019232167,-0.58956033,-0.1999262,0.65372705,1.9547647,-0.060062528,1.1570477,-0.079595216,0.36845762
0.01624602,-0.38633847,0.5425836,0.6897002,1.2708313,-1.6341248,-0.05019316,1.272822,0.88462293,-1.5857924,-0.9673213,1.322165,0.8205749,-1.118401,0.96443355,0.053837866,-1.4635335,-1.4942648,-0.13842496,0.8230748,-0.59589833,-0.5477812,-0.08796014,2.1659656,0.6444396,-1.242563,-0.26700696,0.50808835,0.7323041,0.35258394,-0.6141293,0.7146925
0.889737,-0.8263157,0.5341844,1.0846549,-0.53985167,-0.89846057,-0.50729287,0.09130813,-0.65182316,0.4200077,1.1341066,0.54437184,-0.9108996,-0.22302476,-0.68509185,-0.2786909,1.1510873,-1.4198642,-1.282831,-0.6981183,-1.1422961,-1.0014875,-0.5327306,0.638587,0.068406574,-0.3439565,0.6153237,0.24993415,0.30682537,-0.59265995,-0.4299956,0.37326315
-0.6194204,0.22729912,1.5148803,-0.4930784,-0.4535452,-0.623506,-1.4929777,0.14988017,-0.11319733,-0.1843611,-0.33323044,0.13549279,-0.13379043,-1.4887147,0.19587345,-0.52974516,0.12108648,-0.48420402,-1.4071716,-1.2334503,0.24053377,0.19803718,-0.6147775,0.44849658,0.6953934,-0.2222386,1.0702711,-0.00494197,0.348897,-0.19185337,0.76262856,0.5582626
1.9458373,-0.5228812,-0.9561501,0.4679119,0.037112832,-0.7643337,0.27904892,1.0877312,-0.2874651,1.1005567,-3.7071283,0.9123827,1.2679579,-2.7223458,0.05330019,-0.78015435,-0.28557706,1.1679945,0.27390075,0.4803694,-0.5883192,-0.47604448,-1.3475184,2.0119839,1.1152494,-1.9214258,2.4402232,0.5188695,0.068767786,0.07316997,0.55803967,1.3203785
1.2800436,-1.2883316,-1.9472244,0.054774016,-0.29615673,0.3511798,-2.2343528,1.1448158,-0.034978017,-2.764116,1.1945378,0.44795302,-0.8064105,0.72594047,0.70395315,1.0564929,0.57879925,1.0151608,-0.20906664,0.15628934,-0.13130945,-0.25315318,-2.3311353,0.52827775,-0.7081276,0.24221702,-1.57457,0.11161385,-1.3770748,0.644892,0.029384656,-0.05185041
-1.844176,-0.3512177,0.34364575,0.6338622,-0.5352713,2.8724852,0.012947775,-0.7654138,-0.43168515,-0.4539642,-0.3022627,0.011259854,-2.164283,1.2772684,0.5637169,0.24808246,-0.7158325,0.31163907,0.11469805,-0.3459477,0.21622181,-1.7406584,-0.73784715,-0.22821914,-1.1468303,0.1937329,1.7259448,-1.7716863,-0.9407903,-0.26354143,-0.9450953,-0.601729
-0.7139843,-0.89299226,-1.2178546,0.08402079,-0.42070544,0.2856685,-0.33530903,0.034149766,-1.9286795,-0.46499836,2.251781,-1.4751787,1.1828525,-0.21903491,-0.9183903,-2.1440947,1.0466468,0.09123415,2.9630513,0.688161,1.6006267,-1.5495821,1.1642414,-3.0030305,2.4215379,-0.6497284,0.52762336,-0.27846834,-0.03005302,0.77704453,0.020506494,0.17678356
-0.56569016,0.057799533,-0.07014899,-0.65178716,0.027562007,-0.38884217,-1.1157677,0.69531184,0.0017481968,-0.8043883,0.9674368,-1.1453834,-1.0570984,0.74457085,0.26946244,1.2715131,-2.0029216,0.0503428,1.5154992,0.9233758,0.80902755,0.22757912,-0.66496724,0.49619928,0.5015153,0.5455274,2.0767848,-0.54459375,-1.1372706,-0.5843209,-0.58129823,-0.82540536
-0.020483201,-1.2684851,0.9334776,-0.42814687,0.20255876,0.013319448,-0.520039,-0.4437802,1.1930076,1.6211395,-0.5850619,0.24816313,-0.7301309,0.31057796,0.743551,-0.69428104,0.56905633,-0.27028066,0.009762496,-0.005702615,0.22804403,0.23761678,-1.2134209,0.9888775,-0.30648863,0.12302373,0.53659093,0.2186501,-1.0241584,-0.09861227,-0.64576864,-0.29247963
0.3040796,0.21412401,-0.07933935,0.0463935,0.009386212,0.14149971,0.01305747,-0.29931623,-0.8517273,-0.27880055,-0.03114041,0.48451477,-0.3115361,0.77846074,2.1304615,1.1606419,-0.1632703,1.0838888,0.19425777,-0.7432633,-0.50308913,-0.35122746,-0.5810834,0.20681281,-0.021478392,-1.1614485,-0.23275237,0.63002574,-1.0316911,0.64400667,0.30467078,-0.2253626
0.15507892,0.23172331,0.513692,0.6269555,-0.59844893,-1.5244412,0.39376408,-0.10591534,0.3330902,-0.7110483,0.59836805,0.83606726,0.9825812,0.21963048,0.72854775,-0.5517092,0.11744313,-0.7713005,-0.39089876,0.41207266,-1.2256585,-0.4606078,-0.94495857,-0.51082045,-0.60543936,0.012709726,0.53216255,-0.25453085,0.013604287,2.122886,0.039853044,-0.29930612
0.9055389,1.0177134,-0.10160245,-0.06937626,-0.21028286,-0.20848547,0.28303,0.4794017,-0.36502123,-1.4284391,-0.78955305,-0.73156095,-1.1425202,1.0361092,-1.0333544,-1.2877959,-0.8923335,1.5339535,-0.35720468,-0.3926993,-0.6456405,1.0773839,0.12821059,0.8259605,-1.0084598,2.0848627,-0.5363626,1.6191921,-1.7898308,-0.34006086,-0.90557355,0.014455356
-0.90019554,-0.5459017,0.87157524,-0.46404028,0.16549648,-0.2734554,0.0940544,-0.6459747,0.36792403,-0.89603317,-0.3598624,-0.41039187,0.023788996,-0.04248327,1.6628067,0.010526866,-0.31847215,0.17361656,0.85119885,0.86571854,0.30976912,0.9616462,-1.6809394,0.5680933,0.4473328,1.5014192,-0.147161,0.21107195,0.03360237,0.47520894,-0.51248956,-0.55565846
1.1712551,0.5549556,0.90968275,-0.20638868,0.6423179,-0.7687829,0.11357585,0.82369334,-0.21604359,0.4178584,0.05413857,-0.72948015,-1.1935419,0.9907039,1.7764285,0.17525698,0.009649675,0.17419338,-1.1058825,-0.09646095,0.6574714,-1.5341501,-0.25613385,-1.4868262,0.72422135,-0.021696866,1.4459273,0.24671552,-0.009490326,-0.3848573,-2.4008665,0.032701038
-0.42997745,-0.3955307,0.66261303,1.1833048,0.63079226,-1.4472071,0.050969973,1.0122643,-1.0539062,-0.79494905,0.48852652,0.22451298,-2.033962,-0.59097856,-0.5957673,-0.3785712,-0.10647388,0.14241289,-0.4138763,-0.3392193,-0.86644554,-0.021759983,-0.9464495,-0.34495163,-1.3841503,0.07236016,0.2082139,-1.1688646,-0.8499808,-0.23907468,-1.1026173,-1.6426344
0.2867549,0.43757156,0.35773352,0.42078432,-0.61480933,0.48432916,0.7161305,0.5717115,-1.3451812,-0.7568578,-0.59496325,-0.07844517,-0.13979542,-2.1447563,0.5186958,-0.028924853,-0.7965984,-0.7456838,0.65714926,-1.5880885,1.3065917,-0.8023995,0.4480236,0.9919294,1.2219561,-0.93164146,-0.9546756,0.60116136,-0.34007967,0.37659037,0.44205976,0.5193775
0.10264923,-0.18861644,0.29346606,0.5357658,0.085237786,-1.2478085,0.06299296,-0.40938833,-0.45223656,0.27165315,-0.87061,0.6932116,-0.7346536,-0.8356981,1.3187938,0.33765662,1.1370292,-0.26351345,-0.38085032,0.20773028,0.017675325,0.7839317,-0.17358443,0.07332882,0.1579637,-0.26463047,0.8397503,-1.1031505,-1.053861,-0.75993705,-0.27968475,-0.027989186
-0.44976133,-0.018389046,-0.04544481,-0.3172601,0.42357284,-1.6424134,0.3454567,0.9070128,-0.14889872,0.51138306,-0.46166727,0.63775194,-1.7274337,-0.8022077,-0.09149079,0.5051442,0.045132235,-0.63020134,-0.22258186,-0.7409136,0.39176846,-0.99382764,0.2300617,0.5141636,-0.19421649,0.91137075,0.13915691,0.05013933,-0.4109943,0.4845318,-1.3675163,0.24646197
0.49396187,0.17926002,0.15995023,0.17481652,-0.36592415,-1.5496271,-0.31193632,-0.6707128,0.48767728,-1.1494904,-0.9546099,0.26533213,-0.1897708,-0.2109465,0.9699354,0.55834496,0.5201502,1.427439,0.1418314,0.06565714,-0.13457632,-0.9500438,-0.20761755,0.61786216,0.120232336,1.0394084,0.8567557,-0.16275276,0.25241375,0.21977162,0.35414535,-0.06648585
0.1587652,2.174384,-0.16892388,0.65403646,1.5029141,-1.2583838,1.1821796,0.20955867,-0.86100006,0.045949638,-1.4037769,0.5059886,-0.93632114,1.3912346,-0.5026142,0.27599216,1.7650682,0.26304966,0.14953196,-0.7716718,0.89989626,0.14333227,-0.85188884,-0.9722754,-0.35678726,-0.6443942,1.2942657,-0.5906973,-1.0657355,-0.33470702,-0.2008136,-0.08268714
0.38775516,1.2250316,0.095556766,-0.65619314,-0.66347575,-1.3049018,-1.4050218,-0.11736775,-0.65823936,-1.214638,1.3185161,-0.9155714,0.58140445,-0.600123,-0.7269505,0.473832,0.8652214,0.17083833,0.16769838,-0.7166261,-1.2948246,0.47691387,-0.42447346,0.06288272,-0.08149008,-0.26374215,0.41006446,-0.22333555,0.20321518,0.3606285,-0.30822077,-0.29145673
-0.46675,-0.6467198,-0.25096002,0.6805105,-0.5141134,0.78630435,-0.635395,-0.022317082,-0.22370815,-0.30038023,0.21928309,-0.9897754,-0.844079,0.8857598,0.54232085,-0.5666012,-0.09707521,-1.0304127,-0.60170156,-0.45823607,0.32554743,0.26250762,-0.53991747,0.8410908,-0.51851815,0.009436965,1.1035331,0.19551249,0.5227348,0.18905064,0.34865603,0.0099487305
-0.28842598,-0.08309947,0.4172089,-0.31614664,-0.14696234,-0.77484655,-0.92579544,-1.2543023,0.18942493,-0.41150108,-0.49521863,0.21551438,0.34382895,-0.46360612,0.6764487,-0.1094359,0.81452185,-0.17136988,-0.20445928,-0.62751424,-1.1223216,-0.4532195,-0.17818496,0.06671606,-0.1033289,0.34174886,0.62833184,-0.82462656,-0.8073255,0.46500066,-0.21223795,-1.1136168
0.44980276,1.101886,-1.9440477,-0.56585896,1.3045106,-0.45263982,0.059577614,0.4659095,-0.18337218,-0.99992025,-0.7714944,0.43153715,-1.4699786,0.924533,0.5282508,0.47563672,1.8648921,1.5245503,0.19145149,-0.81826806,-0.5869831,0.34677535,-0.44902158,-0.52505565,-0.6600046,0.19433296,1.7132647,0.83266634,-0.54592353,-1.0370694,-1.1587145,-0.7528118
-0.43646067,0.082123294,-0.2829196,-0.8413843,0.6188076,1.9225986,-0.9532633,1.0567472,-1.3252165,-0.89043117,0.28811216,0.57049465,-0.31294692,-0.32057744,1.1344299,-0.20933042,0.0920735,0.16225328,0.024750948,0.6482141,-0.033596873,0.4538656,-1.2275808,0.11318825,0.13492128,0.91966766,1.2917985,0.26570567,0.28796783,-0.91797686,-0.2332771,-0.14469087
-0.45529443,-1.0634824,-0.27220118,-0.89091015,-1.030978,-0.9785425,0.3371017,-1.6753061,0.27084076,0.3746478,0.32927758,-0.33490616,-0.9218619,-0.766114,1.0961268,-1.6172677,-1.4607446,-0.13955867,0.6549819,0.082754344,0.26588875,-0.9439424,-0.91133934,-1.1334232,0.4108423,0.22486511,0.019913789,-0.22602491,1.2370741,0.93589014,0.4318671,-1.6434681
0.22406617,-0.011916347,-0.26623145,0.04435292,0.21983512,-0.2680282,0.37717515,-1.6465508,-0.21700633,-0.097302124,-0.5584731,0.16515055,-0.50368613,0.274188,0.7508606,1.9144745,-0.32333124,-1.6917391,-0.5179897,-0.78573155,-0.52026963,-0.45153886,-0.642277,0.7756602,0.5660317,-0.14289814,-0.2894395,0.49933147,0.34683186,0.08102331,-0.7321891,0.73660505
0.08183193,1.117762,0.42714062,-0.69423074,-0.22719324,1.1032598,0.05722042,0.34538245,-0.6774536,0.48359615,-0.007656371,0.22065565,-0.20897299,-0.1812414,1.5696851,-0.043499626,-0.5468069,-0.89189035,0.6452509,-0.33294684,0.17497842,-0.46370184,-1.0754986,-0.5068394,-0.21592893,-0.98264384,0.16493541,0.13081172,-0.67696786,1.2082934,-1.2857062,-0.23062806
0.7508199,0.5514805,-0.3639814,-0.6102397,-0.14747661,-0.9131322,-0.27287874,-0.11242023,-0.8411418,0.23905405,0.13485086,-0.29600424,-0.400703,0.3371998,1.24449,0.38643336,0.12164013,-1.4850347,-1.4833407,-0.66288567,-0.69140273,-0.33645785,0.044677153,-0.46166033,0.58895993,0.42446542,0.14977893,-0.5488639,-0.37598452,-0.22913344,0.6166317,0.6792295
0.2853213,-0.13375235,0.40988612,0.53491765,0.055908486,0.82831454,0.61834306,0.984821,-0.6533823,-0.89265645,-0.62852454,0.9708146,-1.1932974,-0.27238613,0.9311247,-0.08464943,-1.2075438,0.38439628,0.45233548,-1.0965962,-1.0095999,-0.3284458,-1.4106635,1.2695937,-1.1357629,1.2126384,-0.84385467,0.5898063,0.79712653,-1.0116134,0.23360036,-1.3083237
-1.3407322,0.6442919,0.3482674,0.00017154217,-0.45619822,-0.31828564,-1.418138,0.16351725,0.17366758,0.685305,0.16700982,0.91000104,0.5025677,-0.72123396,1.7102699,-1.1380361,-0.13418293,-0.54647356,0.026301563,-1.1147933,-0.46545476,-1.4398329,0.26593274,-0.58331954,-0.19613275,-0.23017943,0.90980643,-0.046241008,0.0045012534,-0.9251112,-1.5976044,-0.09565374
-0.91345835,-0.41776815,-0.16314468,1.4559128,0.5670388,0.28908303,0.25983265,0.759004,-1.828843,0.429978,0.6467506,0.39399922,-1.3184719,-0.5680485,1.1706905,-0.35977837,0.07885277,-1.1890275,0.2784961,-0.10540167,0.77277136,-1.558537,-0.19522776,0.5373065,-0.2512214,1.4355639,-0.41026106,1.7899685,0.79614264,-1.3819964,0.3827327,-0.84392583
0.44476062,1.2448399,-0.9040273,0.35416967,1.051933,0.50427914,0.7401936,-0.5622897,-0.958357,0.4639787,2.2986188,0.7513537,-0.039282333,-0.44846258,0.39761358,1.3889968,-0.21991688,-0.8938552,-1.464385,0.188012,0.34339318,0.5474175,0.7132492,3.169998,1.27544,-0.5227808,-0.94154334,-0.3316635,-0.9933049,-0.6620531,0.18053192,-2.854009
0.78812027,-0.18929434,0.026062788,1.041687,-0.5470109,0.004301183,0.14720643,-0.34608242,-0.9493322,0.42537147,0.15667215,0.64749104,-0.080745704,-0.48209083,0.85491145,-0.21285905,0.4950134,0.18280648,-0.0697328,-0.05963248,-1.0310644,0.55470264,-0.24114975,0.13069554,0.558375,0.53916574,-0.39260325,0.515285,0.6645026,0.41782644,-0.86372113,-0.08817537
0.8919726,0.08602742,1.6580479,0.6772793,-0.7465399,0.09826815,-1.4335594,0.15146448,-2.2032135,-0.3425569,1.1532857,-0.044045225,0.69648385,-1.4920561,-0.51101154,-1.9338617,-0.20149684,-1.9958849,0.29187357,-0.044347644,-0.3641583,-0.2703699,-0.113761745,0.6231791,-1.4484761,0.13114333,0.55537415,0.7225098,-0.25482512,1.2019873,-0.22302732,1.2307692
0.12022159,-0.51685077,-1.8905518,-0.005665034,-1.9486094,-1.2220081,-0.9514621,-2.2764845,0.65597874,0.31654748,-0.6953513,0.6213235,-0.73528963,-0.12423102,2.4046526,-0.63502413,-0.09809912,-0.8337187,1.0197783,1.0915549,1.8873769,0.6550334,-0.6500081,-0.93958306,0.47141984,0.9392319,0.53054106,-0.88091004,-0.5549601,0.60302556,0.12320262,-1.5007339
-0.48350626,-0.513784,-0.053198338,-0.4010693,0.31840408,-0.12984073,0.8022754,-0.81942546,0.22539236,0.039185956,0.42294016,-0.8288038,-0.23003763,-0.20329791,0.34483078,0.17477383,-0.5570991,0.08329496,0.33836564,0.48664066,0.3000846,-0.59183896,0.11434984,0.862687,-0.39009112,-0.24219948,0.6540922,-0.48708922,-0.9294878,0.42395198,-0.4350942,-1.0066142
-0.5695212,0.05162637,-0.42661193,0.36900657,-0.87560594,0.6345562,0.38886726,-0.8098145,0.4978249,0.24256851,-0.6951364,0.04249212,-1.8539119,0.17671461,0.89150083,1.1319175,-1.499891,-1.1281104,-0.49163947,-0.019678801,-0.8839854,-1.0971959,0.019768938,2.2399125,-0.027919859,0.37988406,0.715662,-0.24826716,0.37348545,0.9403023,1.5736544,-1.4151244
-0.7643676,1.1445951,-0.3017561,0.5315906,0.0066897273,-0.40731567,-0.88542753,-0.37186545,0.06814045,-1.3072159,0.9747961,1.1779319,-1.0096705,0.0019934475,1.5686387,0.43680775,0.020402595,-0.66840225,-1.9164636,-0.836732,0.6095666,-0.050408036,1.0360422,1.1151879,0.44507602,-1.6544362,0.223154,0.1334738,-0.5871903,0.97561884,0.38917097,-0.53410435
0.48928326,0.2410743,-1.7394829,0.28800964,0.9252584,-0.16554435,0.053911343,-0.09441759,-0.6082271,-0.12421781,-0.46114466,0.7820424,-0.64780253,0.7998839,0.023217335,0.7129146,2.2531161,-0.36870253,0.009684622,-0.8568677,-1.4324632,0.024445137,0.3609517,-0.4522286,-0.14036274,-0.13356109,0.94131005,1.0253242,1.152461,-1.1915118,-0.95412695,-0.035079762
0.3162873,-0.17953502,0.8254026,0.063133076,0.5650307,-1.0474535,-1.0673833,0.96710515,0.32839236,-0.9172463,-1.3848051,1.2156003,0.72657937,-1.3267608,0.92221594,0.5789333,-0.6146683,-0.89433265,-0.16230473,1.2416135,0.16896263,0.43664247,0.018576134,-0.44711936,1.6024694,-0.92769223,0.3563859,1.0551944,0.2866221,1.1111168,0.024422176,1.1443825
-0.04158704,-1.4514354,-0.5190016,-0.37953037,0.7760818,-0.26828495,0.1569413,-0.43799806,-1.4754214,-1.3915603,-0.6442423,0.22108498,1.7640784,0.24293444,0.42540294,-0.6341852,-0.41111198,0.9178219,-0.74956286,-0.315802,0.09776209,1.492501,0.34049144,-1.907109,-0.04946116,-1.297687,-1.2054719,0.9832431,-0.1632812,-0.67045146,-1.2246642,0.67436224
0.24785073,0.36895445,0.72183335,0.676341,0.6219073,-0.077488616,-0.6445649,0.63671947,-0.4963255,0.3200211,1.1381264,0.859516,-0.7762776,0.18604553,0.5377085,0.71424305,-0.64376694,-0.068302155,-0.22331536,-0.3539775,-0.7325375,-0.116578266,-1.2490959,0.25445294,-0.1158306,-0.660358,-0.13417453,-0.81214374,0.2687496,-0.34984735,-1.5226393,0.26742974
-0.11394751,0.11718988,-0.7403907,-1.6182866,0.091873825,-1.7040598,-0.17223293,0.5987361,0.5973964,-0.32602257,0.597363,-0.05709645,-1.2868685,-0.573525,-0.6792346,0.414152,1.3319051,-0.05310683,1.5402215,1.198834,0.1354568,1.3611393,0.36380038,1.4472067,1.6538472,-0.024530992,-0.08672978,0.07332213,-0.7815408,0.40408665,-0.6607809,-0.63012385
-0.35597956,-0.16064598,0.63456625,-0.06483641,0.83112293,-0.48864207,-1.001501,-0.4761238,0.95278585,0.408311,-0.17516738,-0.6896498,-0.36247,-1.8239256,1.6488092,0.19132903,0.94511765,-0.8031464,-1.2031962,0.06509653,-0.075716004,-0.987916,2.2017841,-0.27376616,-1.3496445,-0.73931503,0.06892866,0.34669265,-0.66058016,0.45482263,-0.26145422,-0.42077982
2.0601535,-0.048514716,-0.27228844,-0.06703746,-2.0825734,-0.3188512,-1.5443786,-0.2862641,-1.3447651,0.31198883,1.0222304,-0.19895326,1.7708192,2.1707683,-1.2143798,-0.95753586,-1.7846174,-0.98440385,0.44691676,0.17477486,-0.7672565,-2.0038931,-1.6219169,0.6943729,0.1639375,0.73703206,0.3143221,3.164896,-1.3790514,-2.0556996,-0.69400203,3.2107046
-1.0190271,-0.5410774,1.3433557,0.06146413,-0.11214526,-0.5693044,-0.2901974,0.4980569,-0.1698313,0.7586737,0.6331958,-0.30289277,-1.2440833,0.09730212,0.29479516,-0.105997056,-0.63753235,-0.33268178,-0.11680624,-0.9910058,-0.42887658,-1.6555651,0.18072566,0.0868887,1.3311254,-0.2862556,1.037348,-1.7374501,-0.3211343,-0.9229257,0.15261242,0.324451
-0.14078562,-0.30012617,1.3896594,-1.2990896,-0.48952973,0.8258155,-1.0942017,-1.0727013,0.350214,0.2444121,1.11544,1.196423,1.0448257,-1.1951774,1.2083598,-0.34294552,0.09325421,0.3821004,-0.85908234,-0.14162621,0.5490533,0.023041472,0.022178434,-0.030339152,-1.3439348,-0.6824645,0.89544547,1.1560742,-0.48447204,0.5509059,0.1532349,-0.8892338
0.08150661,0.5149856,0.48020226,-0.091670476,0.6822114,-0.49876565,0.52655685,0.4360665,-1.2747906,-0.7222283,-0.7930738,-0.8645036,-0.43369067,-0.5336417,0.25588968,-1.101231,-0.08831885,-0.72260773,0.020322021,-1.3691559,-1.6468623,0.0053905696,0.49085844,0.09700838,-0.7555297,-0.6612593,1.1162548,0.14755233,0.14070383,1.0973077,-0.5130202,-0.50158507
-0.5826427,0.19346277,0.15758936,-0.39794365,0.002859071,-0.12781231,0.19616601,0.12555274,-0.554653,-1.040713,1.10818,-1.0007875,-0.6878449,-0.76256335,1.1835308,0.88315606,-0.3766014,0.13344438,-0.49355248,1.0606718,0.16290456,-0.3921576,0.46867284,0.32426727,2.1340892,0.54043436,0.8070264,-0.350051,0.2323913,-0.42955673,0.9370747,-0.18327287
1.1917242,-1.396205,0.4801439,-1.309423,-1.2373447,-0.5803038,-0.28755966,1.020639,0.666016,-1.5113115,-1.249327,0.9233711,-0.47246036,1.1446202,0.79820156,-0.60172737,0.82713056,-1.5760932,0.12573878,1.5324663,2.0301385,1.9808717,-0.79242605,1.1187241,-0.9595821,0.61639965,-1.3031409,0.4252508,-1.0621059,-1.1707499,-0.01444006,-0.62757945
0.40377462,0.82827365,0.23966603,0.3460467,-0.2044211,-0.36874804,-1.3895738,0.15912962,-0.40737134,-0.6347973,-0.33203045,1.0922184,-0.38740546,-0.8635764,1.9695628,-0.8530451,-0.7453057,0.77774,-0.49461165,-0.58998287,-0.37186503,0.18126348,0.7124952,0.14682806,0.76101905,-0.4049511,-0.77120066,0.7964153,0.9987749,-1.8432283,-1.2009511,0.78503287
-0.3510825,-0.7654822,1.2359278,0.06345785,0.91311485,-0.502393,-0.1259522,0.7244699,-0.45654842,-1.408489,-0.44953316,0.80229175,0.7893984,1.813086,0.8353457,0.027176544,-0.30706477,-0.6835525,-0.3269348,-0.6222177,0.78224695,-0.2589621,-0.4565129,1.4281591,0.94298834,0.15555407,-0.16444352,-0.9849396,0.21557069,0.84756064,-0.91925156,-0.11494827
0.32227916,-0.25872943,0.7046348,-0.3817947,-0.06801661,-1.1156368,-1.4646208,0.20677799,-0.961077,0.87151307,-0.23891121,0.5133492,0.22513297,-0.16762252,-0.36638173,-1.3353876,-0.53375703,-0.72570634,-1.9557579,-0.9177479,-0.4297611,-1.093307,-0.06309369,1.1156802,-0.5203881,1.4464743,0.080793716,0.6871737,0.07708292,0.8505484,1.2331338,-1.5106828
-0.247902,-1.5484941,0.3804511,-0.88437235,-0.33431116,-0.8470962,-0.6922577,0.031560197,1.0221319,-1.5578389,-0.39056337,0.27822775,0.26882997,-0.42601293,0.94500566,0.49055582,-0.10172469,0.4671181,-1.0113691,-0.84484714,0.3763874,-1.67816,-0.5005752,-0.30089203,-1.2644506,0.26246926,0.6552048,1.2326982,-0.51487726,0.9887649,-0.48425367,-0.27276784
0.01647674,0.37576628,-0.4668415,-0.4423105,0.37334698,-0.7761916,0.9686301,-0.6715243,-0.22950141,-0.5517025,-0.01929731,-0.40333223,0.24102713,-1.3933368,0.53100574,2.966844,-0.84312063,-0.8156523,0.05110108,0.3568953,1.5087718,-1.03368,-0.009238318,2.3914523,-0.010408074,-1.369841,0.41575307,-0.017382309,-0.39050055,-0.4988041,0.9319114,-1.7268088
-0.18217303,0.5664814,0.9352325,0.86303043,-0.57449734,-0.7797279,0.6414697,0.089287,-1.6863738,-1.0322005,0.93012047,-0.39316386,-1.195476,1.1540366,1.8088483,-0.06437576,1.0114312,-0.8145065,0.16683501,-0.026702758,-0.2516275,-0.19367088,-1.0130159,0.07096945,-0.3578856,-0.87003505,-0.4965753,-1.5380039,-0.049221873,-0.2582126,0.6600374,0.41293544
0.78295624,1.7914863,-0.74350965,0.16854557,1.70907,0.51624036,-1.7152613,0.9065234,-0.8272332,-0.5071274,-0.83514655,-0.059948638,-1.1717114,0.41018522,-0.23178552,-0.2063864,1.58988,0.884974,0.81887156,-1.5070177,0.04716347,-0.4952681,-0.37196618,-1.486311,-0.70600283,-1.4287038,0.39381856,-0.5641471,0.872656,-0.74676406,0.3800664,-0.24285942
0.037456118,-0.72535944,0.6657194,-1.0841024,1.1132779,-1.2418718,-0.2618338,0.9681293,0.3393829,0.1143305,-0.8685724,-1.0389589,-0.5614517,-1.3846787,1.4246495,-0.15935452,-1.2385706,-1.9015679,-0.30035222,-0.7167391,0.48377624,-1.3959637,0.5523077,-0.07809636,0.65988886,-1.0112503,-0.71812654,0.43970835,0.45241365,1.4928195,1.1584008,0.3234525
-0.105842434,-0.9004616,0.18303081,-0.844599,1.5786462,-0.4600909,0.36630094,-1.482065,0.014440924,0.46640745,-0.09579784,-0.35827416,-1.1213204,-0.66736794,-0.012456112,-0.58344674,0.40302035,-0.06950843,-0.17585579,-2.4568043,-1.3598652,1.3354899,-0.5085426,0.36162066,-0.23937106,0.20651762,0.25738811,-0.3112738,-0.2071186,-0.47031462,-0.6283168,1.1484132
0.30357376,0.5567335,0.05780126,-0.13219854,-0.17122136,-1.2360396,-0.5417684,-1.8660755,-0.05348499,1.2125843,-2.5396223,-0.37795827,-1.1156377,-0.31844532,0.3557503,0.71139634,1.9765815,1.8617054,0.16288838,0.6101359,0.059587967,-0.5907238,-0.023361683,2.0061212,0.6176084,0.5518764,0.25058454,-0.14289562,-2.085856,-0.56812245,-0.4940775,0.75948644
-1.835873,0.68266976,0.86161315,2.129418,0.1401043,0.7718837,-0.24412157,-1.6186244,0.010722324,0.63065064,-0.26600635,-0.46496397,-0.77980506,0.46922132,-0.26786277,-0.89106715,1.2912443,-0.63077176,0.84319437,-0.98217636,-0.076113075,0.4285051,-1.5354395,0.7527431,-0.68438035,1.4455974,0.6937448,-0.9493594,-1.2118165,1.408236,0.91781306,-0.8639899
-2.3685942,3.031772,-1.7469981,2.2833505,0.8598961,-0.21265858,-0.98464894,1.5093191,-0.06577358,1.6915896,-0.8100792,0.59546405,2.2029042,2.1214194,0.14493044,-0.85159177,-0.27654794,-0.83059543,-0.5449646,-0.59146374,-1.0465358,2.3747234,0.8186827,-1.3678973,-0.8605342,0.55928075,2.1666212,2.1088505,0.05361134,-0.2651044,0.58921933,1.3699343
0.96882606,1.2891375,-1.9774371,0.4566478,1.9048753,-0.23344968,0.23671633,-0.11669007,-0.11629512,0.33569282,-0.46892074,0.69079113,-0.415107,0.21092844,-1.5213175,0.19944817,2.3208292,-1.0538524,-0.42884058,0.3890899,-1.2964451,-0.17823459,-1.0048224,-0.009501388,-0.0780195,0.257675,1.4374794,0.81144065,0.28652665,-1.1824224,-1.2691913,0.2597448
0.9599236,-1.8374956,-0.31767556,-1.8865769,0.64045036,0.59774214,-0.4431164,-0.15967561,-2.3944812,-0.77997994,-0.09285858,-0.96758056,0.06244488,0.51307726,-0.18001531,-1.8719776,1.4324929,1.3661162,0.38867813,-1.9619067,-1.3530176,0.79588306,1.4567801,-0.94958776,0.29969683,-0.607972,-0.597556,0.055821173,0.4305581,0.17527014,-0.70683265,-0.0850333
-1.2674255,0.37955108,-0.41410246,1.0128868,1.4060626,-1.7025429,-0.7118717,-0.21642712,0.51581556,-0.22658044,2.0358996,0.6684472,-0.38790512,-0.4152001,0.95469415,0.3222701,-0.44523126,-0.612876,-0.88077116,-1.1163712,-0.34396335,0.0016539246,0.48352474,-0.78068995,0.0015538186,-0.41037422,-0.5850794,0.017377269,0.34090668,0.51327676,-0.12942922,-1.0492107
1.4139252,1.1303213,1.2422185,0.27588338,0.02043067,-1.5513256,1.2548081,0.6237428,-1.5757408,-0.9994799,0.3112194,-1.7960951,-2.120378,0.33420625,-0.10268107,-0.17853993,-0.5434998,1.7274323,-1.5926276,-0.27555457,-0.33238345,0.113027096,-1.3443878,-0.09827179,0.6417452,-1.9404553,0.19916485,-1.3544742,-1.5305499,0.3732365,-1.1294307,-0.6066936
0.9442142,-0.016106635,0.2457144,-1.6759574,1.2803313,-2.4332376,-1.1881171,0.23546883,1.0943987,-1.5148106,-1.137749,0.56013274,-1.889363,-0.27545983,-1.0730332,0.23689204,-0.9303122,-0.08115105,0.7991592,2.5513816,0.8415255,3.4340749,-0.3676492,0.093722194,1.7080423,-0.9897752,0.08266751,0.36381003,-0.12320304,0.43618914,-0.5427799,-1.49674
0.1354755,-0.57424724,1.2864541,-0.9266509,-0.22255565,0.982221,-0.31559098,-0.3160038,0.9544741,-0.48309338,0.31347725,-0.28050816,-0.7887783,-0.7635475,1.2003005,-0.37364876,1.1394596,-0.5836888,-0.27359182,-0.15026903,1.19162,0.18566819,0.7274915,0.59549433,-0.3237941,-0.4360502,0.6956908,1.9477613,0.7024859,0.8618665,-0.20992771,0.23971197
-2.0381217,-0.656728,0.12353943,0.64406013,0.07187475,-0.7950964,-0.7135487,-0.33001083,-0.58998156,-1.0139654,-0.42701775,-2.1605628,-0.32819298,-0.34297258,-0.15208995,0.5412866,-0.49478415,-1.5299954,-1.0346721,0.27660176,0.5953354,0.48827928,-0.93006766,0.76809335,0.50027883,0.8128925,-1.096253,-0.056835614,-1.1473591,-0.25467622,-0.54776555,0.08068934
0.6237912,0.83908665,0.49950826,0.18665734,-1.415643,-0.09046743,-0.08897581,-0.7393614,1.142816,-1.5386916,-2.8793747,0.801433,-2.2613907,-0.048235722,0.4472054,-0.0815739,-1.0787859,0.58770645,1.1063821,0.19264297,-0.27761766,1.7261266,-0.40231937,-0.5676961,-1.5268462,2.2461157,-2.3025527,1.2998283,0.67946005,-0.5585645,-1.3039094,-0.078599826
0.5048842,-1.496693,-0.6541499,0.40001947,-0.49497116,0.70520884,0.82153493,0.9965918,-0.14287215,0.24424273,0.80473113,-0.74030316,-0.14278725,-0.6905209,-0.9032407,0.45515522,-1.7006621,-0.49675557,-0.8235831,-1.2231047,-0.30052406,-2.4513261,-0.42047223,1.2657773,-0.38574836,0.16678873,0.42915443,0.7741235,-0.08024418,-0.71291053,1.3022914,-0.23896365
2.084415,-0.85014343,-0.036431976,-0.53046715,-0.8813849,-1.4448678,0.7748774,-0.14785728,-0.3134748,-1.2251189,0.7102773,-0.4834241,-2.0952446,-0.48565942,1.0546297,1.6155806,0.033207,2.3775222,-0.8369831,1.7677628,-0.6576309,1.172826,-1.8470562,0.04584606,-1.0632876,0.33846083,-0.10345374,-1.3962581,-2.0064418,-0.61256623,0.51899326,-0.21050915
0.57047683,-0.06002163,1.1020176,1.0053587,0.9681444,0.4393372,0.44525138,-0.13201675,-1.5728638,-0.03406006,-0.05658163,0.65228885,-1.5545356,1.1873391,0.91601217,-0.13395938,-0.7244569,-0.21584296,0.05994135,-0.13274261,-0.12781581,-0.03143476,0.04866367,1.4294974,-0.18356611,-1.9988961,-0.11708489,0.44391716,-0.49919105,0.58564883,1.4447902,-0.48464704
-0.7598679,0.10644384,0.47174525,-0.8552036,-0.09642035,0.74603283,-0.47680712,0.621033,-0.25547698,0.32824042,-0.59007204,0.42077208,-0.9557328,-0.5349563,0.13659497,0.2603128,-0.103226505,0.23507763,-0.23911719,-0.7215059,-0.8843475,-0.10725245,-0.22982919,1.3354745,0.91367835,-0.4985099,0.6601362,0.6275146,-0.362766,-0.14953674,0.10755675,-0.8632746
0.3714921,-0.35183412,0.73143464,1.1242616,-0.5545773,-0.55749035,0.55762124,-0.09131118,0.35215768,0.5463168,0.06960703,-0.2587635,-1.1462047,0.7415749,1.7208753,-1.0945065,0.4288427,-0.6827998,-0.1816443,0.11799669,0.036217418,-1.0836165,-0.6960981,0.7998018,0.54253787,-0.25000626,-0.8980553,-0.46197084,-0.66258276,1.0230304,0.021608979,-1.3201147
1.2150617,1.3664485,-2.0869036,-0.80622727,1.0553434,-0.0442775,1.0722103,0.32103467,-0.65796745,-1.851713,0.58271414,-0.25250956,1.7554945,-0.00028651394,0.26771563,1.4941785,1.8360314,0.5067852,-0.17237017,-0.42977434,-0.96177685,0.36205354,0.5776704,-0.3407034,-1.0605421,-0.6693414,0.71685815,-0.31552386,0.9054614,-0.75376654,0.109632224,-0.594875
-0.38396177,-1.2277756,-0.41327116,0.9517904,-0.120380715,-1.1840084,-1.218652,-0.29647547,0.28686842,-0.47151455,-0.8951827,-0.32894927,-0.65727025,-1.8074731,-0.38304868,-0.90648854,0.18740785,-1.1991715,-1.0601163,0.4876801,2.4219162,-0.5147117,-1.3900447,0.11979012,0.86896807,0.47301677,0.63196415,0.6979823,-0.75665617,-0.5186511,0.24348378,-0.119792104
0.36786032,0.76082313,0.5700163,0.64815664,1.754596,1.9032141,-2.1849155,-1.5992692,1.2056391,0.5235606,1.06757,1.5542752,-0.8915551,-1.9584188,-1.0538989,-0.6892469,-0.5883474,1.2306054,-1.7781739,0.65000135,1.0788953,-1.4875944,0.58343506,2.0514612,0.69545436,-0.26079762,0.44389746,2.631278,1.6801634,1.243839,-0.55729985,2.0119426
-0.397681,1.5154488,0.267179,-0.15678127,-0.5555295,-0.9929503,-0.77767843,0.9294729,-0.007210424,-0.48225036,0.96561563,-0.0053337216,-0.25914305,0.037715778,0.062851295,0.648951,-1.4252746,-0.29332137,-0.43705654,0.21671405,0.08500612,0.60996187,-0.389449,-0.6860827,3.561626,0.63616514,-0.42074823,-0.11159791,-0.14580844,0.4032728,-0.34182674,-1.5458423
-0.21097581,-0.18529533,0.1447039,0.52287793,0.08896962,-0.42727444,-1.0036227,-1.872786,1.1919162,0.045790732,-0.7471688,-0.17138195,-0.43625373,0.8542136,1.1009355,-0.9436996,-1.720324,-1.6618115,-0.015811175,-0.3608832,-0.44556424,-0.6033384,-0.20323113,0.064477466,0.93036485,1.0492651,0.8993131,-0.6563065,-0.90786374,0.43368176,0.3433794,-1.1460862
1.0729779,0.3492979,0.7867128,0.11786229,-0.23096858,-1.3742288,1.4483635,0.76426315,-0.31447953,0.47722638,-0.73519796,-0.55936694,-0.5423436,-1.4372253,0.7274965,-0.45517117,-0.57325196,-0.44147062,-0.54140043,-0.27343044,0.81458366,-0.618697,-0.121245794,1.3656294,0.46757314,-0.6998644,0.9488776,0.028808948,-1.111209,0.1962987,-0.05632934,-0.062977195
-0.3799601,0.6447425,-0.17951837,0.27246705,0.34765065,0.078197986,-0.57528067,0.3704625,-0.885295,-1.8952506,0.3175259,-0.06164206,-0.81781864,-0.04305084,1.2342833,0.8157649,-0.548172,-0.27011532,-0.31803226,-1.2588922,-0.3399127,0.3756008,-0.57484126,0.6092968,1.0152451,-0.31056422,0.14485194,-0.07352152,0.26365963,1.0407794,-0.31302196,0.06423527
-0.029761774,0.987552,1.3371148,-0.89006746,1.0073179,0.0773798,-1.1574451,-0.80321324,-1.0897,0.1129971,0.48894924,0.30504555,-0.13609433,-0.8870497,0.25312132,0.43734458,-0.7550354,0.29326186,-0.09786591,-0.3301267,-0.23489586,0.7596458,-0.9668369,0.4797573,-1.2949748,1.0480683,0.4124191,0.012105495,0.08037847,0.83296686,-0.8089744,-0.7996031
0.14335585,0.7079765,1.1901485,-0.07005243,-1.5867466,-0.0849911,0.30457747,0.58329713,-0.90120757,0.20847332,-0.034320507,0.76784045,1.0765011,-0.09176837,1.1725607,1.4402982,-0.8154464,0.9795058,0.1353875,0.07367666,0.1834178,-1.1648575,-1.4327424,-0.5818329,-0.67600036,-0.15036976,-0.7174963,-0.4975192,-0.28196567,0.039688975,-1.0892146,-1.1201327
-0.06040579,-0.88525414,2.1505985,0.1636007,-0.5138925,-0.2592024,-0.5010823,-0.5077114,-0.9297718,-0.67028636,-0.20248863,-0.37483898,0.45681238,-1.1893039,1.0542209,0.8616394,-0.55834734,-0.53447413,0.66047806,0.6817033,-0.5365984,0.3789675,-0.95301616,0.19631927,0.84286904,-1.4842104,1.2328584,0.7221998,0.21183051,1.0678551,0.83680487,0.33358258
-0.3054041,-0.4106328,1.421263,-0.8871738,0.067047745,-0.06626895,-1.8378105,-0.7294063,1.9611025,0.039711762,-0.019704998,0.03290885,-0.3717984,-0.035625137,0.1739429,-0.32073158,0.8564572,-1.7745206,-0.29592314,0.459691,1.8438108,-0.87578094,0.22455311,1.1895143,-0.8189168,0.409506,-1.0042307,0.18171968,-0.6871351,1.5409158,-1.8258079,0.2535164
-0.34729484,0.21765938,1.0719616,1.4944016,-0.762776,1.4410172,1.3224651,-0.39418954,1.2570585,-0.8272184,-1.2124252,-1.9810126,0.5680984,1.0421535,1.0104654,-0.6965561,-1.2821907,-0.9194763,0.041710377,0.5512716,-0.17429706,-0.1714905,-1.6811506,0.612529,-1.2038943,0.83559793,-0.2985365,0.30688962,0.39667836,1.1454341,-0.5969212,0.005189076
-0.8939004,-0.23486198,0.25077027,-0.8871716,-0.11296909,0.2166273,-0.8461653,-0.35609668,-0.5612459,-0.3592872,-0.33100617,1.3197644,0.73225784,-1.0974429,-0.3468867,0.15725768,0.42906773,-1.2192707,-2.360528,0.12670386,-0.4725235,-1.1171227,-0.6866251,0.15919922,-1.8497412,-0.30461368,1.0290672,0.6129362,-0.16825184,-0.79979295,0.9057187,-0.55785125
0.37372926,0.1272274,0.21972142,-0.97877693,0.877856,1.5012963,-0.07716238,-0.30472338,0.4182751,1.6033647,-0.16231054,1.6843592,-0.72446865,-0.3057554,0.13109109,-0.81589496,-0.5528724,-0.9505827,0.6451237,0.3600231,0.36688074,-1.1487052,-1.7558974,0.37639803,2.386795,-0.306038,0.4274838,0.10131277,0.9245745,-0.15245187,0.05410922,-0.57408965
-1.6347549,-1.0413628,-0.682811,-0.7364622,0.98384356,-0.11732793,-0.031003654,0.4226316,-0.19323763,0.50102276,-0.5535176,-0.019767065,0.1493482,1.075634,-0.11690158,-0.36169994,-0.3506122,0.35409486,-0.21000382,-1.310841,-0.02683483,-0.673285,0.6021546,0.85601264,0.6940166,-0.58890504,0.62342316,-0.02106388,0.6312109,0.851604,-0.6224207,-2.0254405
0.17279667,-0.2373883,0.96739197,0.15673962,0.29172486,-0.9802081,0.39497554,0.65834963,-0.6180438,-0.50671315,-1.1187426,0.59306985,-0.2292463,-0.5216273,-0.038121745,-0.13666788,0.6150593,0.66307,-0.36128187,-0.6016106,-1.1931756,0.7903576,-0.5598705,1.3695188,1.2806567,-1.5336204,1.1352842,0.37331998,-2.3366115,-0.30860597,-0.5991721,0.71873426
0.3386823,0.4274281,0.5309105,-1.1014578,0.5668217,1.1129314,-0.23560174,-0.12847653,-0.45189437,0.98989594,0.850289,-0.07810326,-0.4926717,1.1679685,1.2986108,-1.6405189,-0.19214483,0.5257463,-0.38971376,-0.8544043,-0.45198667,-0.26674393,0.041548856,0.44557416,0.17914727,0.23348689,0.509169,-0.7917911,-0.21516466,-0.54083824,-0.49083576,-0.79995024
0.43157372,1.4117708,0.71185005,-0.27451602,-0.27319342,-1.1953269,-1.1933059,-0.2511159,-1.1838417,0.11438422,0.43182337,-1.1164293,-0.54442805,-0.33137846,-0.276675,0.014191538,-1.0371122,0.44351828,-0.8773639,0.9003009,0.7080395,-0.59562,0.3663515,1.2061832,-0.2598341,-1.2625877,0.6065508,-0.26690692,0.6482488,-0.5644531,0.42778683,0.17438821
0.9385843,0.39863172,-0.4543704,0.06333339,-0.41033882,-0.28033423,0.20096132,0.34998596,-0.15605476,-0.20350704,0.56722844,-0.63497406,-0.78933346,-0.4428587,0.63956296,1.1043384,-0.54081315,-1.3054506,-0.37901708,0.35092342,-0.6346605,0.27582908,0.3787765,0.82613134,-0.2646322,-0.53880465,0.7742553,-0.38906687,0.4178637,-0.7764708,-0.7426801,-0.823063
-0.17656484,-0.73949593,-0.44996774,-0.57493794,0.005826518,-0.13481699,-0.6207147,-0.7202405,0.17500882,-0.49059618,-0.27860636,0.42510885,-0.88323176,-0.24577191,0.8273833,-0.4624682,0.7280079,0.077445425,-0.014852124,0.18647541,-0.69498074,-0.92058676,-0.60179615,-0.25997388,-0.41297695,0.6929657,-0.6898302,0.8785094,1.1435914,0.034965366,-0.11996193,-0.44700468
-0.26413125,0.07489467,-0.36805665,-0.20921649,-0.28756618,0.12410871,-0.15604556,-0.151569,-0.093395196,-0.14796588,-0.31809315,0.5914855,1.3505442,-1.0888169,0.9710908,0.8298229,-0.8376752,-1.2107075,-1.1282411,-0.032471225,1.6868246,-1.3183862,-0.31766298,1.4087749,0.042639144,-0.030007526,-0.2334955,0.8870305,0.9018393,0.63857085,-0.15107355,-0.5237952
0.47947127,0.43706086,-0.2387605,0.287401,-0.46992767,-0.6224215,0.14015448,-0.58285534,-0.61107457,-1.575923,0.20475616,-0.89679575,0.1409361,0.51934326,0.53173053,1.7165976,-0.32326394,-0.77414787,0.10816116,-0.37388152,-0.7687534,-0.56097525,-0.9247394,1.1816685,1.3403254,-0.053778768,0.3101941,-1.0065651,-0.010084823,1.3723443,0.4473658,-0.09483972
0.6492229,0.9389837,-1.683821,0.39397982,1.5362976,-0.25286877,0.7409823,0.19299757,0.017890498,-0.45495364,-0.5915777,0.4364825,-0.5181623,0.48507804,-0.18379866,0.27163678,2.222089,-0.5450432,0.122424394,-0.7457832,-1.1241045,-0.23111969,-0.43176898,-0.7884457,0.21854588,0.38308367,1.1891389,0.9879053,0.26971504,-1.3210675,-0.8945959,-0.09781868
-0.6076795,-0.15810816,-0.3501446,-0.14317709,-0.2816812,0.7429706,-1.0401254,0.5076906,-0.45761743,-0.22917297,1.1289867,0.5385891,-0.84922826,-0.19761638,1.144932,-0.25691897,0.34452862,-0.6589137,-1.3785739,-0.60832703,-0.052607976,0.066783115,-0.81978846,0.10705943,-0.5518511,-0.37668106,0.9935374,-0.27553537,0.4765373,-1.0715685,-0.29982787,0.039209858
0.72594506,0.05985588,0.20700423,-0.58411825,1.0002999,0.8411895,-0.5940849,0.12504348,-0.022231653,0.28543946,-0.29065922,-0.8107841,-2.029722,-1.405667,0.8245449,0.27188802,-1.0999972,-0.6096891,0.40791035,0.17117104,-0.55355364,-1.3594004,-1.1458563,0.1502591,-1.2711349,-1.5840038,-0.047114015,-0.38772923,0.5022551,-1.7095095,2.212109,-0.55525935
0.7881478,0.44737655,-0.25758818,0.75848985,0.5335593,-1.0627102,-0.49766818,0.9122592,-1.3208021,-2.4752524,0.48363703,0.22642492,-0.53487957,0.48200446,1.3024814,0.6304331,-0.044595487,-0.15312149,1.0470425,1.3712447,-0.9193145,0.27669623,-1.6160064,0.07301194,-1.7383587,-0.61145717,-0.28637165,0.3747561,-0.75302345,-0.34178585,-0.29059935,0.68235224
-0.1815426,-1.3543513,0.4638554,0.56222117,0.085246526,0.070883825,-0.16557139,-0.30718455,-0.3197626,0.34257683,0.98558223,-0.4755141,-1.0151693,-1.3704387,-0.6980841,0.85449076,-1.0561413,-0.22485283,-0.19795755,-0.3816234,-0.35908338,0.86943233,-0.41892081,1.2800953,-0.84867084,-0.055327177,0.18344757,1.0508766,-0.49771965,-0.11808132,-0.11276789,-0.8221996
-0.9867085,1.6515819,0.6489008,1.7205608,1.5013082,-1.6204975,-1.2700295,-0.27620056,-1.114471,-0.37056994,-0.2705552,-0.013537988,-0.07005441,1.2290566,-0.3362873,-0.59646297,-0.74653924,0.4094279,-0.7298393,0.408959,0.1357955,-0.35262844,-0.6173058,0.62718904,0.09439978,0.31189212,0.16827196,-0.45088977,-0.09910223,-0.5369833,-1.8705554,-0.2510664
0.14147484,-1.1610596,0.34093592,0.06444879,0.4841891,-0.5747982,-0.42963275,1.5387731,0.58043563,0.45711648,0.20119093,0.032239854,0.06086436,-0.2786227,0.40489295,0.58262074,0.18181607,-0.46556616,-0.9433798,-1.2129416,0.20738658,-1.4733038,1.2775304,2.2477493,0.16114296,-0.3196719,-0.18470275,0.5602211,-0.44062495,0.19934972,0.6003987,-1.062147
0.9344393,1.0244832,0.06536728,-0.75889105,1.2772139,-0.16404648,-0.89910746,-0.7036065,-0.4545473,-0.3746752,0.4849995,1.6057457,-1.0289028,-1.5555382,0.37917036,-0.6294219,-0.20682058,0.5545255,0.5706672,-0.9488187,0.94106185,0.18759222,0.53524345,0.15899898,-0.2014223,-0.596362,1.2798492,-0.02697973,0.29063642,0.6016688,0.18560405,-0.36417124
-0.63735497,-0.84305364,0.18653196,0.10203546,-0.21741256,-0.44077033,-0.5471505,-1.4157541,0.44571602,0.24429002,0.71777374,-0.04342844,-0.43633175,0.25393665,0.34332213,-0.420925,1.4164174,-0.6915411,0.010564864,0.09780312,-0.99832714,-0.82868314,-0.8074938,0.6921371,-0.20524167,-0.101886444,-1.0406542,-0.070827186,-0.3643544,0.2612459,-0.20058703,-0.083423615
-1.3092841,-2.2187505,-1.1131877,1.3520408,-0.1126866,0.26356363,0.8085167,-0.7732707,-2.1049538,-0.530748,1.522187,0.5921796,0.08489695,-0.38776606,-1.1869771,-0.6085212,0.85662246,1.0281848,2.4060545,0.6020535,-0.11919861,-0.9194994,2.0122137,-1.3068459,0.79766095,-0.6497533,1.4658581,-0.10957757,-0.80075115,-0.0663501,-1.1495634,-0.38397342
0.92503893,1.1226358,-0.21174836,0.8064126,0.16020386,-0.804961,-0.5433327,0.5683371,-1.2653694,0.28823096,1.0538402,-0.38801837,0.502611,1.7983868,-0.37590677,-1.2624792,-2.8511167,-1.1827986,0.033576697,-0.31593943,-0.12020954,-0.38040864,-0.6375561,0.85672617,-0.21743493,0.25229818,-0.69354784,0.37460056,-0.040658653,-1.0593181,-0.27742207,-1.2754555
0.24186814,-1.9379487,2.6584659,0.042983204,0.3024856,-1.0255682,-1.0524228,-0.78342354,-0.64361334,-0.026861055,-1.3252704,0.1444854,-0.8918388,-0.20133582,-0.017154783,0.0051809624,0.37285224,0.22314438,1.1060804,0.26022908,0.5472668,1.0845397,-0.0953228,1.594804,0.48344412,1.5723104,-0.14268509,-0.12966499,-0.39448506,-1.3485434,-0.016147971,-0.34201962
0.3330029,-1.566031,1.991541,0.9697933,0.12209195,-0.4884937,-0.90617317,0.58589655,-0.8571267,-0.76376945,-1.1233418,0.22106524,-0.26909745,0.25009844,0.58531284,1.1132435,-1.1825364,-0.2951446,-0.9162194,0.38459653,0.046408273,-0.4283273,-1.1166632,0.8893703,0.79604316,-0.2936622,0.5660156,0.21262363,0.9356384,-1.8389205,-0.2268961,-1.3623122
0.6542286,1.0343697,-1.0232441,-0.09864397,-0.99873614,-0.04298889,-0.81507915,1.550565,-0.5534511,-1.8099282,0.18182558,0.74361116,-0.5998498,0.2398178,0.7850038,0.22352679,0.38561058,-0.51117146,-1.2449698,0.6213167,0.38612416,0.84271896,0.5319062,0.045609206,-0.43597654,0.19588861,0.2912953,0.94709074,0.1377874,-0.16838,-1.3668039,-0.6163988
-0.3601596,-0.44153738,0.7719114,-0.97105694,-0.6731567,-1.7229949,-1.5883156,-0.42375225,-0.08043255,-1.4494374,-0.51841295,0.75321746,0.28617445,0.1639442,0.27737567,0.2046814,-0.2455537,-1.4929616,-0.94262934,-0.06456444,0.3509555,-1.5284741,0.11072558,0.60467297,1.5859632,-1.9221838,-0.44193602,0.014298286,0.47107452,2.166421,0.8672445,0.59711254
0.9595129,1.4585909,0.44399953,-0.27121854,-2.9363604,0.77678674,0.7621761,0.4346856,-0.43952155,-0.88094777,0.9052348,0.7685244,-1.2124434,0.87907994,-0.65404165,-0.58788645,-0.50236034,-1.5951226,3.2305665,0.58348554,-0.10623488,-1.4818215,0.7676881,-0.49847516,0.6629854,-0.58440673,0.17619559,1.6039281,1.049827,-1.4366165,-1.0377321,-0.021874428
0.34816647,1.1964179,-0.27436385,0.21143779,-0.9721281,-0.2255419,-0.7311225,-0.24549267,-0.40252754,0.24491131,0.98220825,0.329933,-0.09086584,-0.5038542,1.1690266,0.21193224,-0.48158836,-0.57364357,-0.6581086,-0.0027027428,0.4605506,0.7186006,1.0360626,-0.01063369,-0.14816129,-1.030982,1.0294037,0.43605223,0.985284,0.23547,-0.43109572,0.16146962
-0.23843798,2.0629187,1.5211687,-0.30717692,-0.7928583,-0.09219437,0.79016376,0.39333132,-0.2331447,-1.1260562,0.27725962,0.8464111,-2.8241367,-0.3105077,0.9833329,-1.5053978,-0.253063,0.16922557,-2.3497849,0.22571328,-0.27277857,-1.1739995,0.05917377,-0.3097599,2.2287314,-0.893929,0.20684808,-0.7244557,1.3796055,-0.9591529,0.9127149,0.41802707
2.047801,-0.76220936,0.21819884,-0.46206468,-3.0113568,-1.7926762,0.29870042,-0.18862972,1.0432554,-0.48141474,1.1917275,1.5957048,-0.80938184,1.3637806,-0.9031674,0.62000126,0.10705687,-0.53037035,1.1381195,2.0409787,-0.18529752,-1.8556998,-0.3581645,0.97684735,-0.7780197,0.37862378,1.3291693,0.2090383,-1.3595698,0.1867097,-0.22345021,1.0340755
0.5545525,-0.8946427,0.48493564,-0.3192155,0.12692979,0.96579236,-0.33741397,0.6016323,0.54814255,0.060497843,1.0604619,0.61452055,0.32427183,-0.3086539,0.785372,-0.21044704,-0.4656007,-1.4266386,-0.38373718,-1.2896545,-0.2973924,-0.281296,-0.60474384,-0.16142306,-0.070672646,-0.41472068,-0.22376987,0.5806719,1.3172759,0.055169545,-0.94725454,-0.7859988
-0.6878011,0.18127781,0.1782455,1.2872545,0.3483897,-1.112513,-1.7501166,-0.5357693,0.43348023,0.81692576,-0.81127673,0.20101078,-1.1170248,-1.0209117,1.0901184,-0.45056456,-1.0234456,-0.11250391,-1.1020457,-1.0793673,-0.15545629,-0.97631216,0.69973886,-0.22602364,-0.7371198,-0.35654402,1.1730969,0.44806007,0.36621684,0.024526844,-0.20404838,-0.43070295
0.8776394,2.4624107,0.69589615,-0.33579978,-0.35152543,0.7477987,-1.6697036,-1.1130904,-0.0882966,0.051552057,0.8399554,-1.364056,0.08360875,1.2728002,-1.5386567,-0.52162504,-0.9600426,2.2056222,-2.9455009,-0.46079758,-1.4247513,-2.6708908,1.3244529,2.8863728,0.8254142,-0.5731439,0.045508258,3.1745758,0.19450806,1.0456929,2.2284307,-0.42957497
-2.7030523,1.2334492,0.78729737,-1.1259303,-2.89359,-0.3104916,-0.45490012,0.8560754,1.0600455,-1.4787396,0.0950184,0.14594981,-0.65821445,1.2007909,-0.09380688,1.6179037,-0.6210939,0.022360116,0.05510983,-0.19835037,1.4037781,0.82061654,-1.3893802,-1.1828778,-1.0456973,-0.038409248,-2.443276,-0.25328687,-0.46235046,-1.2016393,-1.3727396,-0.42489257
0.5839515,-2.5698411,1.2912201,1.8722106,-0.9705715,0.6212189,0.2892725,-1.6117676,0.107130826,-0.38478708,-0.3756572,1.0320094,-1.9060483,-0.19227912,0.5185737,0.8113132,-0.3450544,-0.95074034,-0.08383338,0.86879015,0.2294091,-0.4332484,-0.49713767,0.50587285,0.4208721,-0.118157595,-0.37260085,0.5102099,1.163997,0.1316817,-0.026251793,-0.5778886
0.3601358,-1.1733544,0.50624543,-0.17682913,0.5443146,-0.36130077,0.04222405,1.1531837,-0.028485762,1.2942128,0.27771288,-0.06296261,-1.4053068,-0.28140992,0.12122188,1.9156094,-0.4337986,0.6418746,0.30379492,0.09538384,-0.90184057,-0.8111216,-0.17105478,1.101295,0.0366787,0.61301666,-1.5116739,1.0841391,1.4092349,0.43153676,-0.57476807,-3.0730162
0.4324174,-0.63095057,1.9918749,1.2412838,0.14040564,-1.1646707,-1.5315881,-0.09448362,-1.4822836,-1.0335808,-1.0280278,1.8532228,0.7872723,-0.99656254,-0.4206959,-0.0074947476,0.4151414,-1.9705825,0.58174646,0.4885115,-1.791848,0.18204938,-0.44341874,-0.44489926,0.6603106,-0.44589585,1.0300491,0.618418,-1.1949316,-0.5964195,0.03844376,-0.07639239
-0.040002942,0.6213683,-1.4766251,-1.0872625,-0.93509257,-0.14300507,0.10665578,-0.015897244,0.05851814,0.79265296,-0.5701798,-0.13940923,0.08441666,-0.6123233,2.042918,-0.44432086,0.8285061,2.0184703,1.326069,0.39456135,0.18226475,-0.015441392,-0.24764201,-0.5378946,0.750651,1.0717342,0.99212325,-0.86202157,1.5817769,-0.9166547,-0.2836553,-1.2118812
-0.9192779,-0.029784232,1.0332698,0.65290755,-0.62693393,-0.038531035,-0.16348284,-0.8483276,0.18181868,2.070169,-0.46436375,-0.6491721,-0.5950545,-1.5330114,1.0861208,0.43843716,-0.30949473,-0.07616168,0.11489178,0.28129438,0.5672784,-0.23445025,-0.64146465,0.9895424,0.0699572,-0.20025581,0.5266111,0.43892455,-0.399287,-0.18115458,-0.71340925,0.3339262
-0.49165544,0.17463277,0.36362797,0.21087465,-0.7989049,1.6207423,0.36132568,-0.35617453,-0.29699388,0.02701005,0.24481352,0.39123324,0.255317,-0.27127197,1.6513213,-1.9963722,0.32304287,-1.0351105,1.1286756,0.48483098,-0.87911063,0.5457065,-1.326092,1.1823837,0.43564582,0.8207794,-0.5377458,0.73674774,0.9752463,0.55510205,-0.25127393,0.39984435
1.8178588,0.13257724,-0.17917326,1.520256,0.21153957,1.299838,-0.5354631,0.8038617,-1.0084546,0.25012088,-0.54456306,-1.6165574,-0.7349236,0.049523875,-0.02727069,-0.5469807,-1.55129,1.298291,-0.12755139,-1.4187207,0.57666886,-0.25643396,-1.5215427,1.3077545,-0.77347493,-1.5944009,-1.5586296,-0.2969459,-0.12366481,1.1568427,-0.36766294,-1.7088995
-0.84914887,1.3904268,0.6406815,1.8695529,0.17103484,-0.24330644,-0.53768027,-0.69177544,-1.2367082,-0.13116169,0.866903,2.212945,-0.81583005,-0.70405084,-0.8770874,1.3844309,-1.0867792,-1.6832685,0.7148883,-0.6490553,-0.78670883,-0.64912343,-1.2892575,1.0267246,-0.17916968,-0.45486367,-1.7564633,-1.0842915,0.2915559,-0.6743392,-0.6690196,-0.5588068
0.5935605,0.8624507,-0.14646572,0.82389843,-1.7493732,-0.15155397,-0.27476966,1.4341315,-0.124122575,-0.5005864,1.55796,-1.3145921,0.019587189,1.3820201,-1.3845336,0.2997247,-1.9421687,0.4681828,-0.5975076,0.71332926,0.37044773,-0.72458875,-0.6445964,0.8261777,1.0601866,-1.2190781,1.0167596,1.3305016,0.30848974,0.32666153,-1.1469873,-0.18485963
0.81693035,-0.955484,0.88031673,0.7806647,0.34261724,0.8377987,0.5003216,-0.13300735,-0.4683254,-1.419829,-1.1734134,-0.637901,-1.6230612,-0.5630215,1.7003964,0.84755343,-1.9596099,0.70363367,0.9718777,0.6720637,0.08113362,0.00762123,-1.2172005,0.01618345,-1.0591712,-1.1937073,-0.40461847,0.04200753,0.7726318,0.10222449,1.2396002,-1.5526707
-0.2395007,0.2637204,-0.2379016,-0.22583929,-0.43495327,-0.9895228,-0.28668052,-1.346534,0.18435019,-0.097570725,-1.3056538,-0.3212324,-0.038318716,-1.0463293,1.7819117,0.09220844,0.5875386,-0.38112003,-0.5867503,-0.5029994,-0.59524584,-0.08969419,0.04297638,-0.017849937,0.24020289,0.21872056,1.0063164,0.19465353,0.12297419,0.8432714,-0.34427327,0.23392493
-1.1381762,0.48633072,0.721309,0.15625721,-0.4944045,-1.4323494,1.1573412,1.0825777,0.13252865,0.44080186,-2.195673,-0.47583345,-1.0927005,-0.6549984,0.6180351,0.12160007,0.16672713,0.028175905,0.09655556,-0.19576725,0.43700433,-0.866848,-0.24759874,2.1424236,-0.8394724,0.5555638,1.0691545,-0.2145215,0.5094689,0.39594004,0.9382595,0.18098472
-0.32441705,0.10753195,-0.36599505,-0.41023552,-0.50619125,-0.40206864,0.13618213,0.30847722,-0.075086996,-0.58428985,-0.5295291,0.59229624,1.2885728,-1.1945207,1.5269341,-0.54261696,0.028860778,0.7888485,-1.0007726,-0.8792497,-1.2031435,-1.2069503,-0.45424807,0.22067854,1.4715738,0.22141293,0.21813226,-0.2994352,1.0648557,-0.3066649,0.4441222,-0.57761014
1.0455719,-0.14280161,0.71767604,-2.000056,0.5952597,-1.6854904,0.80783147,1.108264,-0.7369348,-1.4759653,-0.8616648,1.7791455,-0.84403145,1.1563182,-0.98404753,-0.13827538,0.45736742,0.8936476,0.3565982,2.3436904,-0.92349154,1.4691613,-0.061368465,0.589774,0.6926959,-0.5602404,0.8954215,0.02751436,-1.3223536,0.21442442,-1.922873,-0.42232856
-0.64077044,1.7634687,-0.28826636,-0.6697341,-0.36161906,-2.166585,-0.45945933,0.5593284,-0.6103976,-1.0595697,0.67803764,0.68694675,-1.0819361,0.34532458,1.1914399,0.9228177,-0.839221,0.9793035,0.05810993,0.17175362,0.25631863,0.473546,-0.19284055,-0.43459404,0.19428796,-0.85947907,-1.0827034,0.59492457,-0.054522358,1.1870264,-0.50731766,-0.7657525
1.0530248,-0.9077132,-1.0982602,0.33745104,-0.28789076,0.4133176,2.2959456,-0.35659286,0.619719,0.44355226,-0.82195103,0.89183784,0.45030016,-0.26087943,0.64096904,-0.059447244,0.04341364,0.016526058,-0.52368635,-2.0827591,-0.5474412,0.6009979,-1.4962783,2.2528887,0.5485796,-0.479855,1.3618417,-0.10503338,0.08875471,0.6628835,0.7561597,0.37071246
0.11607845,0.86795235,1.0108411,0.03214845,1.041549,-1.0334325,1.929189,0.149279,1.183267,-1.3539336,0.47892195,-0.35825792,0.961005,-1.1407516,1.912334,-0.5486597,-0.77965003,0.010275528,-0.8214314,0.7367215,-0.02017399,0.61966467,1.0894314,0.9770252,-0.4570706,-1.5488639,-0.059227556,-0.32164478,1.229342,0.3412339,-0.40790203,-0.4578025
0.47150463,-1.432404,-0.9227626,-0.2967645,0.67342615,0.29379776,-0.16788933,0.6272632,-0.98171437,-0.22068022,-0.6102047,-0.6987049,0.27882022,-2.5637577,0.01167459,-0.869987,-0.19068456,0.04601188,0.35455748,-1.48106,-0.5370587,-0.69501185,-1.9062037,0.6480204,0.42062545,-0.054724842,1.0352063,-0.22915375,0.503845,0.3818181,0.65213096,0.20659384
0.25057805,-0.7431294,0.83219343,1.2346776,0.7316519,0.34417096,0.5802172,0.70567894,-0.12408943,-0.5891939,1.3496912,0.07495931,-1.3156881,1.1499624,1.5908136,0.81929064,-0.49811643,0.006196171,-0.71840096,0.85786825,-0.46902376,-0.35948548,0.42174196,-0.5343267,0.9788907,0.67712593,0.080718175,0.9002166,0.8497885,-0.14578934,-0.9149836,-0.3214239
-0.2488594,1.3840597,1.1202176,-1.1786854,0.23588395,-0.36004052,-0.60407245,0.44349155,0.6994263,0.21865296,0.15661468,-0.11581261,-0.60101795,-0.71037734,1.1195523,-0.7731513,0.03525774,0.07075867,0.29870346,-1.4343922,-1.0899863,-0.46627137,0.31268582,0.91234434,-0.4145019,-0.30985487,-0.5080213,-0.58801913,-0.6044014,-1.6855675,-0.47089422,1.3490288
-0.3607536,-0.8354707,1.3258646,2.0177188,1.6837854,-0.524675,0.3175848,0.2913745,-0.7531522,-0.3834505,0.20140466,-0.1268093,-1.6492603,0.70453316,0.94468355,0.6549284,-1.362642,-2.3156295,0.08602098,1.1495382,1.0204499,-0.32054612,-0.5911319,0.12764049,-0.26565078,-2.2363796,-1.2840357,-0.98426014,1.649633,-0.49952024,-0.28598735,-1.5239272
-0.24897453,0.5645734,-0.6042594,0.053295128,-0.7856921,-1.399186,0.09156992,0.37521273,-0.08775696,-0.50993,0.028537542,0.49366948,-0.89623404,-0.05947017,0.28233185,-0.60787237,-1.2435448,-1.2018397,-0.023478728,0.50873053,-0.019333452,-0.70933914,0.33536705,-0.07078098,0.77849627,-0.3378876,-0.27553397,0.8152893,-0.549813,0.34464696,0.004189655,-0.802114
-0.45489046,0.5440239,-0.42631257,0.04241085,-0.477117,0.18644978,0.2779582,-0.18212539,0.12601566,0.4580431,0.19075784,0.30511433,0.04078646,-1.387219,1.7731965,1.5325861,-0.20695445,0.9548231,-1.2570591,-0.40415218,0.74508613,-0.025492787,0.8857266,0.98800164,-0.03457783,-0.40228623,0.81381965,0.44344985,-1.0761058,0.022138,0.56011546,-1.4245307
-0.21114865,-0.053626653,0.02146415,-0.38574472,0.07790308,-0.045552686,-1.1163248,0.37160015,-0.43131053,0.037947398,0.18330197,-0.06050712,1.0146414,-0.4485854,1.591981,-0.5233074,0.52343893,-0.86101633,-0.030155208,-0.3277834,0.11200629,-1.0822155,0.077979624,-0.20780684,0.54734623,0.022958986,-0.3803421,0.25930488,0.821795,1.1146429,-0.11920063,0.26069155
0.574591,-0.79238725,0.069113076,-1.5021503,0.14726841,0.06841639,-0.56514704,0.5186979,-0.15751444,0.006661646,0.7960817,-1.0624181,-1.1020807,1.7488952,0.6581978,0.30050504,0.3072674,0.6597424,-2.1400385,1.4852871,1.1976078,0.0033538789,-0.52418673,-0.24170579,0.7185041,1.0493389,-0.80718404,0.7419337,-0.36624703,0.025887579,-0.57613146,-0.67250454
-0.4362303,-0.06292677,-2.299313,0.023426324,-1.0288928,-0.23273957,1.4301155,0.19210407,-2.771029,-0.75201464,1.8561289,0.1125216,1.2151438,-0.77857393,0.3646229,0.29202858,0.073697865,0.017073616,-0.22652198,1.4165094,0.2620541,0.40773743,0.18605587,-1.3047922,-0.2957324,-0.2169489,-0.87676173,-0.51593703,0.62405676,-0.5541754,-0.35734433,-0.28320098
0.88379556,-0.4383726,0.24210738,0.6648077,-0.22626399,0.21567434,-0.7231255,-0.44017893,-0.7414551,-0.0711287,-0.5910023,0.8253515,0.6117493,-0.75655466,1.3204814,0.7792251,-0.91065377,-0.37054542,-1.0572566,-0.9952224,-0.0764372,-1.1050829,-1.4139583,0.04214883,-0.38233212,-0.6749668,-0.46619168,0.047542594,-0.27253842,-0.3393945,-0.4147529,0.48284388
1.9655704,-0.80845386,0.4410529,-0.30333814,-0.19925398,0.58943784,0.79892224,1.3922489,-0.20166108,-0.5486373,0.846483,0.23996398,-2.7683682,-0.26892072,0.08582635,0.72382617,-1.8611693,0.40832603,-0.026062407,1.9282479,0.095905304,-0.526502,0.11775321,-0.4923936,-0.39426267,1.088069,-0.3747446,0.90749437,0.3782654,0.24395548,0.4837578,-0.18334049
1.6685269,2.474605,0.445651,-0.005648002,-1.8078187,0.78519,-0.040976077,0.41948143,0.8247068,-0.3863174,0.39781108,-1.8200324,-1.4822912,-0.22314936,-0.57207286,-1.6551422,-0.8489225,1.509276,0.7755953,0.51200604,0.56928396,-1.5464815,0.5317314,-0.30061358,1.3570925,-0.23669131,0.65455973,1.9313033,0.55558974,-0.8338783,-1.1791229,0.5297123
2.1239524,0.8506358,-1.5244609,-0.6465589,-1.1340038,0.14457148,-0.633016,1.3776566,-0.6899736,-1.1350727,-0.5125029,0.46636173,-1.5285139,0.23116899,0.08343163,0.41981992,-0.15348023,-1.8308642,0.052172095,-0.5407718,-0.36380023,1.3148153,0.7639146,-0.61811966,-1.4156721,-0.10025938,-0.98571527,0.88048303,0.52397877,-1.1394007,-0.6984701,0.25963104
-2.0857673,0.01804018,1.007966,-0.7828443,-0.25974345,-0.5936444,0.630045,-1.7972724,0.13438615,1.2350031,-0.36401376,0.47322845,-0.8011069,-0.33926606,1.4565113,0.75909835,0.428624,0.24815327,-0.7543507,-0.10222647,-0.7695782,0.18223567,0.35676837,0.74644136,0.1704197,1.1907024,0.008559659,-0.25580505,-1.5235804,0.13499546,0.0911634,-1.0803052
0.3057776,-0.87024415,0.56211144,1.4352615,-1.0306954,-0.59483457,-0.46420306,0.005709812,-0.44270802,-0.49334592,-0.20909499,1.0429124,-1.0278277,-1.0163599,-0.5161326,-0.36385602,-0.7260332,-0.8320924,-0.8367176,0.7313746,-0.07808316,0.9582185,-0.53761154,2.0793076,3.011311,-0.8731385,1.1718515,0.53526556,-0.15810707,0.4165559,1.7922891,-0.28823733
-2.3135715,3.186236,-2.189036,1.3344315,0.9128064,0.2841957,0.1494621,2.081211,0.5915338,1.1369643,-0.83314973,-0.51360506,0.40187788,-0.049336273,-0.379399,-0.17237294,1.2213035,-1.0851598,0.26095474,0.7433865,-1.9554336,0.6334245,0.6605426,-0.5940403,0.3292934,-0.5326104,0.18305779,-0.14372307,0.3117977,-0.2128652,0.5388645,0.57841325
-0.2260046,1.7255228,0.060170293,-0.49057066,-1.6670005,-0.76297826,-0.053209454,0.41001368,0.7915261,-0.9915685,0.18617024,-0.4741583,-1.177308,1.7743603,0.43964815,-0.54487896,-0.3832265,0.6865722,1.0901792,-0.5881536,-1.2753865,-0.28228247,0.40954307,-0.32924366,0.33952594,0.121900514,-0.75325906,0.752743,-0.8619834,-1.699545,-1.3010141,0.4797828
-0.40046597,-1.0264695,-2.0917668,0.36185464,1.1786156,1.3858193,-0.13114767,-0.85918343,-2.2981584,-1.8759338,-1.183386,-0.022647917,0.46725124,-1.1228349,0.9495391,-0.44590667,0.6808066,1.634042,0.8164223,-1.3987397,-0.009044431,2.514235,-0.57986116,-2.0858896,1.4231452,0.4749156,-0.3839584,0.0021437705,-1.1013956,-0.10312933,-0.1495849,1.2987552
-1.7283287,-0.75909126,0.62812716,-0.24577762,-0.7219206,-1.2159843,0.93845963,-0.22304618,-0.116416514,0.33315268,0.1038675,-1.2041463,-1.512804,-1.463809,0.008671075,-1.0145795,-0.59013426,0.2210216,0.6199807,0.1524111,-0.5847876,-0.78446805,0.5074499,0.8378116,-0.7777536,-0.49091727,0.2171254,-0.12673482,-0.16675389,0.10366979,-1.2088373,0.6784347
1.4239911,0.22731236,0.62863624,1.7412689,-0.9742416,0.5771674,0.15386963,0.21793811,0.285237,-0.46694145,-1.020169,-0.9957026,0.010770388,-0.100803174,1.1961007,0.70644563,-1.0937078,0.015135713,-2.4769473,0.21938065,-0.15932602,-1.2866175,-0.9529242,0.47082186,0.81097883,-0.6314937,0.9861015,0.16891673,1.7540219,0.45268804,-0.51282954,0.5714959
-2.4476755,-1.7158322,-2.692701,0.16962233,-0.1821835,1.415097,-0.842411,-0.6156957,-1.367137,-1.9112414,-2.1436841,0.32785377,-0.014418751,0.6767395,-1.1369787,-0.9024775,-0.2842751,0.76868683,-0.4966341,0.9541341,1.1463599,-1.4911693,1.7497488,-0.4021262,-0.61459816,-0.09160524,0.08090724,-3.0540576,0.67046034,-1.3316076,-2.0418234,-0.07011691
-0.6186129,-0.45073783,-0.069295526,0.6203408,-0.6283841,-1.4357653,0.6386695,-0.9468791,1.1735795,-1.5387619,0.30357945,-0.16050744,0.13989756,1.1249303,0.96671426,0.94615674,-0.7989762,0.46360928,0.80080247,0.065013826,-0.37100676,0.44074807,-0.48363042,-0.6362496,0.7360654,-0.80888975,0.016637564,0.017457273,0.09762013,0.35533148,-1.1576145,-0.8052356
-0.3380172,0.2872315,0.111441106,-0.4240638,0.60389495,-0.41204315,-0.18067496,-0.21304305,0.12109849,-0.7187338,-0.07658562,-0.0694585,-0.6313534,-0.9591553,0.6537719,-0.16702192,-0.39418107,-1.0502347,-0.055742346,-0.08635582,-0.6848365,-0.4934567,0.61091495,0.7687924,-0.068150885,-1.1975875,0.4620468,0.24651363,0.38487735,0.797317,-0.42959738,0.8258703
-1.0452286,0.7772472,-0.27651915,0.63521594,-0.59317684,-0.7547723,-0.8057785,-1.2800366,-0.7546294,0.42196602,-0.22561684,-0.5885174,-0.8121935,-0.5940675,0.28444904,-0.5124355,1.2643142,-1.0079588,-1.1358461,0.6090151,-0.58287156,1.1382285,0.23814178,-0.755065,0.34198433,-0.1859399,0.2918889,0.29651898,-0.17973801,-0.55039716,-0.18967599,-1.1372247
0.90370136,-0.23678234,-2.7829182,0.15566447,-0.7535952,-1.1932337,2.8741562,-0.8115098,-2.9002428,0.4173448,1.5984669,0.39110214,0.8138381,-0.87224823,1.2436706,-0.46643808,0.0075728595,0.22879465,-1.4883568,1.3970649,1.155159,2.5565896,0.4499678,-1.6172788,1.6575654,-2.856896,-0.88399315,-0.12578791,0.9674221,-1.6582899,1.0646279,-0.8421859
-0.84046495,-0.9061414,0.46178234,-1.2015095,-0.73184025,0.40226662,2.1534338,-2.5239754,-0.06373307,-0.6694141,-1.4610653,0.07312439,1.9730821,0.30570668,2.0887177,1.1627071,-1.840035,-1.1755202,0.7290039,-0.6227596,0.52175486,-3.0797887,-0.4936349,0.78946984,0.5173312,0.4659956,-0.289159,2.2060728,-0.29377112,-1.8936423,-0.12337726,1.3824561
0.44957387,0.36183327,0.2527,0.5728799,0.22295548,-0.42162216,-0.45368376,-1.0405624,0.19016023,-0.09096755,0.3478021,-0.9039461,-1.1694181,-0.29595184,0.95746446,-0.06516597,0.11304394,-0.86493754,-0.546861,-1.1826824,-0.106560834,-0.6405835,-0.15503466,-0.3207732,-0.04662177,0.9960242,0.40616882,0.5255248,-0.32216066,1.1536431,-0.101224005,-0.66721845
0.32245845,-0.05079881,0.3173915,-0.73094976,0.36538634,0.22655949,-0.20269835,-0.15673849,0.8053667,0.110921755,-0.37333828,-0.15046442,1.1204334,-1.1869186,0.6504694,0.39257723,-0.95655143,-0.92879355,0.9973163,-0.6346218,-0.26637858,-1.2457433,0.03464073,0.40548688,0.524828,0.5039945,-0.43253568,0.36462805,-0.28574908,1.2711279,-1.4370787,1.0316936
1.4882256,-0.10108488,1.7989414,-0.85638463,-1.4182086,-2.23597,-0.17501086,1.4058249,-1.0849402,-1.6852169,-1.3024538,2.008784,0.23153895,-0.5062168,-0.6687284,0.98890316,-0.6116694,-0.08871004,-0.9713223,0.77589625,0.0020359457,1.082284,-0.075507894,-0.23541136,1.1590149,0.089633614,0.57896966,2.261236,-1.1003675,0.9310624,-0.88244665,0.76104414
-0.46480554,-0.97966087,-0.7006227,-0.5761509,0.4773463,-1.8450949,0.21524188,-0.05137437,0.3911345,0.4696861,0.041221067,-0.10101131,0.6667242,-1.0046005,-0.49403203,0.75707877,0.047460034,0.0937614,0.18858464,-1.2439016,-2.0248363,-0.30091882,-0.1748124,1.1406895,-1.0242883,0.51916486,0.9567945,0.9264149,-2.013484,-0.678972,-0.15088378,-0.47442865
-0.46116132,1.138418,0.8569708,0.24501021,-0.053826913,-1.5188179,-0.64417815,0.41184187,0.9812043,-1.8114285,0.12854366,0.42982283,0.04271081,0.20859742,0.9734167,-0.5618247,-0.42654717,0.3639034,-0.75638795,-0.883801,1.3892436,-1.2675394,0.4622122,1.4989107,0.55231917,-0.35737264,-1.1438193,-0.3349984,2.2245965,1.279748,0.85637045,-0.66486174
0.21005031,0.12241162,-0.34001487,0.8703893,-0.584021,-0.10467094,0.0943778,0.17884904,-0.83216274,0.6529314,-0.9647263,0.5813223,-0.011145201,-0.744434,-0.96458006,-0.7418053,-0.872086,-1.2618517,-0.77058965,-0.019320458,-0.4630232,-0.7019229,-2.0401273,1.0302594,0.30572194,0.37824094,-0.16534191,-0.6053667,0.31026807,0.35069266,-0.16956042,0.77597284
-1.7446185,-1.4023985,-2.1915956,-0.68157876,0.02806792,0.46690932,-0.14477372,-0.5999682,-1.7152036,-1.061077,0.8375634,0.020824015,1.0522523,-0.52266884,0.47646487,-0.038800865,0.55964047,0.7216147,1.844855,0.1402199,1.3330047,-1.360425,1.3686504,-1.6525972,1.2997613,-0.4117428,-0.26376206,0.7337326,-0.45099258,0.34639305,-0.57260865,0.0902186
-0.7019777,0.5265994,0.42334336,-0.5345923,0.5617755,-1.1561303,0.091953576,0.96091497,-0.047964983,-0.9535694,-0.0053700507,0.46630412,0.12665334,0.07986413,0.76370764,0.22174668,0.2983299,-0.311535,-0.5550878,-0.2110728,-0.52868295,0.20719215,-0.20357761,-0.08142843,1.1278064,-1.3103162,0.23275915,0.8442717,-0.3549302,-0.27550763,0.33410013,-0.9169575
-0.023284903,0.6669561,1.4116005,0.002539128,-0.10438332,1.119385,0.81877315,-0.51544505,-1.0608872,0.22476739,1.0091884,0.031356722,-1.1644502,-2.1284118,0.9705405,0.7033921,-0.93817884,0.081617065,1.9647633,0.4507134,1.3699479,0.50648713,0.043557655,0.79846704,0.22140333,0.61365473,0.19731858,0.9731718,0.5849926,1.2191987,-0.3906057,0.40343282
-0.17988075,-0.32727984,-1.0618936,-0.076152846,0.44274834,-0.63854766,0.7241776,-0.41947627,-0.8880558,0.079172894,0.7334465,0.577952,-0.92850935,0.13082813,1.0734441,0.71040463,0.9017712,-0.25631654,-0.53703535,-0.5154585,-0.8558997,0.046701085,0.19174843,0.5192119,-0.6176961,0.48560303,1.1211239,1.1187205,-0.45165586,-0.763454,-0.3660643,0.21144998
0.24502966,-0.5791309,3.225317,-1.167118,-2.0881872,-2.1468368,-1.0507771,0.86346924,0.02292595,-0.6820757,1.1889571,-0.07041271,0.81797683,-1.7160318,-1.4446536,0.8285727,-0.0030276775,0.33134925,-0.74749005,1.2779524,-0.9063009,-1.1757218,-1.2558625,0.21120325,1.3310457,-0.8402352,-1.5811905,-0.748214,0.03542455,0.5386732,0.89732313,-0.9549366
0.02173984,-0.6865663,-0.11777748,-1.8751924,-2.1060843,0.32962316,-0.20687854,-0.29897416,1.1470424,0.10206852,0.41358066,1.3767326,-0.08456716,-1.8191458,0.4697242,0.18658572,-3.1267233,2.2099135,-1.0685813,0.6439426,-1.1015203,1.2339427,0.2506984,0.49416006,-0.52527106,1.1390934,-0.49971804,-0.8507206,0.13817036,-1.1769173,3.8437338,-3.3057833
-0.5863892,-2.357126,1.637073,-4.4221344,0.39736825,3.6517553,0.75567114,-2.9986715,-3.3722563,-3.1015549,0.7070259,-3.4572759,3.213313,-2.090655,-3.3195186,-0.18245137,-0.14201552,-1.9815772,2.03766,1.6092454,-0.53013813,0.80973446,0.9206535,-1.1730299,0.60677445,2.170635,-0.767362,-1.0870916,-0.1504268,1.802897,0.41140926,0.9647319
1.3433307,-1.620562,-2.739475,0.87760556,-1.6936936,-0.19236276,0.020194218,-1.515584,-3.2454703,0.71749043,0.981403,0.42596513,2.9553404,-1.2512748,1.1942892,0.49124488,-1.7278434,0.9972513,-2.322874,-0.8360673,4.402118,3.652897,0.5021963,-4.9962935,1.1994758,-3.9277706,-4.827569,3.094141,-1.4947588,-2.351297,1.0441079,0.82355
-1.9583604,-2.307048,-0.8488823,0.09985638,1.7573657,3.3602996,0.4735862,-1.4087653,-2.51749,-2.4858005,-1.2262608,0.040018797,-0.04423578,0.8576796,-1.0149865,-1.6756979,-0.882784,1.3123341,-0.47293597,-1.6785511,0.58237284,1.1396859,2.0063772,-0.3471761,0.020847261,1.6370335,-2.8397844,-2.3406434,1.2415738,-0.8833775,-0.7245039,-0.041843235
0.8219393,-3.1874819,-1.5469935,-1.6877255,-0.20803547,-0.54651934,-1.854866,-3.6713061,-2.49017,-0.079686806,-1.0803789,0.29154798,4.3667946,0.6487214,-0.31293243,-0.4110598,-2.5607796,2.6128263,-1.7169582,-0.20011759,2.6429772,1.3609843,1.208653,-3.77944,2.2477832,-5.330103,-3.191734,3.9976463,-3.2622223,-3.209968,0.39346683,4.207225
-1.164151,-1.8449036,-1.8785353,-1.3251398,0.56419003,0.5528163,-0.65145445,-0.8827918,-1.3072855,-2.1371827,-0.45110345,0.0035123313,2.0984263,-0.9143081,-0.50069296,-1.8943799,-0.31705227,1.2095968,1.0413018,1.8148122,1.7224253,-0.4792362,1.3219259,-2.2213163,2.045143,-1.0927427,0.07261136,-0.34373015,-0.003157258,0.8342333,0.70069635,0.5024482
3.196569,1.17061,-0.8993916,1.1900295,2.9811764,-0.33054608,3.7512417,-1.4252174,2.7291102,-1.0553147,-2.9815156,0.045728244,-3.1537187,-0.0024732053,-4.5702677,1.8128964,1.9015803,0.87948465,1.3147763,1.3097074,0.16288395,0.7990751,-3.849163,3.0382433,0.9480143,-3.5073485,-2.173897,0.63244104,0.4813441,-2.6923776,1.43051,2.8327382
1.2041306,-0.07298419,1.6120367,0.8027793,4.084082,2.7198389,2.6974037,-1.3765401,1.9415725,-0.72653854,4.43187,-0.61627257,0.5577463,-1.0938559,-6.5638475,0.033104926,1.3780203,0.7772789,-1.2732172,1.2869618,-1.1979018,0.4554413,-0.098305464,1.8348315,1.8744951,1.2818257,-2.9021187,2.6592236,1.7564473,-4.151869,-1.56919,0.5475545
-0.11859539,0.6655056,-1.2537798,2.0065238,2.8011496,1.084412,1.1879076,-1.6312107,0.7603679,0.2920833,-0.34929067,0.96575844,-0.39733815,-0.21785662,-1.7399793,-0.4210122,2.4961686,-0.45041436,0.5653669,-0.031523675,-0.118460186,-1.0808812,-0.5099602,0.08191931,0.1414361,0.9838194,0.66416484,1.4096093,0.2638171,-0.99298924,0.52579737,0.81219566
1.3811123,0.8304049,-1.6812932,1.8243564,2.314686,-0.13797593,4.85446,-1.6543844,1.480491,2.2091963,1.3690386,1.4984007,0.3325868,1.3549583,-0.7740301,1.5692236,1.7956872,-3.0013375,-1.0304899,-2.6040673,0.7696755,0.39562473,0.59113264,0.18910669,0.09813765,-0.38571733,-2.9409366,0.019909263,2.1530008,-2.108388,-2.3006592,-1.027002
2.7508595,-0.089491904,-2.394972,-0.5900359,2.2725587,-0.5237714,-0.84729135,-3.0085244,4.846435,0.9117871,-1.940191,2.8175516,2.7377663,-2.9293785,-2.7754455,2.6329303,3.617344,1.7241616,-1.9412651,0.6759025,0.020462431,-2.4737363,1.4269187,1.1119004,0.2031126,-2.573372,-2.2764344,2.3167255,0.20051306,-1.436018,0.44820118,-0.5929762
0.59882,2.4476666,-2.9219804,3.4688864,2.1255496,0.7257584,0.82215047,-0.76154774,5.2611055,2.3455462,-2.1607049,1.3391948,4.5669007,-1.7480028,-2.0864973,-1.6352082,2.1989155,2.3822634,-1.3372971,-1.6226627,0.40712267,-3.4946985,0.055445973,1.9007268,2.4906955,0.8667115,0.40117255,3.5434628,1.8052663,-1.0697556,-1.7516191,-0.391055
0.079029545,2.4637046,-1.394745,2.6877823,3.0774577,4.585778,-2.271394,-4.0109134,1.5437622,0.91534543,-0.9226017,0.8646668,-2.2104774,-1.0684271,-2.3681314,0.80345064,2.3888583,3.1211367,-1.5746918,-0.31517816,-1.2376206,-2.0170918,0.85190177,-1.0990361,-0.110619515,-0.5442237,0.5620551,3.8024993,2.1323767,0.54849124,1.5082753,-1.8785659
1.8289073,-0.602489,-1.26337,2.4214232,2.133741,0.5032498,4.669093,0.21310818,1.396378,0.052794248,-0.14052486,2.5714474,2.0617468,-0.8056492,-1.6232238,2.2359262,4.4642515,0.9279351,-0.37103748,-0.50942016,-0.35548195,0.7201082,-1.7666636,1.6020486,0.71153975,4.2076926,-4.2566853,-0.3158822,1.5224729,-3.500391,1.7007651,1.6433098
-2.5179017,2.9975648,-0.36839542,3.144116,3.4204988,3.9673839,3.6331267,-1.7753453,2.4372396,0.14129025,1.8299106,-1.4040084,-2.3137264,2.840798,-3.1756191,0.9126878,0.94717586,-0.17474991,-0.34806907,-2.6383705,0.81878865,-2.9473727,0.7467885,2.937208,-0.98854136,-1.2941316,-1.0967515,1.830447,-2.2785544,-0.6837024,3.7012386,0.56235313
0.41254205,0.50693786,1.7568846,4.9939027,-7.3853483,0.91544557,-1.8193479,-0.13781124,2.4164248,-3.1485062,-5.183711,0.7434451,0.27252564,2.016239,-3.3395844,1.9839427,-0.46252537,1.7372706,1.8013966,-1.7826302,2.305716,-0.6757022,3.9134822,0.30122757,-1.1164021,1.7490864,-0.30717793,-2.50791,-1.3803513,1.3234876,0.15428638,0.089194104
3.4359329,1.3791581,0.7879205,1.8233664,0.28855115,1.5240399,-0.8070036,-0.3775083,1.4776429,-1.302127,-3.650036,-0.44815445,-0.1341105,-0.63660854,-0.35552654,-0.28132725,-1.8425584,-1.8597187,0.83809924,-1.0580329,2.3795686,1.6737752,1.1743897,-1.7710454,-0.9776138,2.3634648,-2.3766534,1.3523146,-2.5375834,1.5987482,-0.8976373,0.8253684
6.2888117,1.1129065,-2.0449462,2.4903193,-3.208465,2.574065,-1.2842379,0.34929943,1.8835313,-0.05741155,0.97458315,-1.1419451,-1.307792,-0.13511896,-1.6945971,0.46949577,-2.2254326,-2.548677,2.900082,-2.0130627,3.0718,0.55717504,3.5970197,-0.42422888,-2.2684762,0.2831398,-1.6038322,-0.90634716,-1.0419563,1.0856941,0.48265928,1.1021795
2.5114932,1.2307931,0.24326204,1.7400861,-2.3726163,0.842001,0.2524081,-0.666616,2.8213742,-1.3143592,-2.5996294,0.5577247,-1.3248409,-1.0925486,-1.5958521,0.8329596,-2.1505134,-1.3656682,2.0789607,0.32821915,2.195219,0.48956886,3.8935437,-0.64818287,-0.072033465,1.7904075,-2.24163,0.4872298,-1.2346362,1.3514336,-1.1820008,0.49414137
3.1908865,3.8716018,1.5635885,-1.0878053,-1.7433534,4.128278,0.47704613,7.5920506,1.7197917,-3.5239747,-2.7637014,-1.4999671,-0.13068572,-0.80181444,-0.9592746,-2.75457,0.13594049,1.6495154,-0.9995476,1.303796,-1.6390507,-3.1159058,4.968067,5.418577,-2.9913793,1.8287157,-3.162303,-1.2282999,-1.9639953,0.35644105,-3.0884762,-1.2158995
1.5041043,1.7930593,-0.3815415,1.2631423,-5.702573,0.08935011,0.11738694,2.3940654,0.8953885,-1.2438484,-0.2609105,0.98472106,-1.3690381,1.015675,-3.5363026,0.08319264,-0.41579273,-0.950128,-0.20267126,0.47794148,1.494007,0.32054028,2.3064938,1.3781611,-1.067345,-1.002724,0.026696255,-1.391568,-1.1954552,-1.2212224,-0.91022,0.8872915
1.4584532,1.9777544,0.9686265,2.5885801,-4.8885136,0.8643146,-0.5301131,1.6517582,3.1017175,-1.7134196,-3.1037803,1.5596559,0.018948376,1.083225,-3.3796234,1.5259513,-0.46007892,-0.13208395,0.678663,-1.3344381,3.7184443,-0.6591945,3.4943626,0.7866492,-1.4614997,-0.08358437,-0.7031321,-1.1467607,-2.5517197,1.273609,-0.582548,0.4376105
0.74515676,1.6729577,1.7187229,-0.1487835,-5.090974,0.25845686,1.3541492,2.073526,3.3605084,-2.6791525,-3.3134558,2.790744,-0.85225284,0.46036977,-2.5546002,0.7256321,0.0061980784,1.0984658,1.185168,-0.010006309,1.2008866,-1.3754915,4.892884,2.473211,-0.7915368,3.0059059,0.09249607,0.30758947,0.26579094,1.2553809,-1.5231847,0.07085201
1.900231,0.17926615,-0.0858625,2.270219,-4.253945,0.27332377,-1.4931568,0.53709614,1.3976983,-0.8656474,-0.5026022,-0.1592701,-1.924403,1.0589825,-2.4521813,0.22080036,-0.00814569,-0.55002266,0.5260252,-0.828029,1.2205124,1.1544363,1.7752879,-0.96000737,-1.2027066,-0.52133316,-1.1104159,0.00087951124,-1.7865847,-0.34490624,-1.1577224,0.8880486
3.7087584,0.5786782,0.8235999,2.7296383,-3.1105897,1.6998954,-1.9235888,1.8837045,3.7921216,-2.833995,-1.8992013,-1.5760145,-1.0172479,0.58046246,-2.58601,-0.37000385,-1.8402942,-0.7867322,-0.060775578,-0.52690697,2.2186317,0.6552446,4.9264107,0.36466497,-2.7291238,2.6809435,-2.790688,0.121334314,-3.9820628,-0.4843167,-1.8044529,0.6538745
2.1275363,1.0892304,1.2954625,2.6322513,-1.2839379,0.07978809,-0.27394783,-1.4716108,1.2774702,-2.4978263,-4.438854,2.323502,1.1546736,-0.3075016,-2.414971,-1.3506836,0.3545273,-3.5285819,3.0345588,1.6637862,0.41509122,0.032682717,2.3669372,-0.16088316,-1.331121,0.3148218,-0.8767959,0.6771507,-2.9418244,2.5805535,-0.70379746,-0.035116762
1.9220595,-0.37230065,0.2842182,-0.6151195,-1.5090171,0.26501876,-1.15903,0.8994001,0.41237527,-1.1567452,0.17655931,0.5534394,-0.80730397,0.49137336,-1.2856623,-0.59714967,-1.5068917,-1.6088417,-0.18625565,0.14655584,2.204027,0.43421912,0.4610952,0.8676226,-1.5708282,0.908956,-2.2983913,1.2398427,0.59904027,-0.4601413,0.8300476,1.3576896
1.1719698,0.25364736,0.8734139,-1.4439319,-1.1012803,0.41407192,0.33733445,0.2672488,-0.02407147,-0.8930963,1.3895416,1.0364332,-1.3326285,0.9453737,-0.9170073,0.4898957,-0.7268033,-1.1893166,-0.0042110234,0.0058198273,0.51981056,1.8783582,-1.1189737,1.1591508,0.0070767403,0.5717046,-0.74824643,1.9774302,0.1711159,0.89064306,-1.003808,0.4047965
0.89097977,0.55650723,1.7333746,-0.27024335,-0.21315812,-3.655866,-2.2560112,0.5045548,0.38246512,-0.7741486,1.2674954,1.742467,1.5124757,1.591466,-1.4073161,0.47032666,-0.062313296,-1.8672842,2.358979,0.7321942,0.5794876,1.3008728,-0.46943197,1.5434462,1.801833,-0.42395863,-0.19612375,1.8807625,-3.5136523,-1.0047635,1.1839038,-1.0243335
1.571249,-0.47216475,0.7937438,1.0624455,-0.5655389,0.93328094,0.340266,0.9715468,-1.0535747,-0.7408962,0.98990154,0.7806111,-0.92575914,-1.0413821,0.08139525,-0.18666694,-0.40730193,-0.9818414,0.8625418,-0.062288433,2.9058976,1.6865034,-0.15285304,0.6832229,-0.38184214,1.0993875,-0.38615572,0.87402415,-0.51162744,0.807021,-0.8097435,0.25409383
2.9013543,2.2678745,1.1019329,-0.017533153,-0.96688795,0.83623075,-0.40687394,0.97984004,0.410798,-2.7943635,-2.215363,3.4881642,0.46083662,-2.6402187,-2.0665789,1.3072932,-2.9249485,-2.7984772,1.6523231,0.11082869,2.0659175,0.9132792,2.8074741,-0.8814857,-0.5033472,-0.8677408,-0.6471435,2.3969605,-0.98049235,1.8627057,-1.1526098,0.5864931
2.4305708,2.6995559,-1.4286004,-0.30009672,0.20033228,0.6760774,-2.1834712,-0.33114997,0.3384182,-2.9969602,-1.5721933,4.7008123,-0.79769254,0.3501203,-0.31192613,1.132872,-3.2784152,-3.5772626,1.3052795,0.8785425,1.8950338,-1.058543,1.7209121,0.5855078,-1.8589013,-0.089310855,-4.826186,1.0115517,-0.27023453,2.471823,0.3610586,1.0041597
-1.1324242,1.9737725,1.4733524,1.6609607,1.3996176,1.5930256,3.4504414,2.5469453,4.824542,0.6302138,-3.4302936,-1.0101042,1.3351538,-1.5413858,-0.4332869,-1.6382042,2.3987436,2.6300411,3.4676707,-1.8011551,1.9106402,-0.39893484,-0.7885779,-1.173213,2.891517,0.7371843,-2.3428931,-2.5596783,1.6040365,-1.747032,0.45665324,-1.4968748
1.5753801,2.4994314,0.49977607,0.08299005,-0.76594734,0.41243675,1.097712,1.6776149,3.1024437,-0.55622584,2.125237,-2.0470486,2.316191,-2.3977861,-3.2201304,-0.034656763,2.9451017,0.24086934,3.3214011,-1.2647619,-1.7995172,1.6601743,-2.2465637,-0.86741656,-0.187863,0.20550096,-3.7295084,-5.9023724,-0.5029074,-4.192691,3.9068496,-4.3430166
-0.3187747,3.9894183,1.1962407,-0.82179284,1.5547057,-0.43153304,-0.989491,-0.2658087,0.4021943,-1.732711,-0.67620057,-0.26500183,0.9918793,-0.18811575,-1.755709,-1.6720111,3.715691,0.17302322,1.3346164,-1.3937436,0.53502303,1.4168189,-0.9754021,-0.44618738,0.5165005,-0.8225821,-0.9721051,-2.3155813,1.0433884,-3.2394295,0.2082434,-2.3642967
-0.22838214,2.8409474,0.30247864,4.138066,1.6604935,2.3474398,-0.7751383,-3.5941167,3.3026695,-1.5646341,1.3463953,-4.9196196,1.3183255,-1.4025837,-6.178751,-0.1882093,-0.5293215,-0.004838109,2.6645513,-1.5733647,0.55936384,-0.71729785,-1.9903183,-2.4983451,1.527477,-0.85104716,-2.0547373,-0.8829254,2.4474454,-0.7729331,2.096457,-3.8436449
-1.4925989,3.7186124,3.4908838,0.7467644,2.1231685,1.2789407,1.0437281,-0.075592995,1.420326,-2.7789412,0.37343732,-1.9998364,0.6978673,-0.94440866,-4.4335938,-0.6197179,2.636498,-0.2054621,1.7510407,-1.213493,0.16421902,0.4592811,-1.9013498,-1.6920365,0.6244001,0.7082261,-2.4931529,-3.5795856,1.1724982,-3.736534,3.816322,-1.5269235
-0.8255704,3.7560759,3.2086287,0.6047167,0.1249297,0.98053837,0.33707362,-0.93829674,2.5402894,-3.8254492,2.0184534,1.8647723,2.4895191,-0.048107088,-4.280146,1.1440444,0.11800861,-1.1471307,-3.7045324,-3.016087,1.0633494,1.3323805,-1.1618531,-5.5022526,-0.30351293,-2.9458237,-2.6070619,-0.78261054,-1.3749168,-2.6572318,4.763257,-1.9592323
0.26014382,2.0614347,2.1200054,-0.0670234,1.3278044,0.6232145,1.2246298,0.45618093,1.7801539,-1.0502329,0.46893263,-1.1039433,1.1736045,-1.0940439,-3.7606318,-0.4702323,1.5859013,0.23781335,0.30811778,-1.3677956,0.4162524,0.26783633,-1.3721619,-2.3432643,0.46964145,1.024406,-1.9504008,-2.2433152,0.6563946,-2.518728,2.234869,-1.9031308
-2.6595874,2.2722116,3.3295188,2.4517882,1.4088498,1.664212,1.146056,-1.0443352,3.0596027,-1.9159743,1.5035741,1.4637101,1.2976601,-1.0567285,-3.5481777,0.42965278,1.2108643,0.2496041,2.967256,-1.8017472,0.41566816,-0.8895416,0.036654532,-3.1544209,1.0058165,-0.2654559,-0.84733313,-0.9387791,-1.8305303,-0.5900973,1.4681089,1.2491863
-4.3686028,3.988254,3.9723532,0.90642405,0.008443892,1.6234815,0.9307575,-0.5972847,3.3155534,-0.5037837,1.3810343,-0.8444348,2.198665,-4.050894,-5.1208687,-0.74019337,2.9691072,2.724851,-0.08094764,-2.989289,-0.42073184,-1.8854928,-0.5526534,-2.1012874,-1.243851,0.9830522,-1.942414,-0.5227033,-2.2303283,-1.0501894,3.8658628,1.1391697
-0.0048157573,-0.2692734,4.7479715,-4.855156,4.1390944,1.930486,1.4075317,-4.4314795,1.6923994,0.68645465,-0.17493612,1.0442492,0.8211167,5.547804,-1.9206696,-1.5073637,1.5627117,0.17508551,0.23374553,-1.596051,5.86306,-2.2520418,6.197891,-1.6435974,-4.037492,0.6543273,-0.18620554,-3.3317769,-1.9835334,0.62997925,-1.0394111,-1.3593483
3.433751,-0.7557029,4.6874857,-2.7600968,2.6537104,1.9304013,4.856509,-1.7089823,-0.5823926,0.6991166,0.49839965,-1.9868864,-4.5236893,4.1158967,-2.6552796,0.114902794,-1.7434218,4.9746447,-3.624543,1.5125606,3.6866295,-1.4504375,-0.30452555,-5.6170096,-0.5889585,1.4604735,0.8742821,-2.953589,1.2445618,-0.9857651,-0.31547767,2.799302
2.3509908,0.45937943,2.1312122,-1.325722,1.3055052,2.1587484,4.7266045,1.125736,-0.18166162,-2.2136626,1.1426885,-2.7203274,2.010256,1.5254859,-1.5114462,0.12680188,0.66055954,0.26922283,-1.1358225,-1.0165105,2.341772,0.27469888,1.8282791,-2.9800775,-2.2650626,-0.6522027,-0.29315302,0.081080765,1.1892953,0.37103963,1.5306056,-1.9601135
2.0568295,-2.4937105,-2.5697162,1.6348236,3.37984,-2.5714254,4.2677345,-3.2129157,-1.3652074,-0.30156884,-2.7637067,4.1438437,0.5074089,0.7120842,-5.4712124,-0.49294695,-0.51960903,1.6195071,-3.2611163,1.3055778,4.9805512,-0.7623905,-2.135961,0.41231138,-3.307032,0.31503794,0.33973175,-2.687662,-0.9214861,1.3421804,5.5245934,-2.084937
2.5794415,-0.6511582,2.9999232,-0.5475434,2.2318645,4.1102695,6.449447,-4.748991,2.1460264,0.7746371,-0.39129168,-0.599262,1.2094407,0.82253516,-0.9500838,4.1741323,-1.2651774,2.0069342,-0.6626979,1.2428012,5.1582975,-1.6538892,4.7814655,-0.9810215,-1.03638,4.1470876,1.6115935,-6.441765,-2.2638426,-1.6182841,-1.1075249,0.21986562
1.4838207,-0.83574116,1.4612098,0.77936023,3.0619912,0.50388616,3.0079901,-1.9586608,3.7134218,0.2606122,-0.37696812,-0.003664434,2.0406423,0.33096862,-3.9732928,1.1007587,-0.20851713,2.2834008,-0.63776094,0.15884456,2.932583,-1.2637279,1.2146372,-1.5149292,-1.355009,1.5207461,0.44927415,-2.0956607,-1.38262,-1.9190317,-0.04110992,0.5157823
2.9348419,-3.3414419,3.971285,1.2544107,3.7605314,-0.28125957,1.6684147,-3.872037,3.0517395,1.185488,1.8534871,3.434781,-0.05965802,2.0206122,-3.7563286,2.7159214,-0.31455997,2.848216,2.0441267,-0.2294384,5.6855164,0.01270261,2.3380027,-4.132495,-0.78881,-1.5137981,1.103596,-0.33642155,2.0781927,-1.2496815,1.695438,-0.98226804
2.545423,-0.75329065,0.92315894,1.0639877,2.582318,-0.99275815,3.5053391,-2.1622381,1.139104,1.0782806,0.37340325,1.2546333,-0.6468804,2.4680812,-1.7643819,1.8007593,0.54219645,2.2780561,-0.5440645,-0.29563206,1.4326357,-0.29144233,0.5257125,-2.0985556,-2.2973742,-0.060084745,-0.022052139,-0.2093959,0.3095769,-0.74665517,0.7205512,0.05497828
3.901331,-2.0971875,1.6867757,1.2594619,4.1418734,-1.9521909,1.7317648,0.08365852,1.9274949,-0.5118776,1.3076003,1.4411576,6.422209,2.103899,-1.9524555,0.023036003,0.29561204,3.9044244,2.0961492,-0.02602619,1.0364999,-0.82070374,1.9365929,0.8370003,-8.3711605,0.5949636,1.4567257,-1.7346547,-2.698652,-0.44646648,0.4103883,-0.25634527
3.101943,-1.1375171,3.6441836,-5.933305,3.2137032,2.528544,2.2401938,2.5231814,0.37482128,-0.57122767,-1.1430743,0.08477378,3.5027847,0.73556495,-4.154107,-0.23361075,1.1211833,1.5129745,-1.5142485,-0.38791355,1.7607894,-1.9186487,0.8611576,-3.311165,0.13907331,4.71235,-1.6144379,-1.8938856,-2.33828,0.45105386,3.579589,-0.6244489
-5.5975366,3.33812,-0.8739502,1.7650787,0.96953726,1.3268632,-0.62562656,2.1614914,2.047405,4.9296603,-2.529475,0.47163054,2.0753613,3.781921,-0.45482317,0.77539134,-1.325621,-1.0275676,-0.5186697,1.5498774,-0.54743695,3.7625916,3.315846,-0.8011558,-1.8395419,0.09842944,0.2960404,1.7653022,-0.4532923,0.7658862,3.6133084,2.622434
-5.090887,1.0139321,-2.105007,1.2187614,-1.1718149,1.0440023,-0.16223878,1.6737766,0.4758009,4.173958,-1.4147475,-2.3919144,3.2731419,2.9332733,-0.9023546,1.1773492,2.1433482,-2.9684808,0.6832769,1.8147032,-3.1908007,0.747789,0.44424877,-0.20315146,-1.1870778,0.24237207,1.3844111,2.5561438,-0.27183443,0.016352028,1.4675848,0.6922602
-4.3950424,2.113718,-0.28879616,1.8859466,1.3106925,-0.04493314,-0.3482946,2.4456038,3.0236778,5.501878,-1.3904682,1.3991662,0.031235933,3.3752174,-2.134254,2.3912642,-3.5970764,1.1085973,-0.5113586,1.4975488,-0.7696862,5.9682918,3.7646632,-1.393214,0.66782486,-1.6514366,0.153288,0.39902458,2.728994,2.3536592,2.5256934,2.7401586
-6.077368,3.8611023,-0.1899354,2.1289873,1.3402402,0.5421936,-1.511949,2.5836868,1.6032987,4.244685,-3.318901,0.7446469,2.078238,4.69489,-0.51518345,-0.56841135,-2.1862636,-1.8621854,-0.41271126,2.2543063,0.0521186,4.6379766,2.4439497,-0.8672433,-2.58318,0.020825624,0.31460407,1.3634884,0.4003569,-0.16464949,4.4388824,2.3932462
-6.2494287,3.289165,-0.74274784,1.4342936,0.7462187,1.4434448,0.17773351,2.9751058,2.737899,5.215755,-3.1974716,1.6010482,-0.04204285,2.161808,-0.9347527,0.09871125,-2.2859354,-1.7155861,-0.5826019,1.900502,0.2995879,4.5417147,3.6017272,-1.7782288,-3.974937,-1.2775632,-0.47782287,1.0192611,-0.15322328,1.3576547,4.338076,2.0741673
-3.264098,-3.0938954,0.14143986,2.3364067,-0.31594428,2.781121,-1.3154712,3.7555242,4.8238993,6.530158,-1.9036194,-2.2933583,1.6094878,4.1449447,-2.8762171,7.9182405,-1.6169633,1.1771072,-2.5312903,2.2821345,-4.348727,7.269909,4.9580097,-2.6958861,4.686391,-4.053671,-2.197761,-2.8505461,1.1730562,2.1194386,1.6572402,3.7184305
-3.8121428,2.737158,-0.5812807,1.1640047,2.1842859,0.41255805,-0.4341796,1.2188302,2.4240265,3.0673628,-2.7058222,1.9875089,1.9752353,2.6041672,-1.4201053,0.15526527,-1.9858392,-1.695189,-2.1115117,1.1784742,-0.7988471,5.0372458,2.5041406,-0.8505121,-0.29074925,-1.3532768,1.106999,0.24652977,1.3127115,0.8882861,1.3266307,2.6268053
-4.8952184,0.5066457,-0.44769803,-0.81020606,-3.341999,1.8068372,0.19685276,3.8540633,1.1540183,5.6136208,2.162041,2.1347136,0.40928647,1.9561906,-1.4087011,3.966385,-1.4010766,1.199595,2.537325,-3.241586,-1.539393,2.8462853,3.102862,-2.6783113,-1.6371837,2.7550092,-0.36844608,-0.14252952,3.94126,1.5713663,0.2239321,2.5714397
-3.961298,0.91407543,0.3401053,-0.42168877,-1.3682725,1.4006684,0.7088862,3.484005,0.74589074,5.06455,-1.3277863,3.476259,0.9407852,1.5089949,-0.43449366,2.6660893,-0.8182531,-0.25644594,1.2989454,-1.1615341,-1.1468718,3.1964393,2.8355284,-2.7163224,-2.0348053,0.13118646,-0.040099233,-1.2358694,1.7702878,1.9254212,0.7425226,2.0591216
-2.0828865,-0.5847969,0.8061247,3.7197537,2.566526,0.56539965,2.904283,2.9576244,2.9966106,1.2254035,-2.8811975,1.380985,-0.7714225,2.180087,-0.7624061,2.5697358,1.4423418,0.96011424,1.2571164,0.63819903,1.4499826,-0.57284606,-1.3016332,-3.7527165,-0.22718853,1.1344432,0.58896923,-0.35693774,-1.0045803,-0.29231673,5.514003,2.3600695
