0,1,2,3,4,5,6,7,8,9,10,11,12,13,14,15,16,17,18,19,20,21,22,23,24,25,26,27,28,29,30,31
0.17068733,-0.69819367,1.4980441,0.7052816,-0.7000043,0.47041413,0.2036458,2.504107,-1.4899176,-2.977654,2.3757067,0.82042235,0.59199595,4.419531,0.8570906,-2.6858094,-0.8465065,-2.0329897,-0.5284256,1.2082977,-1.6529984,0.18923849,-2.5340831,3.1013296,1.6869956,0.032806452,0.4983936,-1.9689815,1.5220238,-1.0609831,-2.2823954,0.5965983
-1.2766435,-2.4806836,0.93616295,1.0542358,1.8179073,-0.15954682,-0.8780367,1.9889745,-0.57375604,-0.04609394,-0.20669433,1.9630195,-0.56517863,3.4556298,-0.4878633,-0.50321996,0.38774037,-0.029366627,-1.002969,0.4697356,0.9000354,-2.8381581,-1.971061,0.87699974,1.2913761,-1.2116158,2.4872682,-2.2646317,2.6467526,-0.6578529,-3.4104896,2.6144764
-1.9269298,-1.9889458,1.5900866,1.5850341,-0.18637487,0.3033976,1.621647,1.9303252,-2.3909917,-3.1790435,0.08711515,1.0901265,-0.34058958,5.9188747,0.4785955,-2.3605564,0.2678623,-0.65038234,-1.6748517,0.1414223,-1.8145976,-0.20295608,-3.4912417,4.286783,1.1218331,-1.1897981,1.8847408,-3.970938,1.8062582,-0.7196378,-2.5357363,2.09777
-0.21849354,-1.0067866,1.5122713,-0.17894621,0.658383,-0.51378703,0.28037632,0.9702824,-0.55788195,-0.105754524,1.1793194,1.1892486,-0.16506636,3.092061,-0.45121288,-1.1591644,-0.77424943,-0.70449686,-0.12647897,1.8178505,-0.18077506,-1.6811019,-1.9307262,0.45622453,1.0633527,-0.11130772,1.8614234,-0.8098051,1.2373489,0.08095387,-2.4916885,1.4306463
-1.259076,-2.45778,1.4633495,0.082409784,1.8072488,0.36671537,0.9473516,1.3450383,-0.96148646,-1.0844945,0.12320119,1.0227946,0.4312033,3.601955,0.8397094,-1.3463511,-0.5851358,0.059670046,-1.3471204,1.8573668,0.9593954,-2.7796218,-4.903099,0.8465812,0.3320375,-0.7638146,1.2266192,-3.0648205,1.1102422,-0.00773309,-3.0525193,1.4526519
-0.7680387,-1.6020808,0.8079593,-0.049419813,0.12170151,-1.1367875,0.74166137,1.6484475,-1.7678974,-3.1572928,1.2282375,0.50993615,0.103480555,4.6634035,0.8860314,-2.834213,-1.1426889,-1.0182,-1.2555814,1.4311572,-0.77328086,-1.3754829,-2.9719012,2.8159978,1.2701538,-1.7573242,1.8158981,-3.276373,1.6824821,-0.456474,-2.3967316,1.7567753
-0.7978146,-1.2825983,0.4267751,-0.8850098,0.043931767,-2.1426556,-0.027935617,0.5817728,-0.16031152,-1.1827784,0.03984946,1.2440889,0.0042285696,3.4914205,-0.02402611,-1.465205,-0.5584221,-0.34007674,0.14707519,1.8201452,-0.2625914,-1.4937264,-3.1498694,0.18179289,0.35334086,-1.1862618,1.6721708,-2.4235952,1.1315315,-1.2068591,-2.7587357,1.4662567
-0.78725815,-1.4914254,2.1900635,0.09845317,0.4057722,-1.4762257,0.2527185,-0.4580556,-1.7724266,-1.5562276,1.5564619,2.045233,-0.76360077,4.3406844,-0.8673366,-1.2610843,-0.5466447,-2.299465,0.5764409,0.9026868,-1.1509804,-0.6975868,-2.1900506,2.1097245,1.7884674,-0.09286217,1.5401487,-1.3030803,-0.43140358,-1.1737082,-2.7301326,1.4356072
-0.743997,-1.0813464,0.97761035,0.4013707,-0.68013185,-1.9924434,0.2219562,3.9513428,-0.37787026,-2.7232666,1.1753175,2.4610908,0.7092153,6.512993,-1.3566319,-3.0582712,-1.0258317,-2.0897365,-0.93621904,1.4412683,-3.3700628,-0.45211747,-3.788145,3.2432196,0.36782247,0.7709018,3.095945,-3.6913908,1.5143054,-0.8833578,-3.0968218,3.0208192
-0.47335476,-1.1817365,0.8082234,-1.0087225,1.7428384,-0.8413108,0.3330581,0.8067217,-1.219414,-0.8421034,1.6846787,1.172271,-0.28213993,2.8682213,-0.74678427,-1.2006682,-0.63283527,-1.3840165,-0.34703106,2.0430965,0.54108006,-2.9933867,-2.5689814,0.9349185,2.728306,-0.5719094,2.469865,-2.8657887,-0.8343474,0.9442345,-3.0522845,1.2368555
-0.31214032,-0.859809,1.8224889,0.2702052,0.9937621,-0.9127497,0.34604186,1.2706084,-1.0921023,-1.1448247,0.5460508,0.93692344,-0.15460947,4.174466,-0.5346499,-1.8703318,-1.0220222,-1.7082741,-0.3597511,1.138472,-1.278833,-1.1584592,-2.4917464,1.5023925,0.6065067,0.35767636,1.6950731,-1.402086,0.51969486,-0.075387254,-2.5783174,2.0577033
-0.58839905,-1.907539,0.7028495,0.20574574,1.3963876,-1.1819258,-0.2585981,0.4089441,-1.3106753,-0.464033,0.49943364,0.9502526,-1.0465493,2.8330743,-0.23897682,-1.4477428,-1.6253828,-0.6783236,-0.34872854,0.577791,-0.58872175,-2.4853778,-1.556299,1.668952,1.5119183,-0.8172673,2.6132228,-0.9382303,1.9848719,-0.87858886,-2.905076,2.3269417
-0.88994336,-1.831936,1.2921581,0.87106776,1.5509541,-1.3276845,0.53777105,0.4155982,-1.970038,-1.6401422,-0.38805497,1.8410727,-0.97926897,4.7422395,-0.2990653,-1.4791347,-0.1785599,-0.9228474,-0.94578254,0.8147857,0.04128887,-1.7934768,-3.1067905,1.95823,0.99619853,-1.1653228,3.041836,-3.0003355,0.3212386,0.051677845,-3.3143032,2.8187904
-0.6972449,-1.5554105,1.1477284,0.37323087,2.1129332,-1.6821569,-0.075103216,0.75019884,-1.9574101,-1.8644757,0.5971005,1.9291152,-0.71903044,4.886159,-0.09101136,-1.6000545,0.17955503,-2.029776,-0.776017,1.8312196,0.6807503,-3.204872,-2.6800983,1.5329219,2.5167234,-1.3776971,3.1783323,-3.3140786,-0.37790176,0.09260028,-4.3567843,2.2421155
-0.2571291,-0.55603004,-0.32170573,0.6671364,0.772423,-2.0757523,-0.6577015,-0.056390192,-1.8351898,-1.7001204,0.41727415,1.2750676,-0.9674498,2.877333,0.689709,-1.9973166,-1.5107037,-1.3473394,-0.5425191,1.3203379,-0.09801701,-2.0867953,-1.141743,1.8164494,2.009975,-0.77942914,3.02576,-1.5280114,0.74079967,-1.0355525,-3.313834,1.8002568
0.5511914,-1.0459938,0.36581892,0.07311387,1.7182562,-0.5321722,0.30730596,0.93138504,-1.493631,-0.7428909,1.0128405,0.6881698,-0.64866585,1.8947062,0.027523115,-1.5917919,-1.9829929,-0.934533,-0.9734663,0.5891112,-0.19025172,-1.9551331,-2.6316135,1.9022952,1.187732,-0.103164725,2.6370902,-2.1263268,0.004908696,1.0346267,-2.2806017,1.8327636
-0.8917968,-1.8766122,1.7602155,0.47256577,1.446018,-0.35366693,0.13012594,1.67281,-1.2641456,-1.263702,0.5901966,1.5183802,-0.18185735,5.2560024,-0.5373464,-1.6564344,0.2999411,-1.1713843,-0.56846225,1.5039773,-0.29683414,-2.1950786,-2.7087018,1.0827274,1.2756878,-0.88431627,2.6729362,-2.4095862,1.6938238,-0.098971486,-3.7167337,2.3345947
-0.86649865,-2.4140635,1.6415018,-0.2135679,1.1047714,-0.26935205,-0.4527982,1.8915157,0.03794025,-1.458433,0.84339947,2.021584,0.5318969,4.173919,-1.6091763,-1.6246817,-0.59992296,-0.64273417,0.032188907,0.73133665,0.41595855,-2.467015,-2.6164906,1.9050171,1.543915,-1.9014055,2.264425,-1.8407463,2.3401394,-0.3266755,-2.4639058,2.3461015
1.8859932,-1.4626912,3.7604928,-1.6527095,-2.3156428,2.6352372,-0.3989198,-0.5394374,-0.24181652,-0.90680325,3.5329695,-0.550728,2.5337522,2.5353649,-3.5820053,-1.0646142,-0.31359035,-0.61480695,4.212452,-0.49783412,-3.116554,3.7274127,-2.9880323,0.81131077,-0.1767824,0.47611666,-1.0547191,0.93138283,-0.54563767,0.9536507,1.0617986,-2.423615
-1.5520538,-1.844552,0.8369651,-0.10206506,-0.12013242,0.29843378,1.0294021,1.2183433,-0.96423495,-1.3531715,1.9376765,1.4631917,0.30702502,3.822797,0.2533349,-1.0491191,-0.1656794,-0.19313937,-0.9681683,2.0270536,0.20455594,-1.9319006,-2.2447832,1.7170733,2.163711,-1.3312474,1.3428789,-2.3540404,1.9512755,-0.8408408,-2.41552,0.66750383
0.9436602,-1.2330104,0.05892521,3.0245214,0.21381594,0.059004683,-1.6479887,1.6511346,-1.2945924,-3.3526552,-0.28608078,1.7296895,0.18973479,4.0833707,1.1748792,-3.2646704,-1.2977637,-1.2936512,-1.8488263,0.31536496,-2.618807,0.7904694,-2.7900767,3.1265557,-1.7791183,0.8471599,2.2911398,-0.6640792,2.7532895,-1.5279148,-1.3127213,2.2390501
-0.4083994,-1.4481541,1.1225141,-0.2813279,1.2817986,-1.6338851,-0.080616005,0.17385134,-0.9112371,-0.78161305,0.49714243,1.0055715,-0.6319834,2.72901,-0.6341252,-0.9943918,-0.70335466,-1.0414994,-0.35076362,0.43337366,-0.42757154,-1.4801867,-1.7406065,1.3479912,0.70608157,-0.86412853,1.8657049,-1.737741,0.21728507,0.1438631,-2.0491247,1.9814876
-0.570199,-1.0893643,0.65993375,0.7185188,0.40851662,-2.6421623,-0.682095,0.93349713,-0.8968178,-1.6704675,0.8031587,1.9234793,-0.5677945,4.827274,-0.4397552,-1.9429643,-1.2659642,-1.8186605,-0.44327444,1.6660056,0.5748949,-2.3081896,-2.9623883,1.6153343,1.5681444,-1.7213236,2.5711408,-2.2673979,0.0117782205,-0.5181913,-3.7385416,2.049635
-0.91764694,-0.7970934,0.4413333,-0.13493338,-0.75488496,1.0048833,1.8374496,1.6494393,-1.5934694,-2.924347,1.8417684,1.369977,0.089879446,4.062041,0.7673788,-2.2376978,0.68187195,-0.98407876,-1.3607643,2.3644931,-1.3728236,-0.92798173,-1.1085209,2.457262,2.6724966,-0.95378876,1.708074,-2.7263665,1.5971396,-0.7121459,-1.2859693,0.5822778
-1.5907578,-2.1144943,1.1522697,0.43903315,1.6087334,-0.5705715,0.26848003,1.4329401,-1.6542684,-0.9593526,0.25265908,1.5887873,-0.80181885,4.4818096,-0.5697351,-1.3498477,0.22887722,-0.7112991,-0.95097846,0.5362704,0.16169481,-1.9412959,-3.040144,1.903155,1.7545463,-0.8968575,2.1040318,-4.0270457,0.7061321,0.12645423,-3.750602,2.664576
-0.4785076,-2.102133,1.7408147,-0.55062586,1.2894394,-0.4213417,0.86528707,1.6969937,-1.3357035,-0.57057655,2.0710595,2.0014086,0.039560713,4.1284895,-1.0561392,-1.5644981,-1.3762134,-1.4317197,-0.55173975,2.1571498,-0.8027313,-2.7778833,-3.732101,1.6520941,1.8834683,0.26807466,2.8084931,-1.9738154,0.6026397,0.02640346,-3.5803723,1.6161034
0.6489432,-1.1287903,2.0761733,2.002761,-1.2119861,2.03106,0.83099955,2.5375302,-0.9252008,-3.7187436,1.3576419,0.843072,1.9042007,6.1372585,0.4299069,-3.6695325,-0.23599796,-0.77517444,-0.55478317,1.1174227,-3.9307907,2.215656,-2.1731544,3.1732767,-0.9495931,1.0657332,1.1210513,-0.181022,3.9616401,-1.0367782,-1.1034206,0.9354352
-1.1125181,-2.201285,0.8788895,0.6159962,0.69864106,-0.6535565,0.1636127,0.6707517,-1.473981,-1.907551,1.0541443,1.5439204,-0.31076747,2.945768,0.4445747,-1.3547019,-2.359955,-0.7663695,-1.2379382,1.1108936,0.6368699,-2.5163414,-4.212314,2.7908938,1.1120398,-0.7234738,1.8289773,-1.7084862,0.38851786,-0.6827245,-2.090376,1.0722784
-1.1023339,-1.8165543,0.8554048,-0.3467911,0.8156886,-1.3285899,-0.48929477,1.0764565,-0.17739372,-1.1481048,0.41242522,1.256543,0.04320707,3.7187252,-0.90983766,-1.4046663,-0.8511403,-0.53136045,-0.23349561,0.86711806,0.29337886,-2.4096081,-2.1241038,1.1171044,0.98047376,-1.4556694,2.1475077,-1.6621029,1.81137,-0.3951156,-2.4067428,2.1528609
-0.88887244,-1.4049823,1.5920831,-0.5243992,0.9981537,-0.70436966,0.16683072,0.52045774,-0.42516166,-0.92265165,0.53548574,1.0591547,-0.24857655,3.4265952,-0.808025,-0.83283126,0.7863452,-0.8731228,0.34769356,0.7577217,0.02775147,-1.6628197,-0.6430081,0.5553589,1.5022471,-1.1641759,1.4862086,-1.3324178,1.4567562,-0.33686408,-1.8566061,1.6465962
-0.45851716,-1.4312248,1.2413821,-0.980155,0.78752106,-0.15365355,2.148019,1.1697476,-1.1656514,-0.44159,0.095103815,1.1902514,-0.44115487,3.4221082,-0.20895325,-0.9731476,0.86137736,0.011162847,-1.36996,2.890703,-1.1082541,-2.4505255,-2.0970917,-0.3852565,1.0259835,0.037287895,4.0584464,-2.0515597,1.7525505,0.54024416,-2.008476,1.3242314
-0.72454906,-1.884151,0.41275653,-0.24481453,1.3080759,-0.74416184,-0.50239265,2.1597924,-0.22727808,-1.2803681,0.28469098,1.1581742,0.3607062,3.4264195,-0.69586337,-2.0524974,-1.4186186,-0.4975654,-0.3306675,0.88980347,0.36545518,-2.8644843,-2.4628847,1.4850973,1.4554331,-1.5723006,2.6072009,-1.9853365,2.5210233,-0.35637805,-3.2071447,2.3099878
-1.3327701,-1.8909318,2.004498,-0.6774123,-0.18332979,-0.17617038,0.6950092,0.99893135,-1.5695108,-1.2579215,2.9515634,1.9196384,-0.35163108,4.0847607,-0.36135262,-1.0858123,-0.4939825,-1.8971577,0.14597844,2.291,-0.49744648,-1.613423,-3.1656587,1.8977647,2.8583908,0.22148308,0.89901876,-1.9211893,0.5101916,-1.1204696,-2.8800728,0.4899809
-0.098565556,-1.0617551,0.37049207,0.5927204,1.111727,-1.6359369,-0.21108049,0.6598156,-0.82686496,-0.943146,0.25993246,1.5322747,-0.67568326,2.6837387,0.6954866,-1.203012,-0.6024338,-0.81436765,-1.3010392,1.5143399,0.1424095,-2.4726007,-1.3314276,0.85266113,0.69340414,-0.76817185,2.531498,-1.125169,1.2907857,-0.6545781,-2.521244,1.9800316
0.11425077,-1.0592417,1.8886489,2.538682,-0.05939348,1.7962579,0.67436737,1.3230406,-1.8378723,-3.051007,0.29388273,-0.21401167,0.6276,5.1257086,0.95534045,-2.661527,-0.11069911,-0.8593407,-1.0378035,-0.25107,-2.5474865,1.6671706,-2.0203884,3.2479043,-0.85083544,0.6353135,0.34067798,-0.36718893,2.6407495,-0.65351844,-1.0121471,1.0302039
-1.1643243,-1.9120497,0.40073466,-0.14076981,0.36783683,-1.5989678,0.9621792,1.5963117,-1.9232337,-1.7103872,0.43156677,1.8823357,-0.9803136,4.7525487,-0.09906374,-2.2182395,-0.61041987,-0.5769414,-1.6262839,1.9844016,-1.457997,-2.1731658,-2.5461993,2.239519,1.5072949,-0.44115862,3.7673664,-3.490996,1.9548389,-0.82986397,-3.271892,3.2403054
1.8133373,0.47977373,1.3818747,3.746007,-0.36051768,3.1247,0.10757461,1.5507838,-1.8528636,-5.0262985,-1.5979375,-1.2908665,1.5104959,6.2028303,0.8057993,-5.2801166,-0.3218688,-0.3829252,-0.6696264,-1.4421164,-3.8774586,4.3741174,-2.7970622,3.8392997,-2.6301575,0.9972716,1.0490111,-1.3045008,2.0656607,1.5382409,-0.8865689,1.5744184
-0.42876148,-2.5159142,0.85749924,-0.35347664,1.1234238,-3.1355894,0.016101353,1.5539099,-0.96732163,-1.9827514,0.09778677,1.8811454,0.10078139,5.6317267,-0.35985804,-2.963631,-1.7376349,-0.8195151,-0.55763054,2.079873,-0.72395366,-3.006279,-3.5143604,1.4173652,0.39123172,-2.0973334,4.262627,-2.5304093,2.8833716,-1.2598299,-4.2151484,3.5153022
-1.6986235,-2.178341,1.0055927,-0.11142269,0.22706714,-0.059803944,0.13340616,0.034706738,-1.3349037,-0.6441214,1.169162,1.6583962,-0.9726837,2.4428253,-0.4487899,-0.31614673,-0.5543498,-0.880876,-0.17822126,1.2604965,-0.20523849,-2.1548545,-1.7737361,1.3825136,2.1551723,0.24176475,1.608425,-0.7943331,1.2878385,-1.1916281,-1.7079442,0.8422351
-1.4285008,-1.2173785,0.52416897,-0.017277204,0.06803187,-1.1433157,0.43477768,-0.41795227,-1.5697867,-0.4259199,0.090270296,1.3778242,-1.3661922,2.5227332,-0.10169347,-0.3276872,-0.078941435,-0.5064053,-0.4639845,1.2373667,-0.6626177,-1.1111915,-2.0123513,0.8547009,1.1131318,0.47860822,1.8985236,-2.0084822,0.17383885,-0.7178336,-2.092918,1.1422651
-0.38576165,-1.5795153,2.4139729,0.0856288,1.762542,-1.0922551,-0.44998032,0.16584688,-0.7200531,-0.3138191,0.8866696,1.1325843,-0.49337906,3.8033333,-1.210266,-0.8542669,-0.23484878,-1.4201255,0.52676874,0.47144598,0.38166922,-1.7529459,-1.4598434,0.69923437,1.1671236,-0.9689754,1.2988569,-0.7482811,0.6969656,0.012474167,-2.6503315,2.1422079
-2.1434267,-3.0795457,1.2711065,0.7655657,0.21568847,-0.7896676,0.27931285,1.4899483,-1.7072773,-1.0649533,0.64887875,3.1158109,-0.86539286,4.555741,-1.4558767,-0.41678062,-0.093480796,-0.7168669,-0.7080404,0.38166562,-1.7203481,-1.2754363,-3.4362025,2.8717117,1.1047051,0.79667985,2.5251975,-3.2128215,1.3683102,-1.3451037,-3.1537938,2.5912561
-1.0445378,-1.1469817,-0.088533655,1.1367567,-0.091340825,-1.1426582,0.24174938,1.0956913,-1.7323375,-3.0898485,0.15575498,1.3242065,-0.25946587,4.6658454,0.72672814,-2.7372346,-1.212628,-0.92549855,-1.3757082,0.6787085,-1.1708025,-0.97496414,-1.9066379,3.462766,1.1037034,-1.7092667,2.434719,-2.719395,1.7399876,-1.1433835,-2.3685088,2.4580188
-0.5453351,-1.6314814,1.7948714,-0.2138481,1.1179974,-0.26301172,0.15929359,1.5298786,-0.63562167,-0.5774746,1.4301194,1.3993214,0.17510685,3.1937103,0.01832971,-1.2170959,-1.178096,-1.2788594,-0.37022507,2.141072,0.09411045,-2.7711747,-2.695721,0.83741915,1.4662788,0.1852471,1.3673414,-0.65318286,1.6084675,-0.76036286,-2.8291404,1.3384898
-2.1144114,-2.2486687,0.426454,-0.30071825,-0.8681837,-2.2984278,0.67900383,-0.4487153,-2.1473653,-1.2075543,1.3728691,3.3533294,-1.5811435,4.073647,-0.7992171,-0.5546028,-0.2551429,-1.3070284,-0.53500915,2.1939697,-1.0802338,-2.2774765,-2.3759336,2.013424,2.6483448,-0.0810531,3.4579067,-2.7187586,-0.03195768,-2.2477279,-2.8898973,1.2707435
-0.7893714,-1.541099,0.9279115,0.56112003,-0.2912606,-1.991454,-0.14594883,1.3539826,-0.9423752,-1.181044,1.0989442,3.2574992,-0.34806144,4.4821324,0.14096947,-1.4704615,-0.44674855,-1.118072,-1.186735,2.9587681,-0.48179024,-1.9713476,-3.1585162,1.0651357,0.88406557,0.081527814,2.9927855,-2.1493983,1.3341804,-1.7183896,-3.329082,2.1150723
-1.7954581,-2.0786028,0.34377497,-1.071682,-0.27743205,-2.4547303,-0.25068036,0.08937169,-1.0249945,-1.9990444,1.5763143,1.9519917,-0.5982482,3.5537038,-0.0017741323,-1.8290095,-1.6812124,-1.4008309,0.055649757,2.0585687,-0.22498369,-2.4784167,-2.161735,2.1568792,2.2900198,-1.1596307,1.6139742,-1.7367172,1.5054793,-2.3008072,-2.4467022,1.7209629
-1.0166662,-1.5565723,0.38751018,-0.43371326,1.0989711,-2.0904372,0.6567372,-0.84167176,-2.4320438,-1.588756,1.0395515,1.4601376,-1.3547548,3.763993,1.4643666,-1.5314835,-0.8436399,-1.4483924,-0.7748929,3.1055214,1.0051571,-3.189018,-3.0932693,0.6910999,2.4143848,-0.9662514,2.0044398,-2.4520183,-0.26021132,-1.2824972,-4.162751,1.1137071
2.1754358,-0.8592139,0.46197465,0.10904082,2.094435,-3.8129776,-0.5515263,-3.5476215,-3.4626615,-2.8383098,-0.60316,-1.0231636,-3.6716354,2.5091064,0.76955056,-3.222317,-1.6403399,-2.5270653,0.24972136,-1.1301976,-2.815722,0.8717804,-1.8807433,2.1538777,-0.8406834,1.1265016,2.613405,-0.9528382,-1.4315364,0.066124335,-0.935385,3.3124123
-0.5115077,-1.2547551,0.5447172,-0.45053095,1.2395189,-0.7184434,-0.028177954,1.3197011,-0.7118323,-0.44845724,0.548657,1.3207136,-0.54060423,2.7053144,-1.1319768,-0.8165921,-0.07319153,-1.1821944,-0.34514397,1.4109166,-0.50027543,-2.3518286,-1.7571914,0.6611711,1.6212624,0.50761163,2.5306199,-1.7316228,0.39917824,0.1668615,-2.4555328,1.5237329
-0.9156046,-1.5818368,1.0656945,-0.0073190704,1.8100514,-1.4478514,-0.84066,1.497281,-0.42637637,-0.97691226,0.23890318,1.2922071,-0.5663358,3.3545568,-1.1134143,-1.3091955,-0.5455914,-1.5202584,-0.6218609,0.055925973,-0.5650122,-2.015841,-1.199765,1.7734296,1.0329456,-0.18718845,1.3235751,-1.8782051,1.1193058,-0.48770005,-2.4152987,3.15136
-1.7015387,-1.7426518,0.9524037,-0.47626495,-0.04333411,-1.2325081,0.32954705,1.0885233,-1.0834957,-1.50464,0.94930935,2.2585876,-0.8260617,4.171084,-0.16830485,-0.9483374,1.2489277,-1.2563487,-0.60002226,1.8486845,-0.2099101,-1.4828458,-2.318572,0.9242656,1.9330138,-0.8354197,1.5881741,-3.363055,1.0007721,-1.1585633,-2.9334154,1.4569811
-0.6442043,-1.2378829,2.6316214,1.0494192,-0.0652467,1.6102945,2.2157214,0.6984783,-2.6763809,-1.7381146,0.731743,-0.7901222,-0.230973,4.633818,0.85403454,-1.8854693,0.08872065,-0.37275165,-0.8472884,0.24232435,-2.1997743,1.1114705,-2.6262398,2.6741972,0.30898538,0.55484885,0.31701642,-1.469927,1.58141,0.23535766,-1.6552217,0.8780621
-1.2701827,-0.8060429,1.2904984,0.20146981,-0.84690887,-0.34295672,0.6115936,3.0186286,-1.2601953,-3.369238,0.89386076,0.56411946,0.26038992,5.8251386,1.0309062,-3.1848974,0.25951618,-1.4539999,-1.1478727,0.863952,-1.599117,0.43078312,-2.6236506,3.1789155,1.5185047,-0.8568298,0.05760338,-4.087,2.2105994,-1.1733925,-3.0145304,2.0590312
-0.35099903,-1.1229478,2.119814,0.10079636,1.0445774,-1.4179268,-0.57273686,1.5831429,-0.047839865,-0.7137638,0.14038074,2.0087974,-0.010479972,4.8336377,-0.59403884,-1.4011232,0.61162925,-1.463002,0.29879802,2.1902525,0.29552424,-1.5269663,-3.6709602,-0.47109166,0.44616893,-0.3230401,1.9139735,-2.3283875,0.6138188,-0.39825508,-3.6841567,1.9200004
0.71985745,-2.6047773,0.3378525,-0.2705003,1.481142,0.26319712,-1.7903993,0.8231104,0.038658217,-1.3223351,2.3343148,2.0033164,-0.32255146,-0.31167302,-0.032900035,-0.18353534,-0.34761828,-1.5378294,-0.22923623,-0.6801965,-0.3935373,-0.95323646,-1.6190395,1.7715404,0.33094943,0.70045197,0.5341408,-0.43105626,1.1617965,-0.69290596,0.4873225,0.63137376
0.8063508,-0.55098987,0.013599336,-0.41051048,1.7745063,-2.1775613,-0.2796901,-1.975327,-2.1993132,-0.8392624,-0.61768585,-0.5453719,-2.666844,0.57186055,0.050746948,-1.4051275,-1.1421902,-1.3564825,0.25498766,-1.0468568,-1.4802182,-0.15323928,-0.4796283,1.2661729,0.34231746,0.8943463,1.9067725,-0.86974585,-1.0665578,0.4011239,-0.93382347,2.0819268
1.9198,-0.1869403,-1.1760868,-0.1868027,1.9462104,-3.5245678,-1.2631586,-3.0089571,-2.807808,-1.6299837,-0.71744347,-0.32825866,-3.781366,0.17109236,0.37777752,-1.9068211,-1.4002914,-1.7680069,0.15776506,-1.2651333,-1.5270114,0.1576168,-1.1012605,1.5274876,-0.07417018,1.2587053,3.0472875,-1.7870415,-2.1766975,0.4645773,-1.1482644,2.5973997
-1.3357991,-2.2230527,1.406131,-1.2834556,0.33834854,-1.1323942,1.1952931,1.0676324,-1.6011276,-2.0171397,1.6827096,1.0313764,-0.47376215,4.5617275,0.112047225,-2.5290625,-2.1364846,-0.4933321,-1.3732295,2.0475826,-1.4928308,-2.4259005,-3.2824469,2.7284772,1.8790236,-0.9550717,2.532962,-2.9816825,2.5021863,-0.66202545,-2.4857883,2.919384
-0.27687442,-1.0898173,1.051789,0.21623881,2.105079,-0.8811825,0.3665674,1.1984482,-1.5297946,-1.6520436,0.23000106,1.7682406,-0.8454966,4.6165986,-0.18283416,-1.7561294,1.2577419,-1.3373132,-0.54752326,1.4391326,-0.28105783,-1.9800769,-1.7198011,1.1466023,1.7515018,-0.3379475,2.5423443,-3.5574555,0.66143155,0.14634006,-3.5436509,2.8713083
-0.9163651,-1.6634895,2.2280703,-0.9864087,0.38558203,-0.85942954,0.9088335,2.415474,-1.0544621,-0.6793085,1.5539796,1.9631374,-0.33456865,5.559946,-2.9581478,-1.8285009,-0.52780765,-1.8050834,0.39959073,1.0887965,-3.4564025,-1.2617455,-2.1491203,2.2590144,2.0092785,0.76451147,3.5312338,-2.6605024,1.5158287,0.28858742,-3.1872895,2.9764438
-0.4980364,-2.0327067,-0.6301701,-0.7977091,-0.24599215,-1.4525355,0.50384825,0.92830014,-1.8155463,-2.0099015,1.6936082,2.7660778,-0.7571063,2.4392257,0.5981611,-1.6753906,-1.1269705,-0.97534084,-1.393376,2.5198972,-1.6724045,-2.206342,-2.8315115,2.0663276,1.5524083,0.556616,3.446426,-2.776422,1.1616462,-1.8950715,-2.1354117,1.2801349
-0.84646857,-1.6231487,1.921462,-0.49222225,1.292639,-1.0101683,0.04164731,-0.049821988,-0.51663435,-0.69230556,0.16423726,0.24077903,-0.36469778,3.052309,-0.36315143,-1.1687834,-1.2022738,-0.7383894,0.08643888,0.7153219,-0.36819443,-1.6146979,-2.2674727,0.81699586,0.20053351,-0.43733743,0.69543195,-0.54812884,1.0027349,-0.46306652,-1.5936944,1.8940413
-1.2746258,-1.5016003,0.46900427,0.5544826,-0.06814863,-0.91123474,0.06097792,0.58790576,-1.064571,-0.959242,0.13155545,1.5067586,-0.798811,2.9094343,0.3990324,-1.0813965,-0.5016469,-0.29384446,-1.3562381,1.2926112,0.039405607,-1.6635866,-2.2503133,1.3816227,1.0824094,-1.5857625,2.5237634,-1.9087999,1.439138,-0.8432329,-1.7949791,1.3796614
-0.5550825,-2.152401,1.3704945,0.43688792,1.7309773,-1.0030841,-0.86523104,2.806243,0.15468928,-1.9032748,0.14328267,1.5711063,0.87052464,4.61251,-1.1156379,-2.4787223,-1.4022723,-0.8950966,-0.6341251,0.92037684,0.7379817,-3.1085174,-3.7341225,1.9599056,0.56910926,-1.760064,2.2014563,-2.1294634,2.1193,-0.20260395,-3.0925064,2.909567
-1.3209504,-2.6289315,1.4233953,-0.66049594,1.2506263,-0.86863655,-0.20125917,0.92631525,-1.1488507,-0.7628411,0.98663664,2.0074904,-1.0254709,3.11639,-1.0477155,-0.53360057,-0.42573196,-1.5578587,-0.06717198,1.1589363,-0.47184634,-2.5265837,-2.7695606,1.4688591,1.6624686,0.65870726,1.9612529,-1.713178,1.0536367,-0.7461208,-2.5420978,1.9413992
0.15685052,-1.4347483,-1.2443832,0.14098042,0.13671209,-2.7948844,-0.5853182,0.38908118,-1.6718624,-1.949985,1.7716317,2.8312218,-0.806364,2.421045,0.69693834,-1.9125646,-2.0583458,-1.4064492,-1.082777,2.1653306,-1.3633726,-2.2806058,-1.9106265,2.2134137,1.2559803,0.31948656,3.8557754,-1.8972919,1.1184516,-1.8630136,-2.8551211,1.8891288
-0.9987696,-1.8070052,0.10388584,-0.45820516,-0.4619503,-1.9732329,-0.4920025,0.031178849,-1.5677356,-1.8979127,1.7592951,1.4074454,-0.8373252,3.90989,0.22284333,-1.9626737,-1.8318125,-1.0245236,-0.39948326,1.8724593,-0.1659204,-1.9855142,-3.3203936,1.9009156,2.1325195,-2.3552854,2.919483,-2.5564682,1.2697434,-1.3232704,-3.150436,1.1185004
-1.5635163,-1.6952574,1.6777517,0.5351665,-0.26044378,-1.7832671,-0.77462703,0.7880619,-0.9812193,-0.8557181,1.5383757,2.7411878,-0.3958938,4.4316216,-0.6184186,-0.89877886,-1.2937716,-2.035864,0.22026052,1.5794029,-0.4664548,-1.5704576,-3.0459158,1.8558174,1.360539,0.26750955,0.89817226,-1.1784781,0.57114786,-2.2153099,-3.63271,1.511267
-0.7755443,-1.725542,0.108360834,0.2509041,0.44515586,-2.2493086,-0.6576692,0.96710926,-0.48294064,-1.4676687,0.120138906,2.2594638,-0.14954086,3.4584014,0.98764426,-1.7635455,-1.0901744,-0.20973933,-1.1183094,2.157813,0.47493282,-2.4524486,-3.0953844,0.8729075,0.3239462,-1.4246415,2.8014326,-2.3192558,2.3617344,-1.787547,-2.929078,2.1951828
-0.4778342,-1.779279,1.6422998,-0.83229035,1.1689501,-0.7670819,0.8034396,0.76033986,-1.0288615,-0.41638482,1.0207014,1.1586187,-0.6735909,3.6443322,-0.926794,-1.4283952,-0.009070501,-0.628746,-0.45883173,1.3482884,-1.2735047,-1.9625952,-1.6781425,0.8021362,1.462975,-0.7171622,3.1223638,-1.8303642,1.8869556,-0.25852057,-2.2729661,2.3655024
0.1405275,-3.2733734,0.7135965,-0.86639327,0.29020256,0.71442014,-1.2636442,1.0637709,0.108064145,-2.2505953,3.63567,2.4887364,0.29136616,1.0659249,-0.37049943,-0.20359911,0.27097315,-1.6157118,0.19421117,-0.15199077,-1.60887,-0.2149649,-1.3069521,2.566445,1.1810098,0.12124263,0.17552885,-0.76082444,1.6779355,-1.5473802,0.8542939,-0.013237245
-1.5487642,-1.9537919,0.84576327,-0.018556252,0.72593284,-0.5513299,1.3276494,-0.16143505,-1.6831056,-0.6746811,-0.11571507,0.7618276,-0.9575239,3.2461133,0.14846769,-0.87777436,0.16597345,0.2352633,-1.0662781,0.70667493,-0.2713052,-1.5350854,-1.5125071,1.2913575,1.3600935,-1.4606019,2.0908227,-2.3257003,1.3059243,-0.4669237,-2.033764,1.7864531
-0.69551706,-1.1788228,1.0325778,1.3125552,1.171123,-1.1559596,-0.1848827,0.60425884,-2.139438,-2.1421323,1.2398098,1.2546343,-0.7823157,4.155265,0.87767166,-1.7694609,-0.5875569,-1.7853178,-0.9091032,0.96233827,0.5959909,-1.7399821,-2.2016199,2.6440659,1.8039876,-0.7984515,1.0761464,-2.3819385,-0.23061812,-0.40464792,-3.2363682,1.8921139
-0.94209516,-1.2395109,0.024658985,-0.18118201,0.18865658,-3.0914078,-0.027472943,0.5308985,-1.6534321,-2.5803497,0.35779154,2.0190735,-0.8701713,4.8768644,-0.7564438,-2.8212461,-1.3625685,-1.5868695,-0.6154241,1.2237235,-1.5378344,-1.4138137,-2.1625555,2.825505,1.3032166,-0.49550167,2.66548,-3.1639404,0.15162522,-1.4313806,-3.043711,3.2978888
0.6379138,-1.2100842,2.5422182,0.9467777,-1.1761129,2.2827826,2.3876379,2.2561615,-3.0998876,-4.9128227,2.4298415,-0.73800176,0.19115275,6.6064787,2.4863703,-4.281051,0.7077248,-1.6763631,-1.9033003,1.4172623,-4.074449,2.1582713,-2.7548938,4.33501,0.6122625,0.3445168,0.123270705,-2.513811,3.1486413,-0.62160873,-1.4189173,0.6381118
-1.0386816,-2.2006233,1.8150189,-1.1192938,1.6019065,-1.1260486,0.8519248,0.5120594,-1.4433196,0.20880216,0.84031576,1.536283,-1.0624511,3.7202568,-1.2058935,-1.0745304,-0.8373523,-0.6121266,-0.44386965,1.7385765,-0.8240285,-2.8939087,-2.2993715,0.83554053,1.9575771,-0.10522684,3.2525816,-1.9717212,1.4459329,0.05970362,-3.2401378,2.863797
-0.767418,-1.1376874,-0.49290586,-0.26625115,0.19763447,-1.069011,-0.99221265,1.1023031,0.12693867,-0.4750532,0.89061344,1.965148,-0.28096327,1.5582416,0.010249555,-0.64041656,-0.43134105,-0.81947845,-0.37946093,1.3306043,0.29406586,-2.3079987,-0.7032682,0.73348343,1.7485934,-0.5912571,1.4251835,-1.0130091,1.6637884,-1.736168,-2.1060169,1.0786775
-0.8473038,-1.6483471,0.37524968,1.4539438,0.91784596,-0.30690843,0.1052015,0.48292455,-1.8550403,-0.68649524,0.23275608,1.8068981,-0.8567933,2.8507671,0.12720707,-0.7917831,-0.27421367,-0.20233798,-0.9699587,0.52611536,0.29361373,-1.7301997,-1.950408,1.5355208,1.4972934,-0.8314596,3.1844823,-2.2387645,1.2330152,-0.22835428,-3.1096246,1.5995182
0.491245,-1.4524963,1.8486569,0.62008816,3.3578827,-1.6303207,0.20411426,0.9318417,-1.2213837,-1.1172596,-0.46558303,1.2646511,-0.71979606,5.1997366,-1.6279837,-2.1936817,0.038407996,-1.1645156,-0.61963445,0.2591965,-0.22095138,-2.5732622,-1.6416333,1.5050101,0.55937487,-1.3609564,4.060452,-2.7859228,0.40610754,1.8761404,-3.5296552,4.252211
-1.9215754,-1.8563609,0.18277447,0.11759116,-0.15223613,-2.2525358,-0.63869935,0.9782643,-1.0966411,-1.2953659,0.45157653,2.2848299,-0.9232346,4.4075294,-1.5311863,-1.3612827,-1.5182611,-1.3129674,-0.3587386,0.93409353,-0.24631019,-2.2299817,-3.2612712,2.789064,2.465149,-1.4637696,3.1332426,-3.3600745,0.11883699,-0.81843966,-3.4382207,2.374152
-1.9045013,-1.6533424,-1.5181638,0.11560397,-0.11131555,-2.0162234,0.10770017,-0.23543955,-2.4652872,-2.0670667,-0.06549999,1.4091218,-1.4948189,3.6162047,0.4643892,-2.1515996,-1.4362121,-0.39693666,-0.80340344,1.0120162,-0.23595203,-2.3116107,-2.1582918,2.77835,2.7579238,-1.9970477,3.5582328,-3.9031475,1.1557645,-1.2235432,-3.8316388,2.0437315
-1.4906297,-1.3124256,-0.51260406,0.7007811,0.27862582,-1.7616382,-0.53907275,-0.06669473,-2.1561954,-1.947027,0.58019865,1.7074001,-1.2730962,4.5543637,-0.7726614,-1.988934,-1.3354901,-1.3422737,-0.13461193,0.27942908,-0.73128027,-1.4459229,-2.094079,3.2155187,2.3619561,-0.95050967,2.6718936,-3.3305345,0.12012364,-0.9218023,-4.0158534,2.3409653
-2.2013965,-2.321868,-0.78208405,0.029403735,-0.78378403,-0.7802888,0.29393116,1.3967794,-1.6821725,-0.7973486,0.8703963,2.8055813,-1.3594202,3.433526,-0.4877748,-0.56623435,0.5501708,-0.25270185,-1.0026563,1.7274209,-1.4650773,-1.7798297,-2.4037836,1.5355521,2.059539,0.43211538,3.3185558,-3.6137035,2.1948159,-1.4247209,-3.3149416,1.4838177
-0.7038719,-2.1231177,0.6726873,-1.0827289,1.4131539,-1.4011183,0.93457454,-0.055635102,-1.052604,-0.13975444,0.59916043,0.9057011,-0.7703619,2.388037,-0.83854574,-0.91793096,-0.8945726,0.08249071,-0.6448662,1.3768418,0.39766315,-3.2847557,-1.9829845,0.76819646,1.8351337,-1.8958193,3.7898633,-1.9152162,0.93126774,0.4660723,-2.0723472,1.7862406
0.70491374,-1.0605251,1.8251907,-0.002529785,1.8581648,-0.75957465,0.72724414,0.30142975,-1.1044955,-0.82740974,0.9871729,1.1412455,-0.07096505,3.5372884,-0.44338387,-0.9362635,0.42843485,-1.3186642,-0.12573993,1.5338584,-0.120368,-1.823535,-1.8136243,0.28163755,0.8707478,-0.5766096,2.4384654,-1.4677588,-0.29705232,0.9946791,-2.5930479,1.3051268
-0.04870536,-0.57864344,-0.6895883,0.15617272,0.17100868,-1.5350598,-0.4378348,1.1415769,-0.8654351,-1.8286313,1.4900534,1.8796197,-0.12347486,2.305322,1.1888144,-1.9711246,-1.3565353,-1.2091268,-1.2880886,1.9601036,-0.4415676,-1.7985777,-1.3238242,1.7286587,1.5056493,-0.4009066,2.0377853,-1.8257438,1.5186226,-1.475519,-2.4403527,1.5520313
0.0451684,-4.7078342,1.4885099,0.101447076,1.5486567,1.4822483,-3.213449,2.9399762,0.8471713,-2.3461926,4.1869974,3.9486468,0.1870304,1.2817838,-1.3381084,-0.05830866,0.18784651,-2.6887014,-0.14759299,-1.0540421,-1.8524952,-1.5159591,-1.9766219,3.496223,0.54557574,1.2160602,0.47407702,0.21526715,3.6606064,-2.0601573,0.73524255,1.1827637
-0.32433063,-1.7855148,1.6789248,1.4214281,-1.6263206,2.0693836,2.3888435,3.1117556,-2.4594674,-4.368951,1.9074253,0.7943049,0.95965433,6.861678,1.3949261,-3.8097975,-0.12754577,-0.7417245,-1.7781537,1.7674613,-4.1026573,1.6468227,-4.173264,4.2070518,0.48042184,0.38359824,2.1727934,-3.070759,3.5750592,-0.7673931,-1.7899904,0.71826136
-1.1243432,-2.3070683,2.1529827,-0.63583636,0.63322175,-0.37134346,1.2954751,0.8997146,-1.4108802,-0.38509172,2.3187377,2.312737,-0.5222927,4.6208463,-1.5975477,-0.847407,-0.4195153,-1.1027324,-0.41777402,1.7871749,-1.486269,-2.358758,-1.6368222,2.0364552,2.4640908,0.2433537,2.752587,-1.5503956,1.3799402,-0.58375025,-2.8146968,2.1431673
1.5890689,-0.42639622,-0.25413266,-0.44633186,2.5451787,-2.631255,-0.8619643,-2.6670952,-2.695267,-1.7171252,-0.8721335,-0.98443294,-3.6945999,0.58459675,-0.09485011,-2.1744192,-1.2749143,-2.034072,0.38537157,-1.6774102,-1.8242813,0.22744924,-0.66651106,1.9618651,0.14217463,1.5359921,2.2660153,-1.1698502,-1.5974365,0.6878688,-0.71394736,2.919938
1.5016567,-0.06439044,-0.39608586,-0.68887675,1.7250047,-3.3647213,-0.2551776,-3.8034933,-3.2808182,-1.8025681,-0.9320198,-1.3883108,-4.237608,1.4269044,-0.010885164,-2.5248466,-1.1070571,-1.8865944,0.52387434,-1.1022495,-2.8834193,0.70146036,-0.112656504,1.580842,0.21587792,1.6022762,2.8467138,-0.97612596,-1.5327412,0.41012257,-0.603958,2.747412
-0.010786144,-3.0117872,0.7002408,-0.14693613,0.7996673,0.80572045,-1.5860269,1.4621074,0.3906429,-1.550628,2.75348,2.574098,-0.093415074,0.6169387,-0.61122155,0.18531966,0.16084874,-1.629162,-0.14431976,-0.42849544,-1.0335761,-0.9615737,-1.04702,2.1205406,0.70535517,0.6559618,0.3588839,0.08391465,1.9600832,-1.356623,0.6568321,0.4709969
-0.6079675,-1.3224146,2.794981,0.30646753,2.3311784,-0.20070028,1.3009179,0.65300375,-2.008264,-0.5461985,0.6414599,0.87873733,-0.74834883,5.327461,-0.97114164,-1.2490425,1.1720238,-1.2184433,-0.43263483,1.3174719,-0.048286125,-2.1634996,-1.6391459,0.9854889,2.2500691,-1.0944095,2.7985826,-2.7528336,-0.14545006,1.3679415,-3.4664164,2.5427082
-1.1286019,-2.2502162,0.63743967,-0.060121536,1.719857,-0.09245907,0.12163986,2.5745802,-1.4869207,-0.78479886,0.25542873,1.3061767,-0.5667469,4.62228,-1.5435952,-1.7809683,-0.41919056,-0.91777235,-0.67892843,0.34046054,-0.97311467,-2.5787907,-2.9043825,2.3460712,2.0376456,-0.5331661,3.277862,-3.9847057,1.472186,0.8479725,-4.0596867,3.0296724
-1.0135621,-1.5805151,1.3772084,0.6982596,2.4920611,-0.7420169,0.6536547,0.9375468,-2.4903672,-1.8276963,-0.52274036,0.79364324,-1.6629125,5.0000377,0.5769228,-2.054673,0.22771677,-1.7187093,-1.3973763,1.3930507,0.0012176093,-2.568594,-2.9531562,1.9670559,2.2110474,-0.8955385,2.808376,-3.8064582,0.46448207,0.5691447,-3.9871323,3.022593
-0.97191834,-0.7005357,-1.4848899,-0.14768794,0.38387808,-1.3676667,-0.69802713,0.5119659,-1.584677,-1.1999846,0.89239573,2.0353255,-1.3648266,2.7267363,-0.5389089,-1.2228391,0.21841466,-1.6060431,-0.30333972,1.2839096,-0.17497845,-2.3482983,-0.4814776,1.4782394,3.4921129,-0.56867945,3.412109,-3.1368375,0.24902779,-0.6803368,-3.6298945,1.4470887
-2.3633997,-2.180258,0.48477006,1.808504,-0.20055127,-2.1388981,-0.11893647,0.27716714,-2.3301861,-2.1787515,-0.7226797,2.3390265,-0.94186634,5.612628,0.66187936,-1.4202613,-0.38639885,-0.4052292,-0.7581586,0.8783054,0.31655678,-1.2947229,-4.3778114,2.592053,1.0992042,-1.9078183,2.7443702,-3.9551795,0.6741388,-1.6429769,-4.454673,2.0035114
-1.3656683,-2.581882,0.79773694,-0.33660054,0.44882783,-2.8261955,-0.40759566,1.6417209,-0.3094775,-2.3575475,0.6152456,2.584873,-0.22770122,5.2241864,-1.5044565,-1.760483,-0.40060747,-1.3011076,-0.7325426,0.6867027,-1.1570576,-2.0947719,-3.431282,2.973063,0.89281845,-2.2666507,3.0283623,-3.7082293,0.892825,-0.88929486,-2.6645455,3.1316125
-0.89132863,-1.801078,1.7457452,-0.6770514,0.46462998,-0.7203218,0.7593145,-0.21946882,-1.1858301,-0.51338637,1.0407822,0.8282588,-0.98653525,3.2124066,-0.07956864,-0.8613033,-0.7255069,-0.84176594,-0.28442216,1.8423015,-0.16004883,-1.9287795,-2.522006,0.7342731,1.7383882,-0.86196786,1.9058553,-1.0091772,0.7472389,-0.5351728,-1.9286436,1.0364399
0.9228921,-1.0638578,0.8933723,0.0700908,1.2123306,-1.8421085,-0.6944441,-1.6957015,-2.0602274,-1.1546239,0.57942903,0.123964176,-2.3356109,1.2228916,-0.19134228,-1.5674765,-1.9076941,-2.1270845,0.31806624,-0.7159013,-1.932731,-0.05170864,-1.3862393,1.9717628,0.2260465,1.4315662,1.7019156,0.14894775,-0.45567757,-0.38219908,-0.5567598,1.9072709
-1.060854,-1.8152126,0.5600444,0.5105684,0.7039682,0.086532936,-0.13596922,1.0211201,-1.0428598,-0.14809772,0.7017296,1.3253905,-0.6527604,2.6801865,-0.45637697,-0.58081174,-0.42064208,-0.10828366,-0.71034545,0.8511935,0.2235482,-2.2573109,-1.6336708,1.2736933,2.1305447,-1.3729655,3.0069482,-1.5742899,1.9066157,-0.43310162,-2.5125566,1.2117025
-0.22228764,-0.9742344,1.0275668,0.08988819,-1.1556487,-1.6919578,-0.12841359,3.1639018,-2.1650305,-3.8872602,3.1619372,1.382164,0.80260104,7.101929,-0.11685844,-4.3898582,-2.8708527,-3.0736525,-0.08738842,1.7112428,-2.928312,-0.40768752,-4.205145,4.8296933,2.3183625,-0.0010916367,1.5867429,-3.5752249,1.4023658,-1.4296451,-4.782467,2.048649
1.9247785,-0.84587777,1.1719775,-0.19899656,3.0828445,-4.4937553,-0.45094663,-3.7396195,-3.3564444,-1.908406,-0.24566716,-0.69499314,-4.2539043,3.062993,-1.2982242,-2.7474744,-2.5774329,-3.3172932,0.973332,-1.6835103,-2.999183,-0.4236157,-0.8823175,2.8614118,0.14063624,1.6474453,3.1784182,-0.18029,-2.2240958,0.74495804,-1.623935,4.368011
-0.9057424,-1.7830094,0.42301244,0.009999536,0.99223095,-0.7025318,-0.2778928,2.060641,-0.39676028,-1.5842361,0.9961157,1.3687648,0.5336837,3.3564253,-0.6857544,-1.8898804,-1.3369877,-1.0046642,-0.69842416,0.38649422,-0.4856639,-2.1280534,-1.5806197,2.5672894,1.2365037,-0.88926506,1.3310858,-2.0327783,1.6773015,-0.67132264,-2.301719,2.42097
-1.1542372,-1.6601428,-0.42068744,1.2472013,0.6820265,-0.2419671,-0.2305145,0.805811,-1.835411,-0.74239767,-0.5474448,1.3026989,-1.1368469,2.328624,0.2247509,-0.8613931,-0.71840966,-0.006469287,-1.2360648,-0.12176996,-0.15726633,-1.322713,-2.1513457,2.0604787,1.1248639,-0.5617982,2.8014166,-2.6185412,1.1808774,-0.33968255,-2.625026,1.8327967
-1.0721865,-1.1525227,1.2344403,-0.32332724,-0.18163809,-1.1800102,1.5105597,1.0028846,-1.0940903,-0.099831134,1.0245326,1.5738564,-0.60058075,4.4594646,0.30963475,-1.1698792,-0.08182123,-0.29851496,-1.3844963,3.2868185,-0.82054603,-2.1705472,-1.8585564,0.15628508,1.5056186,-0.48305514,2.8445878,-1.5616766,2.1453965,-1.1245891,-3.0024683,1.6473438
-0.42172173,-0.9138884,1.8306547,0.1990847,0.94812757,-0.0748824,1.1196182,1.324469,-1.4071381,-0.6807628,0.9569653,0.5597217,-0.23466837,4.1743174,0.3196842,-1.4284953,-0.43289602,-1.4390415,-0.912747,2.313684,-0.6423823,-1.9675931,-2.7766023,0.7634593,1.4952445,0.11531317,2.2492206,-1.2716455,0.6470981,0.23114863,-2.9497304,0.8029505
-0.8602509,-1.1031008,1.762337,1.7451549,-0.20806777,-0.61873674,0.00047069043,0.47059178,-1.4910537,-1.1762785,0.37897334,1.9994416,-0.53996956,3.853005,0.6157934,-0.68472594,-0.2940841,-1.1191733,-0.62698877,1.4763864,0.43558165,-0.83406866,-3.558986,1.0767957,1.0435262,-0.29841042,1.9361292,-1.2868034,0.2634647,-1.0379437,-2.8453708,0.5482375
-1.0387151,-1.2989478,0.09084268,-0.9089189,-0.45276242,-1.027036,0.40552998,0.45988378,-0.78482974,-0.06555237,1.1744783,1.5121095,-0.4159997,2.0565503,-0.27514517,-0.72311044,-1.3212137,-0.44249588,-0.08361172,2.511455,0.025240904,-2.577962,-2.1004841,0.40573856,2.522378,-0.55567425,3.1012948,-1.2902812,0.9967375,-0.8270505,-2.568033,0.3551794
-0.09097867,-0.5941578,2.8790803,0.74352336,1.6950388,-0.6866259,1.0979236,0.65768135,-2.1459882,-0.9440962,0.42502052,0.6106524,-0.8548778,5.415165,-0.3660152,-1.7085373,0.20731679,-2.076269,-0.24040169,1.250959,-1.0305063,-0.98332274,-2.7503955,1.2291261,1.0178521,0.5310968,1.6310711,-1.9431343,-0.7337925,0.81636894,-3.6922352,2.043165
1.6311638,-0.08535388,1.3140563,-1.2723509,1.424768,-2.9422076,-0.24181554,-3.7575693,-2.4485724,-1.6492618,-0.40055662,-1.9542003,-3.1768332,1.8907971,-1.0183824,-2.2762244,-1.768525,-2.6205227,1.7067366,-1.5281718,-2.763445,1.2085007,-1.1205503,1.5228146,0.1585255,1.4505845,1.5813836,0.047542512,-2.3670788,0.9127921,-0.08572097,2.03709
0.8164594,-1.081112,0.50292313,-0.06275529,1.4332967,-2.4610198,-0.42610282,-2.397549,-2.4265192,-1.2333472,-0.15667841,-0.17327791,-2.9301295,1.3499582,0.17068584,-1.3292533,-1.2651381,-1.7800786,0.23406799,-0.8562522,-1.6261808,-0.24324624,-0.6358281,1.7505624,0.1496913,1.1070046,1.6849678,0.03992915,-0.6101275,-0.6198996,-0.88427496,2.09285
2.2603648,-1.947315,-0.2701959,-0.011479139,1.3593867,0.38944328,-2.2290459,1.8339591,0.079774916,-0.9389074,1.5815387,1.7362746,-0.17557588,-0.85160434,-1.1463001,-0.9698555,-2.053306,-1.2988651,-0.17768013,-1.6348702,-1.1843829,-0.5438818,-3.4997072,2.5263834,-0.75431144,1.2304915,2.5757365,-1.4623128,-0.03140346,0.93782157,0.056978732,1.037259
-0.9119986,-1.2974164,1.0861826,-0.18526705,0.5655791,-2.6286035,0.22977918,0.02332363,-2.0554993,-1.1476971,1.1180611,1.8862348,-1.1770102,4.5834002,-1.2320472,-1.709014,-1.8543429,-1.8555095,0.17971252,0.996332,-0.63472176,-1.6509982,-3.313883,2.7541928,1.9489874,-0.5547587,2.5859826,-3.0517836,-1.280271,-0.019789958,-3.7126818,2.526822
-0.73862934,-1.0712601,2.2584848,-1.1645483,1.706845,-0.5813244,0.7353616,0.43829963,-0.655491,-1.0561402,-0.09618598,-0.15150708,0.014577627,4.054354,-0.67032146,-2.0801926,-0.5544479,-0.4929543,0.14692667,0.9369037,-0.16807826,-1.2918031,-2.615425,0.71922517,0.6338253,-1.5499631,1.1998861,-2.4032755,0.5969657,0.96350706,-2.144377,2.4508104
-1.6432946,-1.9490497,0.11700734,0.25406647,-0.062616184,-0.9677913,0.038799454,0.2939443,-1.5567462,-1.021635,0.13527617,0.99309206,-1.0946313,2.920331,-1.2440735,-1.2000834,-1.8686347,-0.4243335,-0.49408287,-0.32536858,-0.9087209,-1.2509456,-2.9052866,2.9776435,1.3036844,-0.49716404,2.3351462,-2.4082694,0.1777718,-0.19555685,-1.9685802,1.790798
-0.85978067,-1.9238102,1.736947,0.2912932,0.40454298,-0.25836033,0.28572753,4.1622233,-0.87617457,-2.6228497,1.5008756,1.6057159,1.1114309,5.820354,0.10630075,-3.1463182,-1.3794992,-1.6044226,-1.0649072,2.0268223,-1.245276,-1.634992,-4.12098,2.8790457,1.0187023,0.152678,1.0354762,-3.1640954,2.5192497,-0.9524077,-3.7296622,2.7487228
-0.6138921,-1.5609876,1.1157713,-0.56061643,0.9434617,-0.5832314,0.7174184,0.16055384,-1.3232847,-0.3543571,1.0151153,1.0633545,-0.8950245,2.6568534,-0.28979897,-0.73281807,-0.14154744,-0.7891603,-0.38680947,0.7756981,-0.7493555,-1.2875545,-0.88585615,1.197312,1.5183477,-0.3568902,1.7198411,-1.4614885,1.0287583,-0.18415053,-1.8845847,1.773136
-0.2828358,-1.4863029,1.291898,0.08634509,0.77632636,-0.95103633,0.42859688,0.7125072,-1.0414668,-0.80503744,1.2098969,1.7424778,-0.4683187,2.8333008,0.5858173,-0.98444736,-0.4070245,-1.5052575,-0.8875055,2.023764,-0.4540005,-1.7912496,-2.3950162,0.580693,0.31998008,0.6499592,1.1485332,-0.89378476,0.7532238,-1.068846,-2.0910056,1.0553397
-1.5770828,-0.75117356,1.0053643,0.7853346,-0.94436616,-0.06108481,-0.5043399,0.8051671,-0.59975815,-0.20396674,0.84865993,1.2382458,-0.33681542,2.9744754,-0.65908563,-0.6242761,-0.6841979,-0.68074834,0.5145787,0.72300303,0.15356626,-0.81610346,-1.3883902,1.4359839,2.4858463,-1.1195158,1.3559572,-0.88791,1.2173882,-1.0674826,-2.2932684,0.4450072
-0.77414227,-1.2030748,0.2618349,0.17685327,-1.1209643,-0.9411609,0.30039704,1.1364903,-1.790258,-2.0168622,2.5947099,2.199306,-0.6600625,3.400275,0.45848155,-1.7728704,-1.2162513,-1.7638996,-0.87014073,1.7951293,-2.1297562,-0.84629095,-1.5164409,2.8983319,2.2486093,0.36240643,1.9996789,-1.5747827,1.6913028,-2.1773949,-2.2316937,1.0740232
-0.46297604,-1.0558882,0.068082534,-0.41654795,1.1304746,-2.5679772,-0.3837494,-0.1450593,-0.8810922,-1.7037159,0.29021314,1.7296157,-1.0310769,2.564147,0.67661864,-1.0999016,0.2092531,-1.5935405,-0.57115054,1.6889998,0.21911842,-2.108472,-1.3983194,0.66391754,1.1660949,-0.59671223,1.7776414,-2.0960655,0.13383326,-1.0782323,-2.443488,1.8071432
-1.2516503,-1.7647016,-0.17401513,0.41532695,0.278025,-0.1716185,-0.36972708,0.3848198,-1.3296437,-1.0104183,1.1142442,2.0846753,-0.8332775,1.5789568,0.22031611,-0.31343564,-0.2084566,-0.8462738,-0.7005461,0.7775487,0.24706578,-1.4682828,-1.9445494,1.6192784,1.8155622,-0.3290528,1.7638336,-1.9545393,0.62483704,-0.86420393,-1.8026484,0.40595856
-0.010075765,-1.3386444,2.0713825,-0.831128,1.5433962,-1.6339774,0.5677909,1.5830216,-0.2582845,-0.7030364,0.53201747,1.3577052,0.33592507,4.4256587,-0.8362034,-1.8653688,-1.2894666,-1.4394352,-0.21283002,2.7312362,-0.8890722,-2.5624754,-3.788908,-0.10070458,-0.22209391,0.97237635,2.210626,-1.2516185,0.688167,0.0565402,-3.2330058,2.092699
0.6345426,-2.8898826,0.7730727,-0.37151688,1.297293,0.6419715,-2.2115884,1.5330588,0.5371362,-1.2420307,2.822816,2.3907838,0.27001995,0.0062917396,-1.1259176,-0.15488087,-0.8021851,-1.5305283,0.12980524,-0.86987495,-0.7325953,-1.0254592,-2.1987615,2.3424623,0.44212344,0.5084592,0.77435505,-0.55705345,1.1958563,-0.421698,0.37295133,0.53272843
-0.9013874,-1.1783804,0.7711324,-0.9552537,1.0599875,-1.1928834,-0.091090314,0.4417893,-0.62056386,-0.90925777,0.7473583,1.4034388,-0.5456298,3.1630883,-0.09859206,-1.176222,-0.03914617,-1.1759671,-0.43287176,1.8904825,0.1417426,-2.3900185,-1.4584528,0.33908695,1.8537221,-0.6939627,1.3903934,-1.9127777,0.7311184,-0.70279825,-2.5837111,1.6313413
-0.47351348,-1.2344174,0.8562954,-0.3527205,1.0898825,-1.2507713,0.3951544,0.15712923,-1.0195178,-0.8682543,0.5211294,0.18381688,-0.28784254,2.3166714,0.49938893,-1.7498745,-1.9773171,-0.54597545,-0.36882538,1.3201848,0.30969766,-2.1019776,-2.4750257,1.0090421,1.0992633,-1.2225529,1.5822749,-1.0213298,0.88286895,-0.3077729,-2.154853,1.481412
-0.18647256,-2.5959072,0.9184748,0.07046464,0.0506507,-1.9220039,1.2304553,1.8255397,-1.6219312,-1.6907657,1.3780534,4.0179825,-0.6993438,4.7654257,0.23350056,-1.5877113,-0.5466506,-1.3431268,-2.0322773,3.4425452,-2.2931302,-2.6599774,-3.997591,1.5313921,0.59482276,1.2090381,4.768625,-2.4369829,1.8905478,-1.9936463,-3.0735064,2.384203
-1.5654347,-2.3964226,1.1021781,-0.23483713,1.3791761,-0.5043225,0.24158177,0.62849265,-1.2058865,-0.6302193,0.414421,0.93743,-1.397688,2.950075,-0.90754706,-0.7003981,-0.06870665,-0.72220457,-0.79377985,0.02717159,-0.8051525,-1.9477268,-1.8745576,2.0300834,1.7578198,-1.0208615,2.4115899,-2.3737245,1.2737663,0.15034768,-1.7438066,2.2063196
0.33953148,-4.5884347,1.953047,-0.28228283,1.60731,0.8640188,-3.8010657,2.258292,1.1407617,-1.5842558,4.0590816,4.1122303,0.36132985,0.83557695,-2.8579023,0.1309359,-0.68968475,-2.8113208,1.0038515,-1.7305958,-1.4386907,-1.206846,-3.0007312,3.2894208,0.6432,0.866017,1.0036457,-0.32661366,1.9175224,-1.2203078,0.44963938,0.8128389
-1.4538933,-1.4554671,2.028318,-0.17463425,0.6873812,-1.6255181,-0.21709356,0.02582543,-1.1665446,-0.9933313,1.1851705,1.2506484,-1.0836589,4.8039603,-1.1766456,-1.0740172,-0.023797438,-1.6298405,0.34370506,0.8786198,-0.012089541,-1.5047698,-1.8735296,1.4944203,2.1432905,-1.3459587,1.1007884,-2.0973275,0.015837982,-0.47674936,-2.9062638,2.077817
-1.2126031,-1.2159594,1.7985945,0.043201968,0.5032492,-0.20307902,0.08817602,0.7844711,-0.64805585,-0.58904207,1.5512521,1.3537122,0.005037114,3.289847,0.40977156,-0.7388113,-0.11355453,-1.1492853,0.013531186,1.9192091,0.8886977,-1.9217205,-1.8787724,0.63410497,1.9733754,-0.8901195,0.20528752,-1.1243515,1.1307075,-0.97905236,-2.7543437,0.7164713
-1.8988414,-2.0679233,0.40693474,0.57123363,-0.34931278,-2.015233,-0.13231918,0.42532712,-2.127755,-1.0761514,1.3680583,2.8900235,-0.4508896,5.2109103,-0.79532546,-1.1442808,-1.5427095,-1.3724759,-0.27549404,2.123417,-0.24252437,-2.7198608,-4.032994,2.3431294,2.440666,-0.7813669,3.07611,-3.1342442,-0.2613136,-1.5706813,-5.03757,1.3494198
1.8149945,-1.4578131,3.1892204,-1.957258,-2.1660204,2.717909,-0.5872722,-0.31912848,0.043471918,-1.0905807,3.663349,0.07081077,2.673809,2.4455392,-3.3781614,-0.6385458,0.72683614,-0.6767555,3.8849406,-0.27582818,-2.6378663,3.3265717,-2.2001388,0.40961018,0.28663203,-0.19736752,-1.1017777,0.23184676,-0.33428955,0.5261379,0.9230228,-2.3950512
-0.17120278,-0.9151016,0.6620619,-0.05831614,1.892998,-1.0412526,-0.15854335,1.8360229,-0.55915046,-0.68427074,-0.28158176,-0.19943413,-0.08858103,3.6229632,-0.67012405,-2.5486197,-1.6844026,-0.5055396,-0.59799993,0.31870762,-0.58729523,-1.9837774,-1.5918219,1.5460038,0.71701294,-1.2757849,2.7599254,-1.9233162,1.9548875,1.0443723,-2.8920546,3.3874223
-0.7177095,-1.6884048,2.158956,-0.43994677,0.78508043,-0.4620404,0.8709271,0.75260425,-1.0022742,-0.57335615,0.91592544,1.7849665,-0.2471703,4.4546585,-0.9770457,-0.8404834,0.86924994,-1.2528447,0.057273135,1.7149738,-1.0433232,-1.6023722,-1.6379398,0.30042613,1.2186329,-0.06889474,2.2305894,-1.1782788,1.2233464,-0.6005154,-2.811531,1.4008926
-1.5784382,-2.0321934,0.7383024,-0.37915254,0.9149436,-0.34773228,1.2894205,1.812274,-1.7337017,-0.7836741,0.65033996,1.4734112,-0.91799504,4.2185116,-0.46145654,-1.2642658,0.45019197,-0.56325525,-1.3416352,1.6732355,-1.4044144,-1.9684879,-2.8199134,1.5048492,1.621387,0.10673304,2.6156974,-3.9173095,1.4734435,0.10674288,-3.107281,2.2735605
-0.35902283,-0.73865837,1.4807448,-0.23290725,1.9464617,-0.7595828,0.42026567,0.96736073,-0.81828,-0.5027516,0.11240311,0.767068,-0.24271065,3.7178733,-0.013747945,-1.4633373,1.0650816,-1.0927473,-0.18081518,1.8284961,0.35960528,-2.4763067,-0.9332441,-0.4609978,1.8378856,-1.0246834,2.0699675,-1.7212706,1.2663662,0.05067797,-3.3871596,1.9651
-0.8827594,-1.1989274,1.7070899,0.46955985,0.6157268,-0.015211798,0.2057683,1.3819597,-0.9423225,-0.4165191,1.2440356,1.6112937,-0.2423912,3.6890132,-0.7889551,-0.9804084,-0.69774026,-1.3171793,-0.48399216,0.9466928,-0.366802,-1.1969976,-2.5371468,1.7108823,1.6348813,-0.38805002,1.642,-1.9264772,0.5950091,0.14884517,-2.7273848,1.4335948
-1.7665036,-2.2903423,0.31968516,0.89922434,0.30470157,-1.6089824,-0.55591756,0.7569545,-1.6566843,-1.0244732,0.9297373,3.111633,-1.4193106,4.615929,-0.78392017,-0.85644895,-0.7011517,-1.1985373,-0.8604998,1.5433872,-0.010619668,-2.7965572,-2.9957414,2.1096435,2.3312047,-0.65530795,3.3825579,-2.9416783,0.9141174,-1.0237706,-4.1367083,2.298319
-1.1922805,-1.8812474,2.3167357,-0.96981037,-0.085252106,-1.3254706,1.2862228,0.95114315,-1.3347604,-0.013765663,0.84797865,1.1586937,-0.6277207,4.661388,-0.8318699,-1.3783098,-0.60794294,-0.8240117,-0.10540462,2.4166653,-0.8575826,-1.6765839,-3.7955065,0.37893808,1.5150937,-0.8361995,3.1537468,-2.2920437,1.0302272,-0.05345802,-3.1635327,1.573568
-0.538983,-0.6948833,0.30928975,-0.9507338,0.0848296,-2.2576022,-0.6491792,0.7125224,-0.37399045,-1.3897022,1.2833015,1.0088294,-0.25866053,3.2770207,0.94005865,-2.4190001,-1.9505988,-1.2051479,-0.2992866,2.7840838,0.5962179,-2.4322007,-2.886728,0.45915055,2.0000503,-1.9612207,1.6042749,-1.7822609,1.6604607,-1.4085286,-3.4606164,1.3938904
0.96663576,-3.2979488,0.4548964,-0.58731675,1.9471011,-0.04701094,-2.713006,1.2757148,0.3120316,-1.0522361,2.8497057,2.3390324,-0.5296881,-0.22642857,-1.3830794,-0.25032327,-1.1049315,-1.8297114,0.39072776,-1.4351238,-0.9113442,-1.4754101,-2.1010637,2.4368706,0.58032215,0.7476314,1.1268188,-0.6782546,1.087847,-0.4295757,-0.04221133,1.4574096
-1.5957917,-2.4533534,-0.001637578,0.39741725,0.67835164,-1.5852755,0.5499376,1.4077061,-1.8231302,-1.4227003,0.644288,2.6942868,-0.99766684,4.3392425,-0.2437564,-1.9679916,-1.5301621,-0.35588193,-1.7461138,1.777535,-0.26854375,-3.424876,-2.7586374,2.7194996,2.24608,-1.19782,4.1178503,-3.247834,2.289695,-1.030831,-3.8007798,3.3297408
-0.6263235,-2.210074,1.7507498,0.02474375,1.9375813,-0.5522192,1.206821,1.8859549,-2.1502197,-2.1219604,0.6082531,1.6780863,-0.48792994,5.7706594,-0.1373625,-2.090961,0.8185352,-1.5838774,-1.2210995,1.646773,-1.1677355,-2.0649827,-2.9097183,1.9160503,1.6174146,-0.58465743,3.059213,-3.9036076,1.0976716,0.13175434,-3.642853,2.9736102
-1.5508051,-2.5700188,-1.1074222,0.24301508,0.78241533,-0.7078528,-0.60188687,0.56545407,-1.5449592,-1.0366983,0.8838028,3.168815,-1.4401737,1.7005446,0.39971644,0.21446106,0.53157157,-0.41197872,-1.4265515,1.7548532,0.91011935,-3.527832,-1.9018347,1.3944203,2.6322124,-0.3523453,3.384625,-2.9675605,1.18572,-1.1977333,-2.8628023,1.0826205
-0.89386714,-1.35996,0.9652997,0.2019306,1.3776088,-2.5573945,-0.45402318,-0.1535763,-1.0566996,-0.53049594,-0.0013730526,1.5735632,-1.5525862,4.0478497,-0.75350046,-0.9912563,-0.024976626,-1.1227684,-0.43503255,1.0345573,0.116031095,-2.3628147,-1.4058576,0.55185145,1.1551809,-1.0766573,2.6168897,-1.794938,0.3352645,-0.30604976,-3.1093934,2.7827814
0.37993148,-1.8089114,3.1117043,0.97580093,-0.47569937,1.7349766,1.5250837,1.713869,-2.2047894,-3.497325,1.3536823,-0.23778334,0.55918086,6.287664,0.5237638,-3.4277198,0.035489514,-1.2201538,-0.64038646,0.39134416,-4.3189244,1.8995614,-2.3040001,3.6425383,-0.48957354,1.0413,0.5090685,-0.5954049,3.7117763,-0.82441276,-1.166531,1.703546
-2.133157,-2.6574283,2.4349189,-1.1330096,0.4636854,-0.27921546,0.9741689,0.79488534,-0.53832006,-0.33535588,0.93445975,1.4278235,-0.13058032,4.5310035,-0.72574675,-0.945822,-0.34276193,0.19738875,-0.30609348,2.248232,0.6659866,-2.962874,-3.4137788,0.740888,1.948595,-1.8301262,1.6870825,-2.1177127,2.260922,-0.8268566,-2.9034312,1.9184202
-0.50332534,-1.932046,1.8256633,0.5234711,1.7625213,-1.3614775,0.5370475,0.07941227,-1.8258499,-2.407827,0.11886078,0.7683816,-1.1567762,4.639293,-0.798669,-2.2640107,-1.3414371,-1.0935591,-1.2015221,-0.22583574,-0.8276291,-1.4298837,-2.817175,3.3928916,0.71248245,-1.709889,3.0303698,-2.755984,0.17188585,0.9515278,-1.5024657,3.4465842
0.7089839,-4.5916185,1.385638,0.28679937,1.5615354,1.2714324,-3.6117818,2.4836934,1.0398958,-2.3862116,4.2197304,4.0849824,0.09878101,0.8052083,-1.3841848,-0.18646699,-0.26556504,-2.7254212,-0.100869775,-1.233085,-1.9527948,-1.2879385,-2.4414842,3.3096905,-0.08787473,1.4448047,1.0798347,0.43939686,3.4070432,-1.9656303,1.156651,0.8842225
0.016445244,-1.829681,0.75298184,0.7527865,1.0487092,-3.3465016,-1.5151242,0.24462806,-0.52840495,-1.0860243,0.022728965,3.11762,-1.0568609,3.7345746,-0.9168654,-0.8714392,-0.53956056,-1.2460321,-0.46344596,1.0103394,0.17977336,-2.4085317,-2.9647226,1.0121415,0.49138358,-1.7112643,4.4897246,-2.0838442,0.5189501,-0.80439806,-3.1846218,2.709323
-0.8553131,-1.9432577,1.3524126,0.093625,2.311791,-0.69655305,-0.50612915,1.0915191,-0.8150041,-1.0367342,-0.15921178,1.0320492,-0.62126106,3.2539492,-0.40282047,-1.2003343,0.34395325,-1.0548816,-0.5183804,0.53915435,0.72084224,-2.2402613,-1.9323878,0.8918116,0.85681766,-0.95907223,1.6377617,-2.2560499,1.0402027,0.36637688,-2.4923513,2.453227
0.19124214,-1.7811766,-0.275284,-0.025255673,0.26388437,-0.9386773,0.7184942,2.7831655,-1.496034,-2.3991024,2.3362012,3.0055802,0.20175609,4.3419056,-0.048140004,-2.4434574,-0.962421,-1.476889,-1.8566352,2.8900983,-2.4389243,-2.6830337,-2.611156,2.767526,1.613969,0.288447,5.097627,-3.02213,2.463674,-0.67141134,-2.851246,1.9775536
-0.49364462,-1.4148086,1.354464,-0.78007054,1.636333,-0.22484885,1.3728926,0.3661236,-1.585726,-0.59120274,0.30169207,0.061735924,-0.89966375,2.6904652,0.1362764,-1.5873023,-0.85853463,-0.53534466,-0.8371753,1.725889,0.0010941476,-2.4117162,-2.4208064,0.64733607,1.4353067,-0.45175466,2.3102121,-1.7206367,0.6867846,0.86190313,-1.9582494,1.5542889
-1.1011908,-1.878451,2.5133233,-0.058335543,1.4371026,-1.4793416,1.023486,-0.54583955,-1.8184297,-1.0702782,0.28003788,0.7841874,-1.2548481,4.777059,-0.35460567,-1.1792507,0.100651085,-1.3739429,-0.1890617,1.3771493,-0.02839298,-1.9939609,-2.5825825,0.89297223,1.3612208,-1.2424693,2.0849695,-1.5718783,0.10162359,-0.2506952,-2.6352887,1.9412912
-1.1046525,-1.2419481,0.29421613,0.4949516,-1.0797207,-0.32704607,0.70473313,2.2721446,-1.1122348,-2.0109446,1.397093,1.9114904,0.45402938,4.077952,1.0119811,-2.1656551,-0.9452528,-0.6540042,-1.4915003,2.815192,-0.51978797,-1.4316697,-3.0693336,1.754396,1.6018126,-0.66591895,2.6159153,-2.4646175,2.5220664,-1.3450263,-2.6534004,0.82173944
-0.44663212,-1.4666224,1.3055074,0.14724167,0.6569149,-2.2929904,-0.5080951,1.3680838,-0.76799464,-0.07539505,1.0273234,1.9703822,-0.5525716,3.9081407,-0.73563427,-1.3880769,-1.799656,-1.5297841,-0.23206916,1.941726,-1.1262032,-2.1678472,-3.1512916,1.0418636,0.56620395,0.44199345,2.9862442,-1.1004616,1.3643368,-0.9240156,-3.4679909,2.32268
-0.333863,-1.1915165,1.9716233,0.47229302,1.7889483,-0.6847711,-0.6396641,0.82451016,-0.8512778,-1.0295848,0.4574317,0.86266,-0.50969887,3.7698522,-1.6983103,-1.1107485,-0.20545734,-2.062199,0.48175317,-0.48214188,-0.613901,-1.0629605,-1.6802684,1.9866675,1.3788987,-0.39603612,1.4192244,-1.6412975,-0.5152965,0.91173613,-2.304386,2.1082432
-0.13662724,-1.3940314,1.3735253,-0.08819196,1.0799255,0.10141887,1.0283457,2.2794406,-1.1005276,-1.420566,1.5905629,1.6055486,0.77596486,4.8711963,0.3283625,-2.1691372,0.13827163,-0.8185974,-0.95915025,2.7085025,-0.5569734,-2.0600045,-2.428869,0.76178575,1.3674301,-0.2703279,2.2902882,-2.389344,2.084643,-0.3570635,-3.5669334,1.759474
-0.9300704,-1.345781,1.2524457,1.3727026,-1.6705542,0.5949552,1.1582519,1.8676628,-1.990388,-3.3549435,1.5776076,1.0379499,0.1371778,5.3249006,1.2040535,-2.8099947,-0.9862968,-1.2397141,-1.2512724,1.104518,-2.591641,0.90815413,-2.6530988,3.8313382,1.0294937,-0.42768887,1.0533246,-1.8167516,2.4639082,-1.8305323,-1.6643262,0.6717752
-0.7086323,-1.0700982,0.46663812,0.6546166,1.4064298,-1.104212,-0.8312164,0.808678,-1.4884226,-1.0705677,0.013733946,0.71091515,-0.40771395,3.578815,0.18059583,-1.8778539,-1.4052154,-1.2789321,-0.0067567676,1.2710521,0.93953216,-2.521871,-3.358135,1.1395537,1.6177325,-0.8838557,2.0710142,-2.1500425,0.29265887,-0.2890076,-4.3574424,1.3260465
0.03899969,-0.92105556,2.18534,0.7880673,1.4922941,0.617347,1.3919855,0.8889896,-1.8635678,-0.89878285,0.914945,0.51574486,-0.28849435,3.723184,0.52393687,-1.4361823,-0.07189445,-1.0922492,-0.93085325,1.3198086,-0.31122857,-1.2482468,-2.4429245,1.1391108,1.1355443,-0.104548894,1.6340059,-1.5647475,0.15285178,0.7551474,-2.5534382,1.0924817
-1.5277896,-1.7786611,1.5622319,-0.49627113,0.58631647,-2.056014,0.7259256,0.120462544,-1.1237347,-1.4887617,-0.33993217,1.1534983,-0.99606144,5.286787,0.024061486,-1.5369759,0.94046843,-0.24256995,-0.49491632,1.5608732,-0.4265791,-1.3470557,-2.9564724,0.4895565,0.35470733,-1.5418509,2.3936627,-3.3200986,1.5488836,-0.4108401,-3.0542243,2.5978246
-1.5999714,-2.1659257,1.2448165,0.41709554,1.2844021,-0.418132,-0.6690822,2.6587143,-0.62676406,-1.1440703,1.3156483,2.862163,0.2505867,4.927066,-2.0381842,-1.1827509,0.40647328,-1.4128088,0.12827756,0.10002988,0.024821306,-2.124173,-2.0578315,2.8041308,2.5877583,-0.78451496,1.6345811,-3.6783483,1.1054581,-0.5269663,-4.0382442,3.0700374
-1.4851524,-2.196314,1.1598572,0.6753177,0.83339775,-0.83267957,-0.6069123,1.7548187,-0.68354416,-1.3817192,0.2612064,1.9537559,-0.27448156,4.467566,-0.83535796,-1.2778248,0.044409916,-0.88785565,-0.39181787,0.06856601,-0.25504702,-1.3130828,-2.6500442,2.225409,0.88473123,-1.1155086,1.6295716,-2.8442621,1.6190131,-0.732052,-2.801965,2.5370064
-1.3024815,-1.9777659,2.7207274,-0.26006895,0.46155268,-1.3542207,1.230529,0.103580944,-0.98524714,-0.26131728,0.5204815,0.82369494,-0.6914884,5.9132233,-0.73449254,-1.2024329,0.21275488,-0.16929422,-0.17635171,1.8935266,-0.5035641,-1.2541325,-3.3102293,0.21087265,0.30426285,-1.662681,1.8998127,-1.9724939,1.0787727,-0.22886327,-3.0646765,2.0208738
-1.2939466,-1.5539957,2.4686365,-0.14985175,0.79749644,-0.8954208,0.046231166,0.08297777,-0.8385583,-0.095019266,1.019371,1.7723285,-0.8064109,4.0116763,-0.788257,-0.14903913,0.4471562,-1.6557715,0.5979763,1.7648579,0.45750135,-2.1574082,-2.8064961,0.21055731,2.0763774,-0.600942,1.4279917,-1.2304447,0.106482044,-0.45616588,-3.1223693,0.87816834
-0.4694356,-1.3074017,1.4676716,0.36687672,1.2884536,0.018038513,0.82345873,0.80553406,-1.1654763,-0.5965342,0.048157245,1.0250163,-0.34018806,3.0658734,0.32729217,-1.2613747,-0.34574196,-0.25503036,-1.0888531,1.8428842,0.38827088,-1.9786804,-2.7878196,0.3468498,0.56292915,-0.15283155,2.270228,-1.4609592,1.1267519,0.13778804,-2.3280168,1.5354362
-1.263617,-2.1543095,-0.32615206,-0.17132774,0.66081774,-4.499138,-0.7356162,-0.6275175,-1.9816242,-1.4667095,0.81576085,2.392456,-1.8220137,4.6542616,-1.1426779,-1.9263215,-2.2349877,-1.828192,-0.29090685,1.2899086,-0.63761604,-3.2247283,-2.2996519,2.5042975,2.0297022,-1.417943,3.8817139,-2.3651667,0.28185967,-1.6648622,-4.205949,3.2206087
-0.7002768,-1.9395977,1.1018226,1.7734476,0.42495036,-0.67002696,0.20239872,1.2739689,-1.3530452,-2.892261,0.37467492,1.9121572,-0.115252614,5.0432234,0.13152555,-2.0474582,0.045358017,-0.87995565,-1.6325262,0.29992372,-0.99976766,-0.77893686,-2.9643674,3.1842983,-0.17093596,-1.104671,2.0161035,-2.6028976,1.2094983,-1.1709445,-1.9480008,2.2045715
-0.60122114,-1.1123551,-0.76683885,0.57674444,-0.7098205,-2.6200657,-0.41860723,0.7413519,-1.3978293,-3.1007755,0.70071006,2.3167741,-0.21935654,4.1740146,1.0648748,-2.5095332,-1.5751001,-1.2129154,-0.85681,2.192176,-0.5113441,-1.7675843,-3.0331337,2.3781672,1.355311,-1.4787246,3.6353083,-2.925348,1.2565372,-1.8363878,-2.941885,1.5117692
-1.2527608,-3.0719013,3.2666488,0.03976811,0.5095625,-0.9288295,1.4874582,0.36599725,-1.3940145,0.10343045,0.6637105,1.7833059,-0.6923647,5.2216067,-1.8727481,-0.6534879,-0.8808937,-0.21031195,-0.14958787,1.3348897,-1.6813581,-1.6747314,-4.1043196,1.2129788,-0.22780457,0.42594978,2.8236537,-0.8290549,1.486297,-0.52363676,-2.4297414,2.4908571
-2.1353528,-1.9871911,0.28390425,-0.60827845,-0.112512946,-1.2513767,-0.61058366,1.1505349,-1.1007185,-1.0861378,1.1251159,2.2371426,-0.9413161,3.7593262,-0.6622259,-1.3430259,0.05650577,-1.1178105,0.1902519,1.2946696,0.10246771,-2.1934733,-2.0125408,1.5167027,3.5636158,-1.7549736,2.596497,-3.371337,2.1446993,-1.4517941,-3.7688806,1.8573395
-0.702204,-1.1341608,2.549481,-1.2852497,1.1471443,-1.5178765,1.5410898,-0.36805904,-1.3751087,-0.5611278,0.38943976,0.3112202,-1.504937,4.5777154,-0.913752,-1.4854809,0.62363046,-1.2808458,0.13246039,1.3942689,-1.6178317,-1.3189296,-1.398681,0.26469123,0.9008513,-0.3941563,2.3801427,-1.5184551,0.922267,0.59147227,-1.9513152,2.3096926
-0.72419405,-1.0990776,2.300672,1.3087069,1.0036203,1.3656758,1.1573598,1.0085665,-2.2644172,-1.222065,1.1273466,0.8964389,-0.53979075,4.264648,0.064862534,-1.2897884,-0.084222995,-1.594189,-0.60792595,1.1180096,-0.63439256,-1.1726689,-2.0343397,2.3137462,2.0410779,0.29547626,1.1860448,-1.2766639,0.3114778,0.38354665,-2.615299,1.2244995
-0.8914124,-1.6580775,3.2729397,1.0008129,1.6572387,-1.4821109,0.18929002,-0.23356244,-1.735676,-0.48631626,0.14344117,1.667518,-1.462729,5.46688,-1.1906742,-1.0272151,0.70848745,-1.860063,0.4510733,0.3143324,-0.6062108,-1.2957568,-1.6792289,1.1797491,1.3975033,-0.84978783,2.1227536,-1.4151369,0.32184336,-0.18785384,-3.5114086,3.0258486
-1.18596,-1.394268,1.564393,0.3383404,0.3189885,-0.5499864,0.8443005,0.531736,-1.2907088,-1.0564538,-0.25076118,0.97047675,-0.9544515,4.65596,0.4581595,-1.3439143,0.37373465,-0.124892786,-1.1234076,1.9141864,-0.16842881,-1.4401383,-3.0410116,0.6191189,0.61784923,-1.0997624,2.636204,-2.2672372,1.6770785,-0.23011333,-2.511049,1.7186232
-1.0316757,-2.2673864,0.6405107,1.8314365,1.1059887,-1.8255619,-1.4562681,2.5208154,-0.8679739,-1.6048096,-0.03615445,3.6582985,0.023531504,5.5030665,-1.9128525,-1.3746295,-0.37777787,-1.6980832,-0.33718634,0.2973395,0.3566466,-2.1654866,-3.66883,2.7905993,1.0129906,-0.8147183,3.3932667,-3.4957085,0.338026,-0.5341846,-4.482441,3.115765
-0.44769925,-1.2444223,1.9648255,1.2730627,1.713259,-0.26092976,0.4643062,1.1551667,-2.1723948,-2.1267097,1.0266931,1.5763779,-0.37579754,4.8692565,-0.7441969,-1.9514596,-0.301892,-2.1609652,-0.3940428,0.25539494,-1.093288,-0.99627984,-2.1308365,3.2295024,1.4585748,0.39069784,1.7868793,-2.438741,-0.50078124,0.43102255,-3.009821,2.5082881
-1.6366863,-1.2905842,-0.61522126,1.468564,0.1732895,-0.8657102,-0.6410094,1.9052784,-1.1211351,-1.3190323,-0.83418417,2.070928,-0.92106867,3.0335438,1.0784266,-1.3064288,-0.07305134,-0.69378066,-1.6038158,1.2815274,-0.0006107222,-1.6726915,-3.7818365,1.3086488,0.6310356,0.1901555,1.9969424,-3.653129,0.9754393,-1.4932642,-3.3671744,1.5906718
-0.73216206,-1.1159345,-0.230093,0.22418961,-0.821883,-0.19105656,0.11875346,1.5410376,-1.4657567,-2.0079198,1.6457963,1.0555038,-0.2257297,2.957255,0.5260465,-2.2433445,-1.7801023,-1.068378,-0.93419164,1.2488627,-1.6065855,-0.95146406,-1.6894747,2.8094728,1.8871787,-0.17752972,1.6939378,-1.6795961,2.0327337,-1.3175368,-1.9290781,1.0257769
-0.39989525,-0.84626704,0.30947655,-0.26483387,-0.89369684,-1.3847597,0.76751417,0.69036746,-2.1590986,-1.4071851,2.4228427,2.3545742,-0.7568079,3.0834932,-0.09011115,-1.6514878,-1.6067019,-2.062581,-0.17006448,2.6153095,-2.3389704,-1.2203608,-2.3564832,1.9678295,2.2468054,1.8333493,2.975647,-1.3847065,0.52684295,-1.4987812,-2.7469516,0.52556974
-0.611891,-1.8659185,1.7671539,0.35504693,1.2554555,0.0656265,-0.21765682,1.7076659,-0.94899523,-1.455615,1.087559,1.7547498,0.21698225,3.1061487,0.3322879,-1.0510927,0.34825814,-1.5726702,-0.2287559,1.4349037,0.5937437,-1.7618333,-3.1909397,0.965294,1.386458,-0.25598007,0.98079133,-2.094055,0.6070272,-0.40893304,-2.6928914,0.8692789
-1.1875328,-1.7890346,-0.22417438,0.47262764,2.0478888,-0.05800991,0.23807487,1.7802762,-1.3832235,-1.633653,0.3748108,1.8279033,-0.014344215,4.243963,-0.21513303,-1.9094814,-0.017301112,-0.28283298,-1.0225642,1.4478332,1.1931792,-3.592715,-1.9976466,1.8578433,2.6114874,-1.4702421,3.170934,-3.7649798,1.7219315,0.2591715,-4.168898,2.762526
-0.90539634,-2.7172444,0.98132455,-0.19325225,0.98764473,-0.95153767,1.003597,0.8528969,-1.4378377,-1.8696477,0.111954175,1.6478521,-0.72148395,3.7910607,0.9080691,-1.60574,0.15356219,0.041673854,-1.6825761,1.5452586,-0.37907493,-1.8941394,-3.5725555,0.99355173,0.3301665,-1.432059,2.8333757,-3.2568355,2.2058449,-0.7978339,-2.3265064,2.1665468
-1.6818491,-2.0857842,0.8963972,1.3292266,1.7655358,-0.55675983,-0.15176058,2.1193569,-1.5719514,-2.0666437,-0.7806097,0.7816064,-0.44719574,4.9670267,-0.9167834,-2.3785844,-0.7719174,-0.69180894,-0.90765846,-0.99333507,-0.472317,-1.4181408,-3.1765175,3.6671286,1.1788437,-1.3977513,2.1092968,-4.0249147,1.2226113,0.36334062,-3.4262443,3.664235
0.19559456,-0.92402965,1.5057312,0.8663941,2.262124,-1.4634914,-0.14913785,1.3102876,-1.0643891,-1.0038109,-0.15800354,0.38886935,0.022542022,4.5376143,-0.7602749,-2.2331946,-1.1987044,-1.1072949,-0.09979744,-0.037520282,-0.107467614,-1.4189588,-2.8156562,1.8407725,0.17830469,-1.0929521,2.0323434,-2.5253286,-0.11440242,1.2422309,-3.6203046,3.0072117
-1.0203619,-1.7404282,-0.31627145,-0.4677518,-0.45140094,-2.8056135,0.4743382,-0.20633914,-1.8883103,-0.9308624,1.1050141,2.5328298,-1.6741564,3.4045577,-0.5258018,-1.2954489,-1.3484668,-1.0018635,-0.58068943,2.0629046,-1.8944284,-2.149863,-1.5073144,1.7849094,1.7510664,0.12434219,3.9396288,-1.8698895,1.2898445,-1.7769629,-2.9093056,2.2406497
1.3515499,-0.8504427,0.5409496,0.17204213,2.2025893,-2.6539845,-0.8370573,-2.106869,-2.690424,-1.5149655,-0.18536699,-0.7374718,-3.2377946,1.6628516,-0.6368564,-2.2093527,-1.9473753,-2.5276628,0.40380013,-1.9044201,-2.2095377,0.08022593,-0.6616783,2.5078838,0.26347268,1.589156,1.9286864,-0.264579,-1.0899384,0.36986133,-1.2017733,2.9332354
-0.3902912,-0.9518105,1.0472596,0.040534638,1.1323428,-2.7243392,0.20281169,1.0164802,-1.1663904,-2.1059341,-0.044654176,1.3300651,-0.595127,5.5648313,-0.87046677,-2.6085517,-0.69670904,-1.568533,-0.8650468,1.0834349,-0.38258013,-1.7226263,-2.503492,2.0482762,1.231409,-2.236891,3.2465553,-3.5464373,-0.031158589,0.72017527,-3.3853903,3.3543634
-0.5619825,-1.264318,2.0337005,0.30203694,-0.8196995,0.84492934,1.7972133,1.410178,-2.3408344,-2.798721,1.6596961,0.15989831,-0.37026855,4.6942563,0.85112524,-2.3774798,0.15512377,-1.4685388,-0.89275974,0.85919577,-3.3861966,1.2633508,-1.9998331,3.1395667,0.69899017,1.3621051,0.2603444,-1.6776929,2.0584683,-1.0663763,-1.3126547,1.0251677
-0.35527605,-1.049705,-0.37003058,1.2495488,0.63263696,-0.99024457,-0.4613853,0.97573894,-1.852014,-1.3838236,0.5978379,1.846241,-0.8566098,3.050547,0.77295536,-1.7303276,-1.5666376,-1.4362254,-1.314634,1.4693928,-0.64617425,-1.9251035,-2.1507244,2.0024402,1.3369601,0.28120667,2.767317,-1.5961653,1.0724677,-1.0577686,-3.4595504,1.7200094
-0.59600973,-0.9911436,2.2187514,0.11238325,1.3906524,-1.5185115,0.107879564,0.69967675,-0.77811074,-0.83725554,0.0012626201,0.76679164,-0.2324237,4.29759,-0.42404258,-1.8445772,-0.5642468,-1.4056034,0.45656466,1.0552268,-0.14562336,-1.4252284,-2.4347866,0.72953856,0.93964726,-0.9351362,1.3588659,-1.5736398,0.6916967,-0.19978054,-3.2316282,2.3332891
-0.85691655,-1.8459778,0.72673726,1.0669135,0.5263597,-0.17440291,-0.3678438,1.733678,-1.2372361,-1.4797479,0.8370505,2.1491735,-0.11365548,3.1137173,0.272999,-0.8300985,-0.34144747,-1.3600453,-0.5814788,1.2142569,-0.34065086,-1.6139761,-3.0161297,1.5395132,0.92924255,0.7916758,1.6764885,-1.6390849,1.2989545,-1.2501487,-2.8781025,0.82036424
-1.582323,-1.5409759,-0.29083186,-0.24595968,-0.7706007,-1.2416526,-0.07999394,0.422692,-1.4650822,-1.0479625,1.7451708,2.2029645,-0.9374877,3.1388183,-0.07067461,-1.3947573,-1.6501578,-0.6254538,-0.82689124,2.4363992,-0.15125962,-2.7170491,-2.4357831,1.925096,3.2676513,-1.0695587,3.342388,-2.5054996,1.2686536,-1.550256,-3.1658926,1.0227181
-0.9431369,-0.64254373,0.52467906,-0.92039555,-0.24307501,-1.0498861,0.40584174,1.2791502,-0.71377337,-0.6133146,0.63016546,0.70201606,-0.3617397,3.3257287,-0.26466423,-1.7853618,-1.1498468,-0.7715857,-0.20636746,2.1670537,-0.3749265,-1.535352,-2.5957587,0.6672983,1.8044924,-0.73253435,1.947996,-2.3527775,0.8125788,-0.40694103,-2.6551476,1.2282774
0.8835211,-1.355876,-0.27037016,-0.69917464,1.4295545,-2.9384787,-1.023931,-2.4452171,-2.9468656,-2.5801606,-0.48965257,-0.56829923,-4.093178,1.1797366,-0.29952174,-2.3930628,-1.5091178,-2.5363734,0.30763644,-1.7920222,-3.2641423,0.5737448,-1.1021385,2.9688268,0.46336508,1.7315519,2.558484,-1.414955,-0.85072637,-0.43104365,-0.36439127,2.896795
-1.9651705,-2.8700943,1.3884015,-0.8452677,0.10636358,-0.44015032,2.0030336,0.5633872,-1.8163764,-0.60260123,0.38307208,1.4095646,-1.1803341,4.6426682,0.1318356,-0.9915965,0.59926146,0.5695364,-1.370737,2.4396825,-0.8173322,-2.2776701,-3.1512773,0.504567,1.597742,-1.5317476,3.5884368,-3.0055041,2.845982,-0.7912854,-2.8550832,1.7560588
-1.0168431,-1.8075583,1.9699495,-1.4122987,1.234076,-2.1929655,0.026512202,0.9978991,0.30224672,0.11255427,0.95670325,1.8156176,-0.09386308,4.932783,-2.4484916,-1.0783448,-0.029511824,-1.0173191,0.46223205,1.5309917,-0.24263714,-2.5533593,-1.5017445,0.10599448,1.3363177,-1.0245134,1.9585456,-1.6697707,1.1337229,-0.24034914,-3.115369,2.9247766
-1.780947,-2.439733,2.0734296,-0.35111606,0.40339932,-0.32837236,1.373399,1.2563761,-1.4152406,-0.9442527,-0.3451516,0.98787117,-0.40056676,4.2946253,-0.109846786,-1.2506628,-0.45625824,-0.64895535,-0.6429702,1.8728223,-0.9539051,-1.5267625,-4.4426517,0.75605154,0.32025224,-0.048409298,1.889947,-2.210474,1.3769621,-0.4161351,-2.4246542,1.5232219
-1.9571309,-2.2368948,0.3491241,-0.6987399,-1.4039872,-0.97994196,0.38738513,2.2299206,-1.0942198,-1.7190661,2.505127,3.6693082,0.5368536,4.0086427,-0.12429349,-1.362597,-1.074208,-1.1557236,-0.3418541,3.283716,-1.29026,-1.7585268,-4.6468134,1.7929537,2.1007392,1.1688454,2.349899,-3.1565032,1.4274457,-2.513922,-3.7332377,0.49658012
-0.30913082,-1.7546241,2.0400229,-0.3383298,1.1476893,-2.2518198,0.53582317,0.9655793,-1.1202154,-0.7643135,-0.3609031,1.5119822,-0.65495676,5.308522,-1.405791,-1.9130992,-0.9431625,-1.0576075,-0.4696833,1.8494898,-1.7560103,-2.049936,-2.9771051,0.43904075,0.112513244,-0.43900743,4.589692,-1.6219825,1.8764793,-0.15862073,-3.4154847,3.1584003
0.06400953,-1.2148777,1.0846701,-0.9589428,0.23376006,-1.9613504,1.212346,1.3959298,-0.78714144,-1.0711145,1.160622,2.5732226,-0.16928443,3.6392145,-0.42275333,-1.4471257,-0.24304706,-1.267294,-0.67263573,3.2035484,-1.6928664,-2.0937862,-3.1567185,0.15749538,0.53505856,0.76095676,3.9494767,-2.1380117,0.7913501,-0.63910395,-2.4487154,1.4891701
-0.82038724,-0.4201276,0.2445967,0.3081169,-0.397761,-2.1623502,-0.12625489,1.1271052,-0.8327167,-1.3037928,1.4261341,2.516601,0.13700521,4.3860874,-0.2986092,-1.6409314,-1.0160089,-1.4273493,-0.13979867,2.7024977,-0.14716303,-1.9929216,-2.5917506,1.4072404,2.110219,-0.52463883,2.6884289,-2.544905,0.06927955,-1.2052664,-3.7674143,1.3930563
-0.49817052,-1.4189374,-0.32062283,0.4831941,1.5453467,-0.9984376,-1.4031417,1.6247319,-0.5129051,-0.9589838,0.58423316,2.0092735,-0.30480233,2.0911245,-0.5435832,-1.1783469,-0.81363934,-1.041,-0.69113153,0.37318453,0.5921907,-2.5808003,-1.2337636,1.6185552,1.5551015,-0.54865867,2.2620306,-1.8376929,1.5620959,-0.5472511,-2.9479673,2.2963724
-0.46425393,-1.5356827,1.7431544,0.24287526,1.6646183,-1.4272172,0.39682472,0.66533697,-1.4964594,-1.3898674,0.56714356,1.0065814,-0.25792298,5.234629,-0.037375033,-1.7847576,0.0068295896,-1.423992,-0.061463736,1.1194291,-0.40164712,-1.4436091,-2.9902189,1.2922505,0.69959843,-0.8662329,1.3187542,-2.7556505,0.1477496,-0.05277645,-4.027656,2.2739072
-0.8743596,-1.4403224,1.2750763,0.7068854,1.1007237,-1.2943909,1.2077191,0.5370494,-2.4366682,-1.1497742,-0.5784964,1.1170715,-1.1193073,5.108584,0.47369087,-1.4808472,0.523972,-0.6426123,-1.0372856,1.8053921,-0.3342545,-1.8146203,-2.834242,0.6845665,1.1332259,-0.87861603,3.3963099,-3.100622,0.6604107,0.049753316,-4.1585946,1.9980108
-0.4495763,-1.2208797,2.924502,0.9460817,2.192072,-1.7396128,0.5816175,0.694258,-1.6123815,-1.6277463,-0.76206076,0.5586242,-0.31125718,6.830795,-0.669564,-2.5356557,0.20913005,-1.1983435,-0.1974012,0.5910211,-0.6105077,-0.8621999,-2.9909399,1.2453461,0.21097788,-2.0490794,2.5991008,-3.365189,0.14948873,1.011707,-4.2308826,3.4671547
-1.4479114,-1.8328239,1.6650984,-0.4262066,0.6961762,-1.8644413,-0.45327568,1.0069772,-0.9014132,-1.3675294,0.5926989,1.9235535,-0.55176735,5.7149777,-1.6994298,-1.6681955,0.44418555,-1.6208594,0.72701466,0.8056892,-1.0684335,-1.6465476,-1.4425565,1.5081369,2.2120671,-1.4849578,2.6516924,-2.7281125,1.5279249,-0.8031231,-3.8828714,2.9658206
-0.99456805,-2.4880145,2.2059093,-1.1015575,0.79206145,-1.4709687,1.6685352,0.5077632,-0.75078607,-0.73614573,-0.3906747,0.93547714,-0.18370003,4.403791,-0.7624609,-1.5548903,-1.5006295,0.4573661,-1.2965261,2.8182,-0.82518756,-2.8509746,-4.5926976,0.22006768,0.1761859,-1.3417146,4.454457,-1.740366,1.498388,0.15039752,-2.0769641,2.1581933
-0.4665252,-0.5826581,1.3849694,0.60725063,-0.34672964,1.0666173,2.3758733,0.694296,-2.1825204,-2.2505386,0.16203564,-0.338404,-0.011052027,4.2012863,1.5603954,-2.2494032,-0.05649294,-0.017944172,-1.3280563,1.5262314,-1.7494422,0.5413635,-2.765144,1.7367486,0.4498441,-0.29375762,1.5528742,-2.1001728,1.3905371,-0.06185639,-1.568182,0.427404
-0.48623404,-0.8766899,0.06956745,-0.04868447,0.4685042,-1.274016,0.5831591,0.64161414,-1.5999488,-1.0347652,-0.048578188,0.8160524,-0.978078,3.1276524,0.3425105,-1.8674756,-1.3549227,-0.36204076,-1.2342846,1.5013095,-0.2477359,-1.5839546,-2.5410671,1.154433,1.4644238,-0.7355433,2.9673274,-2.8066916,0.5455684,0.076229066,-2.5708277,2.0187898
2.0857143,-0.5078872,1.2961961,3.162786,-0.8719389,3.1443915,-0.072840534,1.6917171,-0.80288756,-4.646572,-0.68968743,-0.15761311,2.376313,5.446608,0.40438926,-4.59065,-0.23163708,-0.016667053,-0.5649473,-0.7685522,-3.9797473,4.0759826,-2.9393687,3.224997,-3.5970092,0.9017482,0.7365674,0.06674209,3.0261168,0.43010122,0.04379694,0.77719223
-0.03863758,-0.36614776,-0.28066787,0.86896694,0.16495709,-1.0466412,0.6762506,1.5218097,-2.1815364,-2.1737468,1.1865638,1.3801321,-0.12170635,3.4342263,1.2412944,-2.624951,-2.0251265,-1.3598235,-1.4337051,2.1613002,-1.2229019,-1.1369615,-3.0735295,2.427813,1.1909848,0.9907211,2.3931613,-2.664718,0.35860348,-0.42924693,-3.3714266,1.4248133
-1.9466213,-1.6775004,0.5087842,0.4858284,-0.21386051,-1.5325583,-0.24313843,0.5011227,-1.8941048,-1.3619506,1.1508738,2.0976975,-1.0217257,4.514282,0.07315479,-0.965317,-0.40869945,-1.4471114,-0.73692864,1.7999347,0.51108664,-2.0961998,-2.648122,1.8090492,2.7882314,-1.4841964,2.3458498,-2.7921388,0.4048887,-1.2498438,-3.9780807,1.1769134
-1.5529811,-1.215655,0.41756973,0.29402483,0.54534835,0.3815401,0.89422184,0.64901274,-2.2851255,-1.8426168,0.70014936,0.80924845,-1.0758263,3.189841,0.9366059,-1.7138914,-0.4256804,-0.87300885,-1.0906885,1.3575628,-0.12014719,-1.4585832,-2.61327,2.3483584,2.5979884,-0.54039943,1.4807613,-3.2377925,0.38957816,-0.11799422,-2.4957836,1.3680134
-0.8095793,-2.2501924,1.9920342,-0.7866648,1.6351929,-0.72548664,1.3122057,1.9434214,-0.83503485,-0.14921173,-0.026312903,1.190977,0.12415642,4.9887714,-1.0935644,-1.634489,-0.35422996,0.32925284,-0.8515844,2.133374,-0.6881414,-2.8698592,-2.901681,0.33010328,0.9889624,-1.0868374,4.1172633,-2.796297,2.5901976,0.67835975,-3.6183572,3.170259
-0.57094085,-0.6179057,1.5290575,1.1673752,-2.4999077,1.2629024,1.5085133,3.0885253,-1.5518448,-4.1771994,1.828562,0.5072068,1.7417607,6.9701447,1.2473239,-4.092414,-0.8863543,-0.85998183,-0.5017828,2.0957177,-2.9923706,1.809398,-3.0708385,3.6565087,0.9805815,-0.06449383,0.6646316,-2.121008,3.1558087,-1.5503994,-2.584282,0.5536052
-1.0270836,-2.353055,2.9602385,-0.57855487,1.7716718,-0.03521654,0.8490517,1.4544327,-0.78925204,-0.2963349,1.0971661,1.6218117,-0.49837437,5.0043936,-1.8781002,-0.8273734,1.2873077,-1.2386714,-0.060084216,1.0677968,-1.2347587,-2.5774825,-0.8375059,0.80628467,2.0942004,-0.82350385,2.8644378,-1.4852424,2.6056652,0.062067315,-2.6131008,2.6288373
-0.4857212,-1.9319196,-0.93545747,0.5577759,-0.10144004,0.3899744,0.085724145,2.4662344,-1.3419472,-1.8363103,1.0556908,2.6998098,0.35233158,2.669393,0.40878758,-1.8390325,-1.1631856,-0.053495806,-1.5972025,2.076639,-0.7387302,-2.1553826,-3.4808476,1.8700683,1.1103454,0.4747141,3.931197,-2.70939,2.6640706,-1.1559507,-2.6483135,1.0418695
0.0935825,-2.082472,0.6088601,0.8983189,2.3402622,-2.9587486,-1.1547478,1.2114391,-1.5277575,-2.3171575,0.5990329,3.3092203,-0.65729463,5.2829785,-1.5472971,-2.1635954,-0.3616598,-2.188121,-0.3462106,0.49260372,-0.57633597,-2.8389316,-1.8135407,2.7097516,1.4686725,-0.8521645,4.187589,-2.980719,0.5269442,-0.6621084,-4.4765925,4.195942
-0.14972487,-0.9985532,0.3158875,1.3042754,-1.1157658,0.537708,-0.19110903,0.8534594,-1.6982872,-2.1461105,1.8276529,1.5414567,-0.039592706,2.7212517,0.93703204,-1.836519,-1.814862,-1.0271842,-0.58077866,0.7850913,-2.0004237,0.35647953,-2.4096355,3.0497684,0.6197552,0.6331042,1.8764931,-0.6965301,2.0212219,-1.4382017,-1.6190965,0.21940872
-1.1150516,-2.061152,0.41271925,0.102527514,1.2775156,-1.2619476,-0.20734343,1.4155233,-0.9349408,-2.3977625,0.89928627,2.6146986,-0.40836686,3.8946314,-0.78945684,-1.56615,0.072683334,-1.514286,-0.9478023,1.0079243,-0.16088256,-2.835524,-1.444393,2.90249,2.0557885,-0.72867054,2.4365215,-2.813904,0.9691348,-0.70394236,-2.2500293,2.9600348
0.49173537,-0.8367179,0.21051016,-0.3093161,0.82192844,-1.5919573,-0.41607422,-1.5137606,-1.5906748,-1.2134175,0.11274759,0.043978292,-2.1714625,0.81129193,-0.29649514,-1.2413762,-1.068861,-1.5255994,0.25517428,-0.6161321,-2.0009599,0.17687875,-0.5194212,1.5515085,0.17721644,1.4665071,1.3073997,0.0125532,-0.35153487,-0.5414458,-0.09913355,1.5465827
-0.9896266,-1.410857,0.41120937,-0.043852106,0.468823,-1.6675766,-0.50434124,0.9532707,-0.36154687,-0.11262393,0.7690053,1.7574954,-0.022730045,3.1866798,-1.2353224,-1.1386988,-1.229599,-0.4994024,0.04740937,1.0505359,0.026022855,-2.4234436,-1.6616122,1.1458746,1.3428222,-1.0117083,2.4743438,-1.4282696,1.2878133,-0.98502237,-2.900718,1.961293
-1.2561331,-2.447606,0.714904,-0.31022495,0.9192056,-2.1875257,-0.20946756,1.361984,-0.6956271,-1.1776043,-0.1412577,2.5670047,-0.8938691,4.6273966,-0.8545268,-1.2834525,0.49637842,-0.55549395,-0.9812268,1.7569835,-0.918699,-2.680754,-2.6024632,0.91480887,0.89411145,-0.96422935,3.9375174,-2.9907928,2.3494835,-1.3290299,-3.0946429,3.277043
-1.1126212,-2.3858416,2.3488622,0.11505875,0.34955317,-0.77026135,0.4648462,1.3606831,-1.1325634,-0.92620885,1.3490041,1.8694358,-0.25020432,4.977537,-1.2376963,-1.3629088,-0.80603415,-1.2322222,-0.19326608,0.78884155,-1.3219742,-0.9782989,-3.702195,2.0435884,0.6442632,-0.19929937,1.7932405,-2.2539618,1.5501069,-0.86377084,-2.869862,1.9020567
-1.1494691,-1.3622346,-0.80782586,-0.5063394,0.79527897,-2.3229032,-0.22232914,0.4405734,-1.4617294,-1.8912354,0.56194067,1.3622714,-0.845087,2.8090072,-0.73189694,-2.1239407,-2.3179884,-0.88418317,-0.74184304,0.53918535,0.013329903,-2.45148,-3.0458398,3.3200166,2.307574,-1.3607645,3.2022767,-4.032962,-0.4948516,0.2871091,-2.7350645,2.6071444
-0.62944543,-1.0528088,-0.32505494,0.840366,0.42633876,-2.5179462,-0.89564246,0.8081413,-1.0236615,-1.7730123,0.047089256,2.0216587,-0.44021872,3.995005,-1.0768274,-1.9415184,-2.0179229,-1.0764704,-0.7479748,0.45975527,-0.47719708,-1.6562798,-3.412561,2.6268868,0.3941858,-0.89940184,3.1790817,-3.101195,-0.6826272,-0.12793963,-2.8296182,2.612239
-0.7408499,-1.4750942,1.4173837,-0.08515926,2.5622644,-2.4866474,-0.5712365,0.021604791,-1.6426406,-1.4001204,0.40134814,1.5295479,-1.0455036,4.0139565,-0.6020596,-1.4516878,-0.27613544,-2.1675584,-0.12074144,0.6247929,-0.056496598,-2.2941859,-2.2584639,1.6317042,1.160034,-0.21238047,1.4699515,-3.0575485,-1.0576736,0.13161859,-3.520982,3.2044022
-1.0218687,-1.8327173,0.7876727,-0.29450876,0.006351769,0.6726206,1.8084816,1.4061602,-1.3483044,-0.4132446,0.41262463,0.6976575,-0.68834823,2.2424212,1.4779892,-0.7353167,0.088905275,0.32888615,-2.1342607,2.5481994,-0.3374073,-1.7469889,-2.471589,0.44251567,1.1520873,-0.2584677,1.9879681,-1.95527,2.1889744,-0.58940446,-1.320732,0.6105161
-0.7417652,-0.82683575,1.3588569,0.21597905,0.7374202,-0.18735066,-0.04316362,1.2889259,-0.39297307,-0.2642128,-0.014486223,0.98324466,-0.377873,2.9632077,-0.90734166,-0.85798115,0.43754917,-0.8875962,0.015731603,0.4364486,-0.5786795,-0.9214102,-1.2144095,0.62054443,1.046909,-0.18282235,1.4737698,-1.3804358,1.0603478,0.088828355,-1.8859992,1.5759851
-1.1267264,-1.6767378,1.5796831,0.6490816,0.6543191,0.23790127,0.34140494,2.6547759,-0.7684758,-0.7676411,1.0739067,1.7676209,0.53698885,4.795351,-0.15945725,-1.5449412,-0.7412208,-0.55491334,-0.8885017,2.2732747,1.2984815,-2.8816977,-2.8642104,1.130795,2.5905561,-1.7700994,2.3890717,-2.2314591,2.3362525,-0.049759828,-4.1220603,1.7445545
-1.3829572,-2.578206,3.535697,0.59065163,1.0323818,-0.2638712,0.9248307,1.2474675,-1.0362957,-0.7812609,0.38681376,1.7494516,-0.109048,6.099735,-0.31506652,-0.9362029,1.0886323,-0.5166915,-0.48037332,1.8616564,0.5041594,-2.022795,-3.1071017,0.5304599,0.98450005,-1.8016449,2.1371229,-1.8327494,2.324294,-0.35894808,-3.1842515,2.2191722
-0.9614893,-1.7299666,0.29675996,-0.07117985,0.7926388,-1.9839059,-0.12397661,0.4702135,-1.0221827,-1.5487058,0.37194267,1.3699979,-0.70452267,3.8108807,-0.67467666,-1.5803708,-0.9654141,-0.9622986,-0.37472266,0.5447142,-0.812685,-1.8615562,-2.23262,2.1689315,0.799573,-0.743751,1.6867042,-2.3313,0.65613604,-0.926842,-2.6525154,2.4635587
-1.5457444,-2.630217,2.1089215,-0.8723812,0.774207,-1.5275172,1.4811057,0.8071401,-0.7550672,-0.40930784,-0.03420204,1.638074,-0.24751344,5.352456,-0.6558237,-1.2892607,0.41793513,0.53145945,-0.7721309,2.467238,-0.21602523,-2.3770835,-3.5604527,-0.2506325,0.3421894,-1.8986446,3.1295705,-2.8038366,2.1054127,-0.56724775,-3.2161293,2.5975986
1.9476452,-0.5498461,1.4739684,-0.34365022,3.1978526,-2.9335876,-0.6906884,-3.5037465,-3.4710643,-2.1793604,-1.1134337,-2.2068336,-4.17271,2.7510593,-1.3474196,-3.2674983,-1.6449461,-3.0745153,1.2857068,-2.7124107,-3.2321475,1.2571448,-1.4272054,2.720723,0.12209619,1.6653987,2.3173168,-1.2063519,-2.3408475,1.9441704,-1.0678239,4.0173078
-1.1894084,-1.7996079,-0.054558948,0.35348088,0.52477276,-1.2013153,0.043513954,0.09393865,-1.782503,-0.7719828,0.41969043,1.8797805,-1.54764,2.6707683,-0.10373674,-0.6989581,-0.020293772,-0.6629752,-1.1348418,0.6566294,-0.8925986,-1.7908496,-1.5752894,1.6997695,1.4300663,-0.3441523,3.1781762,-2.430888,1.1662291,-0.79999113,-2.3191721,1.9315642
0.43125093,-0.7728051,1.4788731,0.52965754,-1.3440979,1.676552,1.9316187,2.4248016,-1.1064919,-2.333397,0.8338625,-0.6844301,0.94373393,4.448572,1.0333114,-3.0287974,-0.4474966,0.2585134,-1.0224121,1.3452055,-2.7265277,1.457926,-2.7458098,1.8671641,-0.4845792,0.25318435,1.1277078,-1.6839027,3.055229,0.303593,-1.2210629,0.46896857
-0.25424787,-0.9232289,0.42323482,0.69804746,0.9508142,-2.3958163,-0.42588663,-0.20765044,-1.6424493,-1.9382379,0.20399919,1.7291617,-0.97429764,3.7536678,0.31032068,-1.8378755,-0.32817793,-1.52367,-0.48302847,1.0019832,0.15239778,-1.8241315,-1.6711932,1.5925479,1.517241,-1.5782517,3.0183952,-2.2015512,0.05821419,-0.73078763,-3.2640035,1.9549785
-1.2439917,-2.4184365,2.18146,-1.4149274,1.3347332,-0.39780256,0.9778912,0.75149965,-1.1811006,0.1801853,1.0410426,0.99750924,-0.7539105,3.9511957,-1.3442961,-1.0117682,-0.34008226,-0.6865978,0.41592914,1.3273666,-0.717804,-2.5835044,-1.6353824,0.74460506,2.2635932,-0.47978505,2.1015363,-1.4222791,2.2455626,-0.3737652,-3.0628636,2.2806804
-1.7363029,-2.0843966,-0.26474723,0.09480694,0.6587226,-1.1886846,-0.5746383,-0.37523162,-1.9652815,-1.5273712,0.96834165,1.7540606,-1.4051623,2.9082222,0.27260566,-0.92729604,-0.7044131,-1.2928073,-0.337009,1.2039471,0.46463075,-2.8260007,-1.9577926,2.1286185,2.6734474,-0.7977185,1.813343,-2.2277584,0.551547,-1.4650742,-3.1834884,1.342841
-1.1579664,-0.9408349,-1.3947638,-0.26765966,-1.099333,-2.456052,-0.63375497,0.8678565,-1.3781455,-2.2800705,1.4361216,2.3670387,-0.801753,2.9500394,0.53316694,-2.2251964,-1.9221995,-1.3837092,-0.6754078,2.2692032,-0.59251785,-1.9221687,-2.475778,2.3875034,2.695043,-0.9108958,2.648126,-3.0678399,0.6904014,-2.0829055,-3.177603,1.2031618
-0.8587478,-1.3930871,0.75605714,1.0652814,0.27192098,0.4376717,1.3755289,1.2480435,-2.024845,-2.1373558,-0.16005296,1.321118,-0.6079346,3.643213,1.5510213,-1.775312,-0.015340716,-0.5466157,-1.9482441,2.016134,-1.3179513,-1.0725361,-3.5253525,1.6409413,0.29550877,0.5576239,2.4528368,-2.4510174,1.5372089,-0.8235772,-1.9395927,1.3134339
-0.68356967,-1.2857045,2.1304553,-0.94671726,1.1416371,-0.7058547,1.008427,0.42605636,-0.9773458,-0.27674854,0.8189098,0.04583132,-0.38239187,3.9806507,-0.47025675,-1.5778972,-0.73129696,-0.48627752,-0.13750315,1.7802062,0.28343946,-2.2233737,-1.9557405,0.3460073,2.1230204,-1.8809179,2.2245765,-1.5708123,1.1016726,0.58382696,-2.6804366,1.8037935
1.3646044,-0.8120549,-0.5825128,0.04280184,1.5315123,-3.3169188,-0.9543915,-2.7841413,-3.5152183,-2.3836768,-1.2304094,-1.4611123,-4.0964217,1.2429104,0.8202001,-3.178947,-3.0761368,-2.1278281,-0.12320954,-1.3164792,-2.295433,0.42545012,-3.1463463,2.657792,-0.5230551,1.6421531,2.502456,-1.3508719,-1.3915551,-0.020643702,-1.2471267,2.6440198
-0.5878515,-0.91398466,2.1450999,-0.3052039,-0.20886907,0.23237167,1.462434,2.5053754,-1.0064597,-2.0868454,1.2170289,0.5943546,0.74623805,5.023652,-0.3676617,-3.0493963,-1.2740755,-1.0848967,-0.9091895,1.3025888,-3.2834704,-0.06567476,-2.8991358,2.790328,0.6007025,0.59478706,1.5598688,-2.2001953,2.1489618,-0.33803034,-2.16335,2.0220244
-0.94808406,-1.5382233,1.4596816,-0.50950724,1.3383889,-1.3510107,-0.15575242,0.66764516,-0.4248877,-0.19771901,-0.10832013,0.59415686,-0.6716295,3.2641025,-0.7209621,-1.0244726,-0.32978392,-0.3273159,-0.23994441,0.8021998,-0.2733629,-1.9026207,-2.069736,0.14735371,0.8350673,-1.2519436,1.9843242,-1.7381088,1.6356854,-0.29788524,-2.7051,2.2132666
-0.76961726,-1.7899644,-0.031209022,-0.5005155,1.1528139,-2.3928187,-0.07550415,0.49375346,-1.5263855,-1.9370956,1.2745498,2.1614695,-0.84934527,3.767469,-0.2665162,-1.8553332,-0.7307148,-1.2123669,-1.1950274,1.9527422,0.13848841,-3.119606,-1.9610494,2.0021963,2.0393257,-1.6486976,3.7681203,-3.3035119,0.4188273,-0.38815653,-2.711386,2.6112442
-1.867571,-1.6049752,1.3200299,0.10380356,-0.51995903,-0.68445766,1.4340144,0.46041545,-1.9837236,-0.84549177,1.0546744,1.0535522,-1.0226573,4.603273,0.6525693,-1.2023941,-0.5956496,-0.46909487,-1.163116,2.2259965,-0.53144693,-1.4155777,-2.9103353,1.6679031,2.0519216,-1.0485626,1.9873675,-2.4455416,1.1689664,-0.9944226,-3.024829,1.2731278
2.1050208,-0.06070681,-0.6351463,-0.1424793,2.3346136,-3.0685372,-0.72371054,-2.9205887,-3.137523,-1.4918089,-1.3354714,-1.1919848,-4.0038533,0.32781935,0.25741756,-2.000074,-0.7686278,-1.8824526,0.16992559,-1.9470763,-2.094959,0.8197955,-0.9517072,1.4785523,-0.38737103,1.5217187,2.48246,-1.6564327,-2.508361,1.1380537,-0.7816069,2.5192587
-0.8807251,-1.2853445,2.238793,-1.5599785,0.53763247,-0.61339164,1.3056463,0.3209608,-0.70545614,0.40660328,1.548325,0.4987191,-0.34698597,3.560823,-0.1704541,-0.9016754,-0.7249665,-0.5048063,-0.07391486,3.1485374,0.6136792,-2.607588,-2.7497764,-0.42354682,2.2552235,-1.3695576,1.9390624,-1.2590171,0.83444184,0.20966697,-2.6439292,0.8125837
-0.9044747,-1.0889628,1.306719,-0.2955342,0.6156495,-1.8453778,1.1433096,0.21156542,-1.4169252,-1.4068657,-0.5695458,0.32127428,-0.860537,4.4150143,0.35468253,-2.4670465,-1.076529,-0.16090329,-1.1263188,1.7458129,-1.2867362,-1.4252732,-2.9112923,1.0833907,0.042505376,-0.8761833,2.5937173,-2.166543,1.7005926,-0.4895236,-2.368038,2.9306204
-0.6770886,-1.9010342,1.6771609,-0.21387781,1.5490012,-0.70429957,1.5118067,0.7183673,-1.9297061,-1.1327283,-0.25066704,1.1536173,-0.89491576,4.1520667,-0.32567704,-1.3806914,0.3501594,-1.0045274,-0.955818,1.4287839,-1.2210327,-1.9287369,-2.9308612,1.1118296,1.1032207,-0.14568985,3.035217,-2.7563996,0.34818733,0.16515929,-2.7290618,2.115736
-1.3829125,-1.7678103,1.8498304,-0.6996419,0.9715273,0.36794987,1.2095375,0.5731286,-1.4389302,-0.9642396,0.929466,0.29406795,-0.48077935,3.7499344,-0.34254092,-1.3129656,0.24391726,-0.4118501,-0.37459928,0.8712731,-0.12910107,-1.3723733,-2.030032,1.2501177,1.7719808,-0.956841,1.0771097,-2.4272487,1.092231,0.32849675,-1.9275205,1.5871011
-0.09267079,-1.8397311,0.6419306,-0.9114042,1.0449693,-1.7128432,1.1486967,0.848793,-1.7636878,-1.4150592,0.8244829,2.1058674,-1.0682641,3.9871197,0.6659612,-1.9953954,0.07320395,-1.0162301,-1.4437122,3.0308504,-0.41973403,-2.6549652,-2.8877518,0.5690273,1.5938915,-1.0023813,4.101884,-3.0885484,1.3640263,-0.42991763,-3.1849356,2.2427866
-0.6393411,-0.8906475,-1.3619105,-0.08314565,-0.39873248,-1.484372,-0.69178784,0.88205296,-0.96416104,-1.5144765,1.2525405,1.5748788,-0.3924905,1.6861796,1.4412957,-1.9042532,-1.8109038,-0.45753515,-0.85081834,2.2201405,0.57112914,-2.1299226,-2.131459,1.1880698,1.8442985,-0.88955903,1.9554771,-1.8576722,1.8527251,-1.713567,-2.9349892,0.79242253
1.2027348,-0.33169165,0.6633878,-0.35474116,1.5139432,-2.1125221,-0.21071172,-2.493318,-2.1780798,-1.1986945,-0.44042164,-0.9436219,-2.6193247,1.6675444,-0.73816013,-1.8623668,-1.1002109,-1.6994635,0.76174563,-1.2335376,-2.3093243,0.8035432,-0.6424896,1.4631472,-0.184327,1.4215996,1.7208964,-0.29781687,-1.344053,0.7680298,-0.35299122,2.1347134
1.3633239,-0.7056841,0.60195553,0.38128954,2.4478745,-1.6184111,-0.6530985,-1.9372422,-2.4400594,-1.3974704,-0.21141312,-0.65141165,-2.6723433,1.3928223,-0.0067216903,-1.7296323,-1.1249515,-2.0309596,0.28469986,-1.5370954,-1.5286709,0.27348787,-0.74319464,2.0360956,0.05825995,1.5108135,1.2211453,-0.5037892,-1.0773466,0.7118619,-1.0958195,2.6193066
0.5595552,-0.6698501,2.792211,2.2796588,-1.1905162,1.8078431,1.7485766,1.466817,-1.7911588,-2.8886511,0.01944536,-0.5999417,1.5643989,6.3900514,0.21852015,-3.671791,-1.3756071,-0.30616194,-0.11712845,0.49033514,-3.6390975,2.9114027,-3.6912265,2.9992306,-1.8050822,1.302919,1.1022719,-0.1785324,2.2965689,0.3005064,-1.3865086,0.7389463
-1.2372249,-1.392949,0.43786597,0.21263781,-0.6727469,-0.38937455,0.49049145,1.245798,-1.0880433,-1.6466408,1.5295402,0.85608166,0.06346878,3.00572,0.9827359,-1.7447568,-1.5384682,-0.5263506,-1.1253445,1.1946784,-0.7190249,-1.0074933,-1.879106,2.53773,1.4727746,-1.0699674,0.6395161,-1.5502347,2.0452602,-1.5604824,-1.6904346,1.1375043
-1.1092955,-1.9395176,1.443506,0.9282108,1.5516593,-1.9667171,0.24580193,0.6444129,-1.7731596,-0.88137615,0.10255117,2.3154016,-0.8484688,5.471854,-0.16170041,-1.2333685,0.12567276,-0.9820135,-0.9148076,2.1190283,0.5809471,-3.0006623,-3.4065163,0.7293607,0.9378084,-0.8536601,2.9280457,-2.852425,0.3463383,-0.5779237,-4.5907393,2.5577943
-1.4306171,-2.2350595,-0.4830773,0.85168624,1.1604824,-0.3923132,0.021023937,0.6204514,-1.730343,-0.92983687,0.07064082,1.5642244,-1.1601872,2.1747472,0.7750318,-1.1397173,-1.3144308,0.11123939,-2.1693714,0.777456,0.15150112,-2.8095865,-2.444035,2.2853189,1.3218042,-0.84396154,2.9627192,-2.606158,1.9182006,-0.70699906,-2.2019603,2.2741065
-1.2457722,-1.7500902,0.82490754,-1.2953391,0.89395493,-1.3026769,1.2421987,1.6766996,-0.8671545,-1.3895743,0.03446535,0.83225834,-0.5830488,4.0906005,0.15156995,-1.9208423,-0.08252915,-0.8095818,-1.3355275,2.1647594,-1.3670423,-2.2245913,-3.392577,0.8735924,0.94720614,-0.20280176,2.0728154,-3.6511292,1.3866482,-0.32275662,-2.6946023,2.4124098
-0.61775887,-1.8605331,0.77960646,-0.9267225,-0.043841302,-1.0199549,0.18751037,0.961652,-0.3039026,-0.24629635,1.0703173,1.6816978,-0.184463,2.6922112,-0.13165002,-0.9558623,-1.1683624,-0.26485965,-0.3926401,2.1411123,-0.40667817,-2.2832024,-2.375174,0.4556327,0.8843512,-0.5491267,2.2945428,-0.80401987,2.43558,-1.2936577,-2.122506,1.3521843
1.4545559,-0.23649707,2.0387034,0.34945434,2.4892716,-2.8057837,-0.2660415,-3.4432685,-3.5567546,-1.9173617,-1.0063703,-2.0249481,-3.9251084,3.883054,-1.8536108,-3.11697,-2.0636587,-3.4263582,1.3894169,-2.6583023,-3.8807225,1.1921899,-0.3873153,3.0875525,0.35938308,1.7510483,2.0944965,0.0690994,-1.9360578,1.4906223,-1.3784165,3.975986
-0.4843544,-0.65912324,0.5449997,-0.5641785,0.3971165,-0.800945,-0.19498822,1.1685915,-0.053503975,-0.26619834,2.0839682,2.285278,0.18388316,2.698754,-0.9290535,-0.58031,-0.26999176,-1.4287806,0.08471626,2.53077,0.52603805,-3.1300786,-0.6778375,0.4385472,3.3065863,-0.82074946,2.8130214,-1.1443855,1.0581156,-0.5359259,-3.0363324,0.73611283
-0.40276602,-1.4496875,0.4433755,-0.10201423,0.5200745,-1.2723913,0.18472207,1.1807154,-1.2086431,-1.3379064,0.7562633,1.7035235,-0.22781831,3.121168,0.053713426,-1.7432407,-0.75177604,-1.0227026,-0.4273094,1.6251153,-0.90167594,-1.7039354,-2.1452553,1.1035676,1.2128545,-0.34449115,2.922615,-2.0792696,1.5683548,-0.7953835,-2.879398,1.5763043
-0.61802393,-1.1211389,2.364193,-0.3029077,1.8287699,-2.6137185,0.9989798,-0.37657627,-1.8242441,-1.1841778,0.18800688,0.64009315,-0.8772047,5.527099,-0.23999678,-2.0015683,0.06370866,-1.4762996,0.0021070912,1.6064578,-0.43991897,-1.9336034,-2.0263972,0.5731318,1.2228495,-1.3462251,2.0558076,-2.2415054,-0.10106618,0.018349707,-3.7111206,2.7547011
-0.4234248,-1.2084441,1.2818726,-1.4045682,1.9909477,-0.25421298,0.93869865,0.542464,-1.5057056,-0.22660026,0.69858265,1.1322038,-1.0935228,2.753397,-0.6240883,-0.951381,-0.02035603,-1.3650043,-0.43291765,2.435265,0.22224955,-3.0192716,-2.0562778,-0.18048674,2.7801754,0.27089188,2.8004844,-2.2453067,-0.09997367,0.9133069,-3.0099998,1.4701897
-0.28468487,-0.09316629,-0.03787817,0.19767311,-0.81826574,-1.0790644,0.865409,1.219732,-1.1662796,-1.5938611,0.80771315,1.0597436,-0.010505989,3.0063772,0.89651066,-1.8433685,-0.8429504,-0.8488857,-0.8071756,2.4483733,-0.72947836,-1.0022036,-1.974875,0.83738315,1.4611235,-0.13904473,2.3387141,-1.9041111,0.76442194,-0.74344116,-2.1907396,0.46059746
-2.0571795,-1.1674405,1.1157067,1.3553581,1.0157675,-0.79781246,-0.085620485,0.7301163,-2.2236125,-1.257998,-1.1084489,1.0247607,-1.4194316,5.255315,0.47986436,-1.4787894,0.47056895,-1.189693,-0.5948386,1.3765476,0.7660395,-1.5048825,-3.9096093,1.1677318,1.8878231,-0.9430883,2.0021012,-3.9561956,-0.11887889,-0.013443535,-4.6824026,1.7983054
-0.90916014,-1.6987714,2.9245534,0.61113656,0.19463123,-1.3687727,0.21817306,0.5041786,-0.9811628,-1.0888827,0.8782051,2.64216,-0.65828335,5.0412197,-0.61972266,-1.2909393,1.0540121,-1.8901786,-0.23548262,1.1247482,-1.5978595,-0.46771565,-1.4222269,1.3267586,0.38004807,0.107967496,0.6317973,-1.3162627,0.5223404,-1.8164759,-1.9776831,2.3842788
-0.88310385,-2.0944033,1.5279324,-1.0371052,1.4911804,-0.51988,1.0709975,1.0453472,-0.677497,-1.0918167,-0.03736353,1.044194,-0.045178592,3.589145,0.15672289,-1.5199535,0.23719901,-0.191795,-0.75255215,2.3187015,-0.44039607,-2.3277798,-4.024972,-0.096750796,0.17203718,-0.37078464,2.3729868,-2.6612358,1.4801776,-0.070832714,-2.4421587,1.6444417
-1.474896,-1.6635009,2.7502875,1.4719169,1.7398324,-0.19815491,0.90594673,-0.018031772,-2.2297647,-0.5201883,-0.75916445,0.92042106,-1.2238468,5.131192,0.25353375,-0.8751274,1.1075209,-0.6429663,-0.83914614,1.5002708,0.95534354,-1.8264074,-2.947918,0.35252517,1.3942411,-1.0611959,2.4415991,-2.42671,0.2320453,0.5284191,-3.5254962,1.922634
-0.154884,-1.4355489,1.4989734,-0.078992665,0.75806195,-0.4533307,0.9920971,1.8222594,-1.0559773,-1.2313462,0.8313657,1.1839669,0.14525405,4.028785,-0.23775773,-1.7376069,-0.2782529,-0.75040305,-1.2026584,1.7090561,-1.0795465,-1.6803964,-2.341968,1.2028208,0.86887044,-0.59771585,2.7516704,-2.0767753,1.4947429,0.014088979,-2.1962175,1.9409466
-0.6232415,-0.87222856,1.430149,0.5279789,0.6097096,-0.09513122,0.15970917,0.65254647,-0.87772226,-0.08917169,0.46683642,1.5941865,-0.81024134,2.7992141,0.6539237,-0.43085536,0.8030373,-1.0540407,-0.40698308,2.0750365,-0.023644766,-1.6515594,-1.4526626,-0.20893094,1.5825782,-0.052383162,1.9356779,-0.8673556,1.1510559,-0.76471335,-2.6765203,0.73617935
-0.9875472,-2.2078211,2.646772,0.69525796,1.469722,-0.54019266,0.009885341,0.5581578,-0.80663717,-0.754137,1.2946745,2.0781264,-0.07540916,5.057924,-1.4252162,-0.8433524,0.58916736,-1.0420262,0.08114435,0.4741186,0.49896044,-1.9629374,-1.6750501,1.1832542,1.360143,-1.7593662,1.9977012,-1.4478484,1.434455,-0.4386552,-2.9417238,1.9840342
-1.0513241,-1.9503628,2.1503081,0.4477046,1.5405922,0.84886235,0.5627562,1.3535776,-1.3851202,-0.7885993,1.2219498,1.3655789,-0.15510888,3.8767245,-0.38486868,-0.5689352,0.6733033,-1.1582538,-0.18194088,0.86182064,0.004728811,-1.4652259,-2.6187143,1.4862854,1.7193036,-0.27813056,1.3129654,-2.305839,0.7573187,0.6394991,-2.7345915,1.27574
-0.326709,-0.737748,1.5361019,-0.20883529,0.7166203,-1.245429,0.36166587,0.5362301,-0.8327391,-0.5038028,1.2353731,0.79084104,0.07350155,3.067836,0.27200824,-1.478871,-1.6498445,-1.3420161,0.05108556,2.118826,0.33824107,-1.8568547,-2.7457497,0.6711956,1.134424,-0.094041415,0.41673863,-1.0556108,-0.23856753,-0.3692369,-2.8822947,1.0644853
-0.80086404,-1.1364983,0.55836123,-0.28755015,-1.1989813,-1.7860883,-0.1292556,1.3784767,-0.62653124,-0.47039437,1.6276834,2.4299963,-0.6172708,3.4781182,-0.15419503,-1.3459747,-1.2957642,-1.1936959,-0.51302165,2.820964,-1.2160125,-1.590653,-2.473287,0.7687254,1.7487661,-0.03340312,2.96776,-1.2749606,2.1307836,-1.9858953,-2.861795,1.2408574
-0.8533342,-1.4520706,0.9527242,-0.23441477,1.3387132,-0.7746037,0.9058495,0.64088774,-1.5290176,-0.8149538,0.50565064,1.512277,-1.0249324,3.3075664,-0.49226654,-0.6428161,0.922995,-1.2347968,-0.83400637,1.093558,-1.2810985,-1.6579512,-0.8846274,1.1390208,1.4125689,0.45170075,2.3471737,-2.3484874,0.5973139,-0.021227723,-2.2889063,2.0948243
-0.42604092,-0.40980965,-0.007408157,-0.453021,-0.47850126,-1.0210054,-0.14592475,1.0197427,-0.578673,-0.97178423,1.2910842,1.4330457,-0.2968966,2.0282016,-0.16496284,-1.2274479,-1.1272237,-1.3866353,0.06172228,1.6043324,-1.1947329,-1.2051353,-0.81689394,1.2055067,1.9123983,0.4591041,1.9916896,-0.8367912,1.2858897,-1.1900771,-1.892308,0.89450765
-1.1544324,-1.133026,2.3236303,-0.7675509,1.2335165,-1.1991754,0.35795593,-0.6736115,-1.0904402,-0.08083384,0.69116867,0.6581409,-1.0516444,3.9222615,-1.5580516,-0.8128274,0.07182425,-1.480374,1.0776163,0.44867525,-0.04908734,-1.4940265,-0.7398189,0.84896255,2.1024308,-1.0774568,0.7346536,-0.9888178,-0.08774798,0.08472134,-2.5983098,2.0048785
-0.37240615,-1.7916924,1.605412,-0.46201724,1.0664849,0.039046645,0.6423479,1.0276419,-0.6341381,-0.7883364,0.7411885,1.0657768,-0.013032265,3.2487724,-0.53283,-1.1352051,0.518638,-0.53807926,-0.5608942,1.0932865,-0.8087387,-1.4022815,-1.9330181,0.67793834,0.82211924,-1.1049656,2.544186,-1.6335133,1.6184429,0.16856818,-1.6154636,1.2631934
-1.481025,-2.1812465,0.5612711,0.2764104,0.9321127,-1.6675602,-1.1806731,0.6870472,-0.659195,-1.5873348,0.5810119,2.831299,-1.078822,3.5294003,-1.0565659,-1.1963545,-0.3621598,-1.3286834,-0.58408225,-0.07105323,-0.86891264,-1.6302209,-1.3472936,2.6229744,1.2982749,-0.38137233,1.7411172,-2.4358232,1.335622,-1.7328045,-2.2568836,3.4399
1.3085842,-0.5987828,0.66199666,-0.022469692,1.8945124,-2.0832603,-0.60784507,-2.076502,-2.5836556,-1.8125856,0.19883423,-0.57301277,-2.888112,1.6757774,-0.2693035,-2.3570337,-1.9036943,-2.3646832,0.28177285,-1.1621029,-2.2596874,0.049801335,-0.46329457,2.3944674,0.5821667,1.265363,2.226189,-0.30150622,-0.55964607,0.37528554,-0.97241056,2.6303422
-1.7939777,-1.9231954,1.4016376,-0.7423249,0.49585423,-0.72951216,0.69348043,0.2524377,-1.1978731,-0.36595452,0.4322147,1.2815294,-1.2429528,4.3512177,-0.626846,-0.55160373,1.2267069,-0.48770428,-0.24365735,1.630552,-0.33658502,-2.2018847,-1.7858164,0.47189748,2.4073994,-1.5270842,2.8633368,-2.5284386,1.3918438,-0.47183284,-2.6943831,1.7081946
1.0664401,0.07409946,0.3533625,-0.9647981,2.2850597,-4.164498,-1.2889026,-3.7763233,-3.1489174,-2.623741,-2.041501,-2.55965,-4.5086803,2.6882231,-2.4545457,-3.592661,-1.9590429,-3.1391175,2.2056112,-3.8165483,-4.095784,2.1249661,-0.97845924,3.2941365,0.32887354,1.3161677,2.132306,-2.2984788,-3.3191035,2.0371473,-0.9410417,4.3654857
-1.027638,-1.7551374,2.0187368,0.6579804,-0.21123105,1.5708299,1.4090726,1.5032239,-1.9628617,-2.5875006,1.3884141,-0.21974757,-0.11396283,4.427177,1.3600829,-2.330128,0.06749487,-0.5917889,-1.1400533,0.64415467,-1.8734384,0.4050546,-1.8184556,3.1634052,1.1510494,-0.4608167,-0.16104795,-1.863672,2.9793255,-0.8625525,-1.4302605,1.1075665
0.07499043,-1.2609726,0.49281913,-0.20590527,0.95834595,-1.0158993,-0.12113861,-0.029691076,-1.0018271,-0.9382132,1.2418894,1.3672303,-0.60489905,1.6664813,0.00092467666,-1.1255046,-1.2198856,-1.0245318,-0.4396432,1.0694319,0.02861541,-1.7584192,-1.6176462,1.1274042,1.2703731,-0.6486261,2.271651,-1.0461723,0.35437882,-0.30220577,-1.5850984,1.1437808
-0.73935133,-1.5242237,1.4954824,0.5843366,1.506428,-0.39757863,0.44608647,1.5598696,-1.9812313,-1.6642305,0.69896144,0.8232218,-0.39525375,4.662523,-1.9573114,-2.2612736,-1.5720757,-1.3142066,-0.1532163,-0.34627095,-1.1524227,-1.4799047,-2.8534622,3.651154,2.1398332,-0.46135214,2.5312626,-3.3034067,-0.045141898,1.3314972,-3.1575236,3.0360246
-1.9891003,-3.0088956,0.9132473,-1.1789906,0.06798504,-1.3866557,0.81739897,0.056522727,-1.8804883,-2.998483,1.5693085,1.9189771,-0.87482136,4.303686,-0.64652467,-1.768183,-0.058392376,-1.3298308,-0.73743176,0.780062,-1.4086125,-1.6674215,-2.239603,3.674393,2.5234318,-1.6237518,2.3871686,-3.8446424,0.54634875,-1.0149362,-1.3902141,2.2117445
-1.7129914,-2.0948675,0.45118773,-0.62133396,0.81637436,-2.8228018,-0.25740725,-0.68301225,-1.6910411,-1.260203,0.6142101,0.7380242,-1.1305858,4.04159,-0.94273645,-1.820163,-2.5065606,-0.860711,0.15734096,0.7294416,0.5005115,-2.8406703,-2.7563293,2.2728994,2.3378968,-2.3750389,2.8289623,-2.3537834,0.3030958,-0.59969187,-3.362071,2.2841856
-0.4526674,-0.5788078,1.4473339,-0.23088367,-0.26778686,-0.29279593,0.19725129,2.0202677,-0.2855602,-1.1805842,1.9154483,1.1949502,0.6750511,2.9504364,0.6475,-1.6578729,-1.5262494,-1.6631529,-0.31105492,2.5564606,-0.32531148,-1.3722612,-2.6291435,1.1319711,1.1953529,0.84040815,-0.20064679,-0.67986465,1.0674833,-1.2283355,-2.153588,0.47590122
-0.36768284,-1.0829444,0.09693149,-0.0067536235,0.62908614,-1.3992689,-0.3805299,-0.14041622,-0.7988435,-1.0976878,0.048180565,1.0714488,-0.8360387,1.6793187,0.7082973,-0.7945395,-0.06796186,-0.6787685,-0.59884244,0.9472143,0.5071284,-1.2270184,-2.3120997,0.49464664,0.750365,-0.8883451,1.3006498,-2.0927196,0.010797009,-0.56238097,-1.8669791,0.822629
-0.6996838,-2.4533253,-0.25948954,0.76824015,1.6028783,-0.7837277,-0.46039164,2.427636,-1.3532468,-2.4932728,1.3646097,3.5434263,-0.3231434,3.5854812,0.65239674,-1.6636102,0.5138576,-1.6030265,-1.7520275,1.8344223,-0.2792342,-3.0914266,-2.4502804,2.4503996,1.3731738,0.14032724,3.1310823,-3.4601984,2.0134826,-1.3233229,-3.3441145,2.512835
-0.6443886,-2.3101685,0.7387258,-0.33533323,0.79063255,0.21300662,1.0362642,2.1748736,-0.6862292,-0.8041914,1.0715868,1.890064,0.24306834,3.4224973,-0.261097,-1.194976,-0.39052472,0.21690182,-1.4481359,2.3361814,-0.17388679,-2.9282181,-2.896621,1.0188727,1.3646272,-0.683562,3.5441658,-2.2692356,2.6842096,-0.18521973,-2.5001767,1.6044331
-0.6277045,-1.6317936,1.1833329,0.27619156,1.7377076,0.019873204,0.22802302,1.9092375,-1.295382,-1.313699,1.1651447,0.9012094,0.43483752,3.8995361,-0.79813653,-2.0523338,-1.5328101,-1.1368389,-0.42574275,0.6166977,0.32099712,-2.22737,-2.6315143,2.5400498,2.0121238,-0.9800601,1.8968172,-2.4769545,0.28079873,0.7713681,-2.9932563,2.0093493
-1.6264018,-2.6133733,2.4795465,0.19792639,1.7994869,-0.2977497,0.3373028,1.3526005,-0.62841237,-0.82292235,-0.67698497,-0.056971014,0.3682643,4.287187,-0.38891488,-1.9386635,-2.1752176,0.32104743,-0.2962652,0.64069,0.9128162,-2.6685333,-5.0739975,1.6994231,0.15333499,-1.6824586,1.1628108,-1.8948214,1.9012218,0.13937983,-2.8582063,2.5527403
-0.7254192,-1.4455736,2.2010365,-0.26000386,1.3222787,-0.7263604,0.17751019,0.28971288,-0.9452306,-0.42574143,0.90468276,0.56095415,-0.48171842,2.869326,0.48669213,-1.0115044,-0.89652747,-1.1615779,-0.1167336,1.6871743,0.15100175,-2.0749443,-2.229347,0.42820197,1.1928452,-0.28188163,0.63100624,-0.32611936,1.2644209,-0.7945704,-2.3457413,1.372581
-0.5430768,-1.4206386,1.791231,-0.1396532,1.8226445,-0.8404345,0.30975562,1.2891333,-0.95108306,-1.3345082,0.52727985,1.3114858,-0.23604348,4.6681156,-0.37750626,-1.5900618,0.50733495,-1.481728,-0.21642348,1.3381058,0.56193155,-1.7452134,-2.7417183,0.9047208,1.1501032,-0.8147441,0.8277209,-2.9638348,-0.17313477,0.51029545,-3.1710706,2.2699711
-0.41719007,-1.7509291,1.7958246,-1.2654167,0.6660803,-2.6242876,0.83575314,1.2771556,-0.80350876,-0.95092607,1.9017631,1.9470301,-0.04626542,5.149604,-1.6633422,-1.9500867,-1.0742948,-1.5352663,-0.1282269,1.9129332,-1.9847916,-2.0072937,-2.02625,1.655441,1.2608924,-0.64260054,3.0844252,-2.1105247,1.1006964,-0.38856432,-3.0598972,3.0168657
-0.79102874,-2.4917324,1.2315385,0.25036788,2.457225,-1.3769593,0.34514418,0.4102406,-1.705598,-1.0211334,-0.29847592,2.2901576,-1.5560578,3.7182267,0.18736088,-1.0610738,0.15458766,-1.0273272,-1.7768,1.9123356,0.09250351,-3.1806753,-3.3948905,0.996482,0.75017506,-0.002155237,3.2005017,-3.0104675,0.4196517,-0.17836432,-3.014114,3.1304123
-0.9001806,-1.1752722,2.100917,-0.39504564,0.52022517,-0.5378,1.2915545,0.19157849,-1.1423262,-0.8620156,0.57572275,0.080599874,-0.70637435,4.0155506,0.12073948,-1.53582,-0.3790974,-0.583587,-0.4194438,1.814253,-0.613887,-1.2334732,-2.4442027,0.71964705,0.9133237,-0.6598485,1.1680989,-1.1719042,1.1995183,-0.21401484,-1.801347,1.3822508
-1.2225863,-1.3225874,1.2872728,0.12378552,-2.1462736,1.2127428,3.3932023,2.4411142,-2.8064232,-3.6626842,0.104769096,-0.5015534,-0.49211976,6.5261545,1.2277433,-3.5736606,0.71390545,0.20477419,-2.4027975,1.5231981,-5.0843,1.7511107,-3.252922,3.378149,0.20729914,0.7210591,1.9576784,-3.667199,4.086308,-0.69126,-1.452019,1.8430248
0.46091625,-1.2339813,1.4854403,-0.40664595,1.2991073,-1.741671,0.8701686,-0.0025520483,-1.0954965,-1.1894802,0.117096454,0.65507954,-0.5586236,3.29834,0.0018098801,-1.9479439,-1.034296,-0.7916462,-0.69668835,1.2637737,-0.65031135,-1.7106267,-2.1184974,0.8212602,0.16890976,-0.97211075,2.6520352,-1.1793106,0.76057994,0.040742215,-1.7778102,2.3330603
-0.84754336,-1.405981,0.35537934,0.14988545,0.59618175,-1.571075,-0.645867,0.4285929,-1.1147574,-1.38248,0.91325074,1.4221194,-0.54359925,3.304545,-0.59043896,-1.3050469,-0.70023376,-1.2172842,-0.22023596,0.6593598,0.24948047,-1.80766,-1.968687,1.9794949,1.7921221,-1.7162783,2.030612,-2.4345415,-0.12943968,-0.37743118,-2.6005132,1.5364215
-1.4136529,-1.7963476,2.4743848,-0.3560409,0.1695561,-1.6508782,0.8086967,1.4003309,-1.6472923,-0.739718,1.9204893,2.3069303,-0.47958812,6.162527,-1.07216,-1.7111841,-1.0300112,-1.9354033,-0.13745646,2.6364195,-1.2517506,-1.802856,-3.9192173,1.75204,1.9203905,0.4473041,1.771139,-2.5555553,0.42439964,-0.9243059,-4.5429287,2.5123105
-0.88107675,-2.0262802,1.3393424,0.16182595,0.44133884,0.070251,0.39203566,0.7171343,-0.7886627,-0.6862341,1.3282988,2.0602365,0.08612656,2.9915385,0.507656,-0.76682013,0.05838284,-0.062773794,-0.7215871,2.0831323,0.8622754,-2.2573752,-2.8719192,0.33288875,1.6766564,-1.384016,2.2556214,-1.6841457,1.778684,-1.1329263,-2.5601163,0.6008296
-1.0134159,-1.7353153,1.2086664,-0.97860074,0.45578885,-1.2112665,0.30074525,0.7603638,-1.0298761,-0.9928521,1.119716,1.0318767,-0.8882653,3.6922472,-1.3032035,-1.7860739,-1.5063522,-1.2356476,0.022244215,1.02652,-1.2957181,-1.9551631,-2.0874763,1.9214301,2.083169,-0.56247145,2.6594532,-1.642531,1.3168311,-0.50957197,-2.033829,2.203344
-0.9618207,-1.7859831,0.9348379,-0.0030296221,0.2576136,-1.9074514,0.23970225,0.04165911,-1.4355685,-1.2048341,1.3759174,1.8928404,-1.089222,3.7052608,-0.08805318,-1.0827675,-0.8917243,-1.1440561,-0.75660294,1.5736018,0.23210329,-2.3871164,-1.8224678,1.8753477,2.3303077,-2.1001701,3.0084412,-1.6531562,1.028759,-0.99062043,-2.6437876,1.6193098
-1.14617,-1.1124347,1.3089544,-0.0083492845,0.8151981,-1.0330184,-0.1359429,0.4910147,-0.70450974,-0.75599277,0.4438775,1.3880625,-0.6353965,3.9103982,0.33270407,-0.9669346,0.88021207,-1.1541052,-0.3322785,2.031821,0.31902304,-1.9489921,-1.202018,-0.0658768,1.6216624,-1.0105057,1.269173,-1.4812053,1.6643832,-1.2362547,-3.0444095,1.6278694
-1.171414,-1.3840643,1.0715039,0.22671705,0.80380666,-0.4614501,-0.1414538,1.424608,-0.6083659,-1.0798067,0.6108712,0.6315243,0.3428882,3.922348,0.03427635,-2.2538033,-1.9520781,-0.2939395,-0.2236824,0.9569486,0.9349199,-2.3811605,-2.5513477,2.0131273,2.0630662,-2.5120647,1.6793847,-2.172827,1.9879735,-0.16304667,-3.228891,2.112299
-0.05139275,-1.699446,1.889046,-0.5573024,1.5537758,-1.3846498,0.78586906,0.91768074,-1.2331678,-0.72959733,0.82988364,0.96889716,0.15272436,4.4157343,-0.9629958,-1.9984361,-1.4290377,-0.550385,0.044896483,1.4232359,-1.0618625,-2.2237842,-2.4443364,1.1278317,1.0101099,-0.9210112,3.3327963,-1.809533,1.4732237,0.29486257,-3.499672,2.6576195
1.6392967,-0.30286822,0.11674321,-0.8650291,2.3845959,-4.0783944,-0.60831136,-3.7036586,-2.9381185,-2.178334,-0.94493353,-1.4473083,-3.923296,1.8505919,-0.45329773,-3.040663,-2.472276,-2.435152,0.87066185,-1.438245,-2.2527423,0.13416699,-2.0638552,1.9706938,-0.21094263,1.2969064,2.5498526,-1.2152964,-2.3391185,0.8583656,-1.1578453,3.2319252
1.3607419,-1.0072457,0.038843982,0.027413536,2.5283108,-2.923952,-1.6655856,-2.9619806,-3.1698854,-2.898021,-0.24355504,-1.1167834,-4.0637174,1.6776302,-0.99986476,-2.745249,-2.0702302,-3.0515168,1.1959947,-3.0233223,-3.1245906,1.026774,-0.3864513,3.826978,0.3790506,2.2205966,1.609709,-0.9087739,-1.4256148,0.39914283,-0.8629373,3.6425228
-0.5265479,-1.7936306,1.9731065,0.34506863,1.9806876,-2.3107264,0.73531157,0.2625108,-1.7734003,-1.1188669,0.41593054,2.0121703,-1.2411497,4.6588416,-0.97037107,-1.422577,-0.54427695,-1.6691772,-0.77171177,1.1226625,-1.0670985,-2.141199,-2.5817487,2.033184,0.7676787,-0.05916547,2.7909098,-2.3661606,-0.32843027,0.13969776,-3.1506424,3.4251974
-1.0334074,-1.485881,0.11365746,-0.027568258,0.27992165,-1.520708,-0.21829122,1.244721,-1.0656712,-1.4040526,0.7425713,1.1463436,-0.33800408,3.592815,-0.9181935,-1.8673028,-1.5429777,-0.75243187,-0.30737424,0.40645903,-0.70273644,-1.7266228,-2.099308,2.554487,1.4950769,-1.0424225,2.2297316,-2.4659824,1.1416807,-0.4379592,-2.7872431,2.3109958
-0.25701252,-1.0111182,0.57389754,0.1559746,-0.79447895,-0.50102687,0.6058842,1.5718108,-1.3657994,-0.6834561,1.6012862,1.9602859,-0.23192704,2.2218785,0.84953463,-1.1605198,-1.3583884,-1.0117093,-1.0647999,2.6020432,-1.3660327,-0.9847108,-3.4178722,0.8762249,1.1151202,1.4728122,1.8546453,-1.6216824,1.0553612,-1.3853939,-2.4085028,0.3895171
0.43509898,-3.8115,0.9336181,-0.17566727,1.4851584,1.1991779,-3.0766375,2.1926608,1.0843335,-1.5931561,3.4372814,3.556488,0.06769379,0.037635937,-1.4012398,0.30233592,0.06217867,-2.298998,0.08007403,-0.94140905,-1.081632,-1.3598788,-2.1506982,2.366457,0.59275025,1.0905731,0.57757974,-0.15780021,2.3129935,-1.2892638,0.7566788,0.51180744
-0.7048351,-1.4346515,0.7597358,0.44365674,0.51799726,-2.0064905,0.054667056,-0.37425405,-1.2033445,-0.907738,0.5954958,1.7775085,-0.6018567,3.0724933,0.017159536,-1.1773565,-1.1855547,-0.77253133,-0.5282886,1.3171073,-0.11199864,-1.6844226,-2.687738,1.246932,0.51919293,-0.43855932,2.037246,-1.4570103,0.050367747,-1.1119698,-2.5195866,1.5839328
-2.3792648,-2.6642935,0.62669367,0.22820017,1.0563836,-1.4979792,-0.8197307,0.5445342,-1.4576418,-0.46840084,0.4223282,1.353943,-1.532165,4.2303166,-1.1198949,-0.9828669,-0.5035256,-0.6805462,-0.12505592,0.12353408,-0.11427567,-2.3547435,-2.2700796,1.9404442,2.256976,-1.8552353,2.6485257,-2.955872,2.0156054,-0.73940825,-3.7613864,2.684124
-0.42405656,-1.1107396,0.011048645,0.45367736,0.19775894,-0.5536695,0.27769688,0.811663,-1.4792819,-1.5515156,0.8514986,1.9208065,-0.91240245,2.4607987,0.48543185,-1.1422988,-0.24567334,-1.334387,-1.1524398,1.1362464,-1.2571466,-1.0488002,-1.6558529,1.8868134,1.0579283,0.5671775,1.8899986,-2.0402305,0.78720504,-0.956566,-1.801965,1.1905462
-1.0828903,-1.3373206,1.6152633,-0.1223038,0.8163754,0.7431231,0.20769951,1.5023023,-1.0414557,-0.26512468,0.3823223,1.3027297,-0.75161785,3.892705,-1.3084565,-0.85874695,1.3568729,-0.7481943,0.12986055,1.1123979,-1.1039485,-1.2733923,-1.692036,0.46526498,2.3487177,-0.117051624,3.095146,-2.6434615,1.7389,0.57275146,-2.7594173,1.5899518
-2.1151946,-1.8977544,-0.1078639,1.5842868,0.23067284,-1.714666,-0.79910326,1.1657493,-1.7450265,-1.7433703,-0.31141692,2.2320373,-0.9787968,4.172072,0.40376306,-1.396513,-0.96351326,-0.87073195,-0.9837823,1.1251407,0.6415939,-2.1216326,-4.5835767,2.4658937,0.7823581,-0.376025,2.0581899,-3.6052375,0.53463143,-1.1303421,-3.9784863,1.9959363
-1.3316485,-1.1248783,0.31647748,0.4295798,1.030885,-0.69136995,-0.39432168,0.68132395,-1.3431095,-0.6594729,0.34785724,1.0702047,-1.089695,2.4457536,-0.22798236,-1.0276419,-0.9652428,-1.2305148,-0.5069336,0.26765606,0.34833246,-1.7006769,-1.7013603,2.0447962,2.090607,-0.34712282,1.0328109,-2.369041,-0.013716295,-0.09946458,-2.64268,1.8531951
-0.16209155,-1.1883148,-1.0581433,0.7748148,0.0607849,-1.3449847,-0.09132602,1.3880811,-1.9540938,-1.3800287,0.47208497,1.7014543,-0.6625451,2.5519698,0.87029403,-1.9852266,-2.6050003,-0.75221235,-1.5676981,1.5837309,-1.3232242,-1.6894897,-3.939699,2.2752235,0.5113933,0.5175493,3.7781508,-2.7416863,1.098936,-0.6618967,-3.1309545,1.4518996
-0.5719693,-1.8098156,1.1739597,-0.32099193,1.7146976,-2.16889,0.41351482,0.6852969,-1.6449149,-1.323916,0.8946892,1.655581,-0.6757423,5.3871865,-1.1488574,-2.2121162,-1.1190872,-1.3612067,-0.44477874,1.2400628,-0.44738147,-2.926363,-1.8215071,2.1302984,2.0456176,-1.5101355,3.235855,-2.581682,0.6996116,-0.09293678,-4.0653057,3.537629
-0.49641708,-1.3194878,1.649916,-0.30327362,1.2655473,-0.15145834,0.46505964,1.2763779,-1.1309618,-0.77518743,0.92574525,0.82781154,-0.0013064742,4.3236094,-1.0760384,-1.732878,-0.06955688,-0.86768854,0.33259338,1.2168082,-0.5799651,-1.7465419,-1.7655659,0.9506422,1.8437998,-0.8077873,2.4933066,-1.9165113,1.3805052,0.37570834,-3.255577,1.8486322
0.019975495,-1.2020525,0.94161576,0.92592627,2.0796247,-0.83166295,-0.10333233,1.4615144,-1.1195853,-1.082004,0.36053514,1.4055926,-0.19573201,3.1726336,0.5339727,-1.5231154,-0.5737464,-1.3107094,-1.1242481,1.4157728,0.7370808,-2.6536524,-2.1522841,1.2346759,0.87872577,-0.36606315,1.867851,-1.5801276,0.47685456,0.05324188,-3.1097863,2.1063192
-1.4003831,-1.4328545,-1.2497365,0.4841661,0.14897105,-1.4921842,-0.6543993,-0.008678391,-1.5645097,-1.2887431,-0.0640192,1.8389802,-1.670392,1.8642807,0.6518382,-1.1004772,-1.0032837,-0.72188574,-1.180957,0.6753087,-0.19985276,-1.8942889,-1.7468839,2.1144617,1.5604814,-0.20779216,1.8768198,-2.4334,0.5762447,-1.6229641,-2.4249754,1.7520698
-0.307895,-1.6401051,1.7581455,0.07637091,2.828737,-0.8674465,0.34075916,0.5947617,-1.4903923,-1.0976566,0.08038778,0.6636832,-0.8072004,4.4628778,-1.8842609,-1.8547063,-0.34723836,-1.3361688,-0.060578406,-0.7089385,-0.23880698,-1.9917525,-0.8155477,2.508714,1.7893821,-1.4354234,1.9408926,-2.6543949,-0.11185012,1.6040907,-2.822328,3.8238726
-0.220764,-1.0766006,-0.39520687,0.85251033,-1.2823148,0.30560625,1.4475605,2.190387,-2.408564,-2.5908685,2.2726357,1.6947349,0.18288064,3.5517867,1.9899027,-2.7670462,-1.8897383,-0.8493315,-2.0887275,2.7926953,-2.6823606,-0.5509428,-3.4211,2.9356368,1.2617321,1.3836766,2.758442,-2.5214498,2.4299977,-1.8737783,-2.6258225,0.6232908
-0.5374521,-2.1081293,1.5477009,0.7086026,1.3081706,-1.0753876,0.3588076,0.9290847,-1.5903426,-1.7190064,1.0795033,1.5594158,-0.09193759,4.0167027,-0.41634363,-1.716159,-1.3786364,-0.8909914,-0.607727,0.2499795,-0.30078995,-1.6347046,-3.6266215,2.6740396,0.7821652,-0.83609545,2.3784285,-2.395527,0.6638272,-0.11674985,-3.0247228,2.1449306
-2.2600486,-2.8316243,2.9984798,-0.08121608,0.49671352,0.27907258,1.133116,1.6072793,-1.0735646,-0.8911996,1.0643492,1.5546298,0.006432675,5.219834,-0.50512993,-1.1002752,0.18230876,-0.34766775,-0.24130388,1.3968765,-0.16703452,-2.1476026,-3.6368315,1.7731806,1.7627461,-1.3383536,1.5164472,-2.359842,2.680007,-1.08565,-2.9609215,1.8317819
-0.80766594,-2.0265079,1.7937841,1.3418375,1.4453113,-1.122813,-0.018116914,-0.28550625,-1.9234793,-0.13289982,0.3151089,2.5248492,-1.4014647,3.9604151,-1.05238,-0.309644,0.17711818,-1.1132498,-0.30970362,0.4632251,-0.25513473,-1.9721757,-1.8631909,1.4052978,1.313684,-0.28019744,3.1766832,-1.4341346,0.24861047,-0.46309784,-3.2870193,2.3274674
-1.1195908,-1.3753227,1.2559395,-0.3237707,0.03498692,-0.09040962,0.471001,1.1166861,-0.61346745,-1.1326802,0.5014189,0.3803741,0.2530925,3.0277836,0.2572844,-1.3628982,-0.5662835,-0.3799752,-0.18525603,1.2590448,0.12396652,-1.1820565,-2.7285035,0.73957443,1.1554842,-1.253169,1.0043359,-1.6955845,1.5415323,-0.39353815,-1.8427889,0.5597275
-0.7023858,-1.5536342,2.081303,0.39787155,1.513303,-0.8467402,0.3508477,1.8606529,-1.6458222,-1.499983,0.07245855,0.85738283,-0.43343696,5.1484303,-0.17701776,-2.2671638,-0.55742884,-1.7718163,-0.61277044,1.1213981,-0.30415055,-1.1253259,-5.273245,1.6114453,1.1718782,-0.97027385,1.8639271,-3.9893005,-0.7950095,0.76576155,-3.8486638,2.096302
-1.631397,-2.2083647,0.99879086,0.10763983,1.4524832,-1.1901989,-0.83286434,1.2294418,-0.8084326,-2.0213706,0.47066477,1.272484,-0.45816413,4.726365,-1.4259964,-1.9932721,-0.58587205,-1.1392661,-0.108621866,-0.58064777,-0.18629476,-2.1674418,-0.98197293,2.9954343,2.2727249,-2.5055168,1.9353211,-2.7355144,2.0960455,-0.3651981,-3.0440278,3.422926
0.04311728,-0.98499596,0.9896237,-1.2144469,1.3664358,-2.3382323,0.6070851,0.5209344,-0.5648454,-0.20858431,-0.2281586,0.1853903,-0.66786325,4.312905,-1.2578467,-2.1472526,-0.2550326,-0.08148469,-0.38968426,0.9664138,-0.9386205,-1.5975093,-0.8888979,0.20238587,0.5710739,-2.1784592,3.566285,-2.4543269,1.5005091,0.7460958,-2.6377175,3.6113026
-1.3181511,-2.3962796,0.43731487,0.05270051,-0.17743826,-2.1491065,-0.40894803,1.4717293,-0.7836094,-1.507875,1.9069942,3.7054944,-0.6041014,4.504798,-0.004210338,-1.0853714,-0.22140788,-1.4846377,-1.2496482,2.6749027,-0.6464325,-2.7262745,-2.6276672,1.6960338,1.7011496,-0.5871363,3.2871332,-2.3644774,2.1006312,-2.32266,-3.332969,2.0095682
-0.8736219,-2.148224,2.5878124,1.5719863,2.703777,0.04073344,0.33909932,1.6796373,-2.3118985,-1.2384295,0.55142534,1.5750709,-0.8487314,5.8262224,-1.3105716,-1.4706591,0.79394,-1.4860183,-0.5022263,-0.53426373,-0.73734725,-1.6115992,-1.8530518,2.9192023,2.0764804,-0.8084824,2.9380615,-3.5254312,1.076941,1.1397166,-4.2281313,3.8042974
-2.0535023,-1.761695,1.0285935,-0.025140509,0.7779165,-0.4270247,0.13677585,0.5298423,-0.837654,-0.8079929,0.33755422,0.8246604,-0.52058226,2.784823,0.528008,-0.67628026,-0.4340164,-0.19424284,-0.7274593,1.1462226,0.78168947,-2.0369718,-2.678853,1.3240894,1.3892655,-0.9628916,0.42053026,-2.1825266,1.134035,-0.62212306,-2.2320323,1.4610771
-1.3666025,-1.6665748,1.8660842,-0.703989,1.7645419,-1.3950315,-0.025649495,1.0334721,-0.55079305,-0.4962511,-0.1968301,0.632124,-0.47427338,4.125662,-1.3367733,-1.614026,-0.32259226,-1.0379068,0.33709162,0.72869444,-0.49796456,-1.9635798,-2.3470225,0.7255205,1.0436432,-1.0450299,1.6702571,-2.1930585,1.2690048,0.26529548,-3.1140966,2.8791792
-1.1555884,-0.92582995,1.7245603,0.38651025,0.8290277,-1.0345674,-0.14433038,1.7077389,-0.04988788,-1.4081483,0.4878605,1.8310262,0.27118963,4.532074,-0.11592908,-1.6632456,-0.1271481,-1.3227661,-0.5448349,1.823228,0.58717227,-2.13164,-2.1658938,1.1250712,1.2979019,-0.8888781,0.68971026,-1.9139814,1.1074132,-0.7510686,-2.9465432,2.204965
-0.8299668,-1.9955473,1.6833193,-0.53810906,1.2270298,-0.16209443,0.42247972,0.5126695,-0.9529034,-0.2856756,0.43418053,0.19978842,-0.8446096,2.2476351,-0.21828167,-0.93822587,-0.78910744,-0.4146422,-0.64296335,0.48814377,-1.1400515,-1.5192997,-1.7157172,1.146926,1.0720588,-0.59527004,2.0456917,-1.0019916,2.0897486,-0.2004397,-1.2646097,1.750331
-0.9307547,-1.9867762,0.6523228,0.308895,1.4739683,0.14512384,0.17984429,1.6139594,-1.9498131,-1.2707479,1.2119656,1.81431,-0.9359736,3.208761,-0.41918367,-1.6670285,-0.83248824,-1.5562286,-1.2062551,0.87233067,-0.62694216,-2.4263084,-2.4736772,2.4931862,2.2747731,0.23820603,2.5745816,-2.7248585,1.1267078,0.13039744,-3.1211152,2.267834
-1.20256,-2.5754557,2.0406938,-0.722743,1.7857301,-1.8580284,-0.045520134,0.5374056,-0.7739229,-0.8885877,0.4370703,1.1894784,-0.81596154,4.4411974,-1.0634799,-1.3908757,-1.0484977,-0.96320975,-0.34127367,0.7533398,-0.19637364,-2.3962555,-2.980986,1.5502805,0.7590496,-1.3167158,1.5005735,-2.1173081,1.1936574,-0.09517195,-2.9273186,3.258249
0.020174686,-0.8354265,1.2838641,-0.01887124,0.029248342,-1.0734602,0.93912905,0.31620944,-1.4845114,-2.6097274,0.74183077,0.1534093,0.12696192,3.9287717,0.8231727,-2.5743923,-1.2462426,-1.3583587,-0.44503307,1.1803457,-1.6322833,-0.16680005,-2.4111798,1.9763739,0.15010887,-0.29337683,0.99288106,-1.037544,0.69573575,-0.81459326,-1.5301344,1.1537955
-0.6563658,-2.933986,2.279922,0.16911095,0.16802935,-1.7329506,1.1659838,0.60761565,-1.8733752,-0.86207914,1.8733956,3.6314309,-0.9455303,5.5774636,-1.0257723,-0.53019994,0.48321462,-1.4357251,-0.68860394,2.6604989,-1.5025486,-1.8209032,-3.8195257,1.0019699,1.064885,0.058441833,4.2891684,-2.1511166,0.9066537,-1.0256629,-3.4479122,1.6327704
-0.794946,-1.062305,3.03927,-0.44835997,1.4219856,-1.4547081,1.1103644,0.3304036,-1.260923,-0.13567972,-0.24381864,0.13620314,-0.2990681,5.70183,-0.42929226,-1.8432255,-0.7248068,-0.65703416,0.23479615,2.1822844,0.44733402,-1.923948,-3.9857545,-0.24115065,0.9017817,-1.4826442,2.0238974,-2.3243577,-0.041244023,0.6891553,-4.086553,2.2046063
-1.6215838,-1.1170998,0.26086766,0.6193702,0.75707394,-1.9149016,-0.7085217,1.0187743,-1.5889168,-1.8057381,0.41122892,2.4953718,-1.1377889,4.6841908,-0.4747777,-1.7665415,-0.18485594,-1.7114444,-0.42204183,0.9243018,-0.08654794,-1.6378293,-2.5634317,2.4798281,2.2034025,-0.5889067,1.8179806,-4.267822,-0.23917106,-0.75032187,-4.176022,2.8809583
-0.20084542,-4.0516696,1.8165193,-0.1553663,0.8372712,1.0953281,-2.503783,1.7722975,0.5125482,-1.7328771,3.8934221,3.4251542,-0.09532293,1.4204435,-2.262464,0.081623204,-0.41393027,-2.6503181,0.64094436,-1.3067626,-2.3444796,-0.7536311,-1.6749134,3.4721367,1.1055499,1.168921,0.48663303,0.35173264,2.1028113,-1.642377,0.4768653,0.8392068
-1.0602106,-2.0009298,1.4775243,-0.29021674,0.62133455,-0.88133305,0.9275981,2.730182,-0.97769594,-2.181426,1.3182305,2.2274287,0.46649617,5.5236034,-0.48280007,-2.4152498,-0.25128913,-1.24327,-0.83908933,1.7678223,-1.6105564,-1.9664856,-2.5875597,2.6041865,1.6027656,-0.64361084,2.4348311,-3.4479432,2.3195677,-0.80454576,-3.2339315,3.0854578
-0.3447425,-0.86587566,1.049923,0.0012640804,-1.3022149,0.40429404,1.6254052,2.0556757,-1.4321005,-4.3446817,1.0759722,0.72328633,-0.036686324,5.5605173,1.5689436,-3.301674,1.1952217,-1.2350515,-1.3756803,1.5999604,-4.199964,1.5783501,-1.9931688,3.0159762,0.22925153,0.8064074,0.546162,-2.7859135,2.917249,-1.8607327,-0.8940017,1.3210535
-0.42712113,-1.9649887,1.3701549,-0.4447018,1.8086317,-1.4612253,-0.7929335,0.6756059,-0.5579127,-1.0961367,1.2357855,2.2907128,-1.0233574,3.2058764,-1.6279141,-0.8837186,0.38934898,-2.0176075,-0.086638585,-0.14202288,-1.315365,-1.4503114,-0.8296417,1.8073937,0.9590584,0.25217623,1.6957334,-1.8960829,0.69703716,-0.50282633,-1.8816948,3.0688243
-0.52072,-1.7173704,3.2039742,-0.2741441,1.6615658,-0.42913973,0.9215859,0.67316633,-1.3919959,-1.6810547,1.2447513,0.61676204,0.071018495,5.8724165,0.04695376,-1.6155264,1.4163648,-1.311521,-0.016296808,1.5558654,-0.0296575,-1.3822795,-2.432161,0.62721944,1.0930932,-1.4532754,1.0410584,-2.2871873,0.77979183,0.309591,-3.1878982,1.7384291
-0.51594144,-0.1913005,0.66373545,0.51092917,0.54670346,-1.1725959,0.1482448,0.9871617,-1.2551482,-1.1605422,-0.025781348,0.26984307,-0.20389855,4.053106,0.59469855,-2.4228356,-1.8810734,-0.6031481,-0.82824713,1.8715639,0.69986355,-1.8638954,-3.4452288,1.0840224,1.4578776,-1.3588917,2.3894615,-2.5301476,0.3082902,0.27378207,-3.6963308,1.639921
-0.35538286,-0.77295715,1.8173082,0.84859985,-1.3601594,1.5722492,0.9248978,3.6479535,-1.0245138,-3.561431,1.3711932,0.41132426,0.8635794,6.346748,0.24553175,-3.2605336,0.41065705,-1.2468958,-1.1974114,0.5492535,-3.306353,1.5838026,-2.285457,3.899462,0.935459,-0.19429615,0.4606844,-3.1621027,2.9120946,-0.71872526,-1.8412493,1.3639529
1.8593073,-1.6570196,3.9139924,-1.9817042,-1.924433,2.8140748,-0.22956115,-0.38157153,-0.18594915,-0.95891523,3.6823907,-0.5406473,2.433742,2.5522892,-3.3581614,-0.8738644,0.2636444,-0.73432153,3.9167707,-0.5550228,-3.1806862,3.4221106,-2.6861882,0.7161373,-0.044968463,0.09961618,-1.4210373,0.60932666,-0.21993256,0.8998874,1.1828302,-2.2186406
-0.90088916,-1.8778473,1.2531639,0.62888306,1.6238747,-1.0490129,-0.018030986,1.3847069,-0.80005956,-0.6833194,0.0066426545,1.3836745,-0.28466815,3.7078826,-1.304337,-1.2960572,-0.62915003,-0.49556285,-0.54729605,-0.24685428,-0.6877679,-1.5802479,-2.3970737,1.9907565,0.4999414,-0.7182433,2.5441332,-2.4941394,1.1567917,0.35730627,-2.8594954,3.0625868
-1.4675708,-1.5359194,0.72612643,-0.15485924,0.39893174,-0.7388955,0.6043384,0.37088192,-1.7627002,-0.783432,0.974376,1.2514187,-1.3664747,3.1836617,-0.03280385,-0.7646566,0.18756172,-1.0248429,-0.4650461,1.4489032,0.1280279,-1.9056566,-2.2251496,1.301806,2.484935,-0.7995115,2.105715,-2.6088822,0.5479101,-0.16230027,-2.710777,1.231777
-0.03748376,-4.8356752,1.4467242,-0.578201,1.0734465,0.8596431,-4.0001903,2.71222,1.4481661,-2.4746153,4.725691,4.7465553,0.29256237,1.093977,-2.9441378,0.144952,0.04165563,-3.3952913,0.7820325,-1.3688383,-2.3665187,-1.1097728,-2.4449573,3.4827254,0.9476195,1.520884,0.73928356,-0.4902416,2.3113241,-1.8452516,0.5818841,0.84083736
-0.2755806,-0.90818894,1.0544834,2.0696647,2.059971,0.06724039,-0.39215946,1.9532001,-1.6014874,-1.2432508,-0.43828553,1.6530443,-0.49965218,4.336718,0.034611046,-1.7499281,0.5963127,-0.9927708,-1.3023082,0.3377581,0.40253568,-1.5466943,-2.2571633,1.8616837,1.4735084,-0.79732466,3.1418889,-3.4751225,0.5423212,0.8022255,-3.9292068,2.76908
-1.040113,-2.0792277,1.0539033,0.44230616,1.0087087,-1.7662826,0.5715344,0.06312919,-1.7292081,-0.4294541,0.036718816,1.8460407,-1.372328,4.3929715,-0.7670315,-1.2747096,-0.8398302,-0.5751268,-0.85301095,1.0146918,-0.9586622,-2.2061343,-1.9125358,1.7857926,1.075178,-0.6856986,3.7718005,-2.0303512,1.4462141,-0.51655257,-3.0340743,3.1895463
-0.7194935,-2.426103,2.7221699,0.14426704,0.7939734,-1.2137482,1.1708087,0.6563633,-1.392693,-0.6068173,-0.32637715,0.8782835,-0.8657884,4.712392,-0.27706313,-1.5450962,-0.67612374,-0.28276092,-0.9813713,1.4964473,-1.3421674,-1.5460631,-3.7763,0.60008335,-0.40345246,-0.28231284,3.1709216,-1.1900486,2.0685074,-0.29696387,-2.3427334,2.5611775
0.7256645,-3.3770385,1.2631716,0.58409035,1.857718,0.9055123,-2.808267,2.1043456,0.60654664,-1.5021054,2.5204563,2.7684338,-0.05749035,0.920205,-0.19657494,-0.2804443,-0.25396156,-1.9432726,-0.3533029,-0.5304267,-0.45549533,-1.6878196,-2.060372,2.0737517,-0.37552795,1.0363933,0.3937167,0.69554794,3.1552937,-1.59202,0.08938062,1.0696261
-1.3168242,-2.1239462,1.267294,0.16456705,1.3392653,-0.74040574,0.2849207,0.9030557,-1.5770406,-0.6740518,0.6161057,0.9717265,-0.43441582,4.9086976,-1.1530075,-1.9506475,-0.74929065,0.0083498135,0.22232275,0.44623318,0.08900236,-2.225368,-2.3365998,1.8999388,2.26772,-2.2910001,3.3850615,-3.1282108,1.9000872,0.42734653,-4.3122935,2.9381974
-1.0142659,-1.6153501,-0.54836124,-0.48574668,0.740844,-1.0838332,-0.536914,1.6272995,-0.7481955,-0.6061036,0.020114481,1.4781274,-0.83471674,2.1602676,-0.100166544,-1.0895662,-0.48238316,-0.7740433,-0.7694137,1.6950437,0.28094292,-3.0920744,-1.7461414,0.5369353,2.1161942,-0.6555138,3.1586978,-1.9913361,1.9253721,-0.9995763,-2.613908,1.457197
-0.12928781,-2.7310486,2.022856,1.0319387,0.62885845,-2.929862,0.5393907,-0.21772015,-1.8638967,-1.4158422,-0.014504656,3.1038845,-1.348902,5.782965,-0.544791,-1.0067114,0.25404453,-1.023302,-1.0161296,1.743577,-1.3363516,-1.8575517,-3.32313,1.1666881,-0.4495327,-1.0939008,5.2081127,-1.8088804,1.5270989,-1.0221597,-3.1692784,2.8946998
1.3640776,-1.7654452,0.25436148,0.12271002,1.1051257,0.41008565,-1.9009147,1.0573386,-0.16933618,-0.89586985,1.4529603,1.2822133,-0.34661576,-0.45466745,-0.5781297,-0.562989,-1.4499108,-1.2966393,-0.05544926,-1.2680088,-1.3541732,-0.09931338,-2.2795653,2.0055115,-0.35244933,1.3682146,1.2416444,-0.6507984,0.60895014,0.15167567,0.0032313615,0.7558832
0.07734976,-1.3180456,-0.16322255,1.0134264,0.31442457,-3.1306624,-1.4709959,0.48326173,-0.7436687,-1.9253757,-0.22381246,1.644335,-0.7972253,3.9904459,0.09273434,-2.788346,-2.9000974,-0.9792844,-1.3909957,0.853392,-1.4018534,-1.3074125,-2.340127,2.148526,-0.81384814,-0.9812845,3.5681608,-0.659695,2.269249,-1.627676,-2.4236202,3.570373
-0.39276484,-0.69585526,-0.9039353,0.28452522,-0.72355384,-2.5371206,-0.8933044,0.011957282,-1.3255149,-1.3159127,0.9033951,2.5707173,-0.93447304,2.5739717,-0.10302137,-1.1929377,-1.0925182,-1.5484322,-0.2399666,1.9523462,-0.39984152,-1.5618274,-1.9989197,1.134465,1.5490416,0.15111092,2.8078895,-1.633493,-0.21300101,-1.6289182,-2.7457724,0.9297569
-1.2192113,-2.2719202,-0.7490981,-0.64200807,1.2939827,-0.12651438,0.07386309,1.2165874,-0.92750394,-1.759199,0.87335473,2.2047057,-0.1560792,2.279677,0.62471366,-1.3042636,0.0903849,-0.24752192,-1.0325413,2.0342643,1.0719297,-3.4784062,-2.7511883,1.3381053,2.1900682,-0.69182974,2.2859583,-3.398942,1.5480084,-0.9667544,-2.8688807,1.4147618
-0.6684516,-2.7289355,2.7638822,0.017097346,1.6530104,-0.5566489,1.0449059,1.3653337,-0.5501689,-0.9384341,0.05364931,2.4647994,-0.16216035,5.195506,-0.90536183,-1.2309356,0.87796915,-0.3797773,-1.1848738,2.709236,0.27664816,-3.581804,-3.3569012,0.02102293,0.9392286,-1.5870395,4.3194976,-1.7324052,2.4188871,-0.31627697,-2.874026,2.4666095
-0.27787095,-1.4124453,1.2879229,-0.6406798,0.27682444,-0.6249462,0.27684534,0.66321445,-1.088793,-1.4208605,2.5751953,1.4935495,0.2923581,3.1654055,0.26893404,-1.4316697,-0.72720325,-1.2888967,0.08430357,1.935744,0.06884677,-1.3888514,-2.385462,1.3553694,1.7769661,-0.7298295,0.9184047,-1.5348922,0.5726484,-0.88251495,-2.406678,0.49805853
0.113902465,-0.3106959,2.0566864,-0.9451829,-0.6726134,-0.5082148,1.6923269,2.294129,-0.94060874,-2.8239334,1.700177,0.88661057,0.6319505,5.325533,0.8207552,-3.0297728,0.51855123,-1.7448549,-0.46807694,3.1089313,-2.136649,-0.12193215,-2.1554193,1.1070983,1.2394677,0.033429246,0.7561095,-2.306527,1.6703105,-0.7740804,-2.1126149,1.4996902
1.0802286,-1.7227187,0.26611993,0.35610014,1.4113,0.35306424,-2.1098697,1.1754267,0.14976203,-0.53357786,1.2718643,1.430971,-0.32961538,-0.3774882,0.06655876,-0.38516954,-0.6371619,-1.376804,-0.40354973,-0.7511221,-0.5634978,-0.8644675,-1.5917102,1.1749444,-0.3610881,0.94807434,0.6082703,-0.12506084,1.1308051,-0.5503236,0.07633673,0.72283983
-0.7548196,-2.7667656,2.0753124,0.37844205,2.000472,-0.28852722,-0.7376424,1.2849146,-0.028403983,0.062897615,0.28730664,2.1506104,0.11342915,3.1640832,-1.1060135,-0.3099283,0.118374586,-0.3048733,-0.21898422,0.6494574,1.1066068,-3.003327,-2.5364738,0.39271533,0.65329015,-1.4235578,2.0318992,-0.9321219,2.05757,-0.686701,-2.6599555,1.9702399
-0.45426658,-1.9645191,2.1741962,-0.7143832,1.2518721,-1.073835,0.7384185,-0.0622824,-0.53021634,0.1407594,-0.05270347,1.3580015,-0.5519911,2.864659,-0.50905925,-0.3324684,-0.33095104,-0.36540115,-0.45420682,1.8591107,0.05963421,-2.1243494,-3.520031,-0.50703394,-0.11673043,-0.27257022,2.0690172,-1.1084696,0.22673436,-0.049653612,-1.8894763,1.3683586
-0.21421687,-1.4101417,1.4931631,1.6530797,1.7527931,-1.7015992,-0.029516049,-0.21815099,-1.9149168,-1.6494004,-0.33135772,1.783288,-1.4077241,4.6726794,0.05760309,-1.4945998,0.43795943,-1.4701016,-0.9524232,0.07645216,-0.124925904,-1.0631838,-1.9819767,1.9495299,0.4179675,-1.1032364,2.2933698,-2.2922328,-0.22753435,-0.28966427,-2.9115925,3.1229565
1.6523384,-0.6653205,-0.15385509,-0.3706941,1.8508573,-2.64009,-0.76729727,-2.8907087,-2.7842667,-1.7745003,-0.64941424,-0.5642314,-3.4556568,0.7166894,-0.19746701,-1.7760161,-0.53401995,-2.076532,0.4537263,-1.5316219,-2.329508,0.80603397,-0.4779887,1.5543703,-0.030881897,1.5842792,2.154195,-1.108511,-1.7773556,0.35883972,-0.28849345,2.5125544
-0.37679303,-4.016983,1.330876,-0.2982366,1.2642765,0.646029,-2.9189796,1.746595,0.6867659,-1.3418453,3.517638,3.2643704,-0.16616495,0.8606826,-2.40181,0.09372086,-0.93070483,-2.327583,0.64782715,-1.7830089,-1.5050485,-1.1342013,-2.1412325,3.4689019,1.2577541,0.61560607,0.6175655,-0.53113484,1.640938,-1.2641715,0.18704914,1.2809873
-0.43633568,-1.8499748,1.7894422,-1.0998734,1.4483442,0.18638827,0.7456885,1.3270633,-0.59115887,-1.092519,1.573513,1.6306373,0.16407385,3.373614,-0.7032238,-1.0663049,0.60593736,-1.2753458,-0.18764408,1.7852435,-0.3051237,-2.432532,-1.5422924,0.85639966,2.13399,-0.7110079,1.8532945,-1.8456912,1.0846807,0.28335378,-2.134081,1.487458
-0.23525482,-2.3301706,1.8253659,-0.39222115,1.8140664,0.45739177,0.7178241,0.89525497,-1.3530449,-1.4412491,1.5781846,0.77054745,-0.0903575,3.1938188,0.4685722,-1.615827,-0.9367003,-1.0292054,-0.9495176,1.6446875,-0.22637434,-2.3751445,-3.2757382,1.3807927,1.1109374,-0.24303544,1.7749541,-1.4817835,1.3122388,0.06250091,-2.1302547,1.3728559
-0.7235151,-0.78752476,1.1040728,-0.74270064,0.4561449,-1.8473314,0.13445619,1.0015612,-0.62622094,-0.77912414,0.9983403,1.109145,-0.73810196,3.1117964,-0.0006811321,-1.4910736,-0.98991835,-1.5234812,-0.8606325,1.8742476,-0.14685963,-2.0244064,-2.1528952,0.9665501,1.8108318,-0.895985,1.6670303,-2.0074594,0.514096,-0.017877122,-2.3241649,1.9613218
0.36738393,-1.1465461,0.72053593,0.30841595,1.3370786,-0.68134964,0.24485439,1.0377415,-1.3743299,-1.1685694,0.9700964,1.4641005,-0.5120164,2.9571965,1.0284415,-0.9387038,0.7666779,-1.4973123,-0.9821353,2.299429,0.25114024,-2.1985579,-1.7490608,-0.12566596,1.2418327,-0.081545375,2.3229172,-1.6546626,1.0686411,-0.310865,-2.8496027,0.9920038
-0.87959033,-1.4071606,1.1994319,-0.14926578,0.9498684,0.39051157,0.9997601,1.2579466,-1.1998677,-0.6146117,0.5647812,0.9492215,-0.43009913,4.09473,-0.86218554,-1.2784251,0.1874629,-0.16131881,-0.42450452,1.0749009,-0.17143075,-1.7527369,-1.8026048,1.2144709,2.6321065,-1.5479131,3.2666183,-3.0332592,1.1234887,0.9646673,-2.881257,1.7117826
1.25657,-0.7682397,0.70582783,0.17254159,1.951395,-1.8328222,-0.9381907,-2.2041197,-2.5027268,-1.6521305,0.7745725,-0.22282127,-2.9531744,1.4322622,-0.60706973,-2.0801759,-1.7806772,-2.6298845,0.50143194,-1.6556228,-2.575122,0.28646943,-0.24241495,2.6530676,0.55945253,1.8910611,1.5912647,0.089377925,-0.760019,-0.011897223,-0.8139569,2.4155793
-1.6180423,-2.726301,1.7661401,-0.017956145,0.70955217,-1.8219135,-0.24290144,0.20968458,-0.99158835,-1.3118602,0.44950315,2.108708,-0.9595395,5.3064237,-1.4846551,-1.1608126,0.48238158,-0.8545514,0.16859372,1.2098038,-0.015354665,-2.2371514,-2.6612673,1.036245,1.3596634,-1.5583478,2.7109737,-2.0670066,1.5681564,-0.99700934,-2.9305637,2.63491
-0.44374952,-1.580955,1.2398641,-0.68012094,1.8653395,-0.51630485,0.40696433,0.8461348,-1.0555245,-1.2193205,1.3851448,1.4603232,-0.25166926,3.4645784,-0.6223217,-1.22523,0.60077095,-1.6729686,-0.2896018,1.3870691,0.17094924,-2.585066,-1.58259,0.8652903,2.494883,-0.89540535,1.8912222,-2.4829118,0.03673751,0.19475739,-2.89535,1.4617363
-1.0758828,-1.459878,-0.17138445,0.433492,0.6423539,-2.3387508,-0.17369634,0.08205646,-1.3793305,-1.1775354,-0.26999307,1.2368982,-1.509898,3.2750118,-0.33657366,-1.6349641,-1.4487472,-0.8280298,-1.1486555,0.49582353,-0.21039449,-2.0140698,-1.9252179,2.122952,1.145006,-1.2373669,2.983176,-2.1608326,0.4917994,-0.66493416,-2.3752189,2.592032
-0.6295295,-1.5162919,0.5998493,1.938942,1.3323214,-1.6103908,-0.71319985,1.3301033,-2.050663,-2.407239,-0.1289821,1.2005465,-0.618892,5.1421256,0.75176156,-2.5572836,-0.9472704,-1.4526949,-1.0710872,0.95054823,0.29980883,-1.7309773,-4.3018723,2.198624,0.6784171,-1.3498765,2.4996622,-3.2080252,0.58661014,-0.48041224,-4.294179,2.1607087
-0.8554293,-3.01323,2.5435052,-0.651064,2.0917616,-1.9008968,0.9820996,0.27040508,-1.4423586,-1.4602855,0.48440787,2.19263,-0.5326497,5.3370976,-1.3452477,-1.637135,-0.50837576,-0.9345233,-0.7086636,1.6570797,-0.98671937,-3.068022,-3.805899,1.694405,0.467872,-0.7401124,3.7805831,-2.4626675,1.0250589,-0.33067417,-3.096504,3.5511477
-1.4486873,-2.4931774,1.4828795,-0.98042464,0.6071149,-0.8369862,0.8932714,0.8508493,-0.9113406,-0.98051655,0.58935726,1.9479804,-1.0931789,4.2133055,-1.1145862,-0.8012563,1.2334776,-0.73346335,-0.5442203,1.6067618,-1.2231735,-1.8996788,-2.5305543,1.061528,1.5227783,-0.5099426,2.786036,-3.0773344,1.4015431,-0.56374115,-2.1503246,2.17378
-0.48299327,-1.3022854,0.55944246,-0.5535205,0.958958,-0.60690606,0.03221403,0.51452446,-0.5813093,-1.138521,0.5648903,1.404055,-0.33945227,2.0115852,-0.3696882,-1.0669892,-0.119930014,-0.626322,-0.53102624,1.1331517,-0.04619839,-1.612171,-1.9353387,0.9072095,0.8452832,-0.16574946,1.6193403,-1.804796,0.41675797,-0.4063072,-1.3133781,1.5688686
-0.021285446,-1.1999598,0.7961476,-0.73973024,0.7459027,-2.0484352,0.42064303,2.2159905,-0.22654116,-1.496502,0.6165727,1.3027023,0.95988643,4.350644,0.27322528,-2.662796,-1.2464912,-0.38949668,-1.0421005,2.7744167,0.13205096,-2.555025,-3.216565,0.5877923,0.5296896,-1.7454151,2.8192933,-2.9699335,1.8875381,-0.014199035,-3.3730044,2.640102
-0.6546931,-1.4659466,0.060898155,-1.4894199,0.24251482,-1.6266292,-0.16830504,1.7323613,-0.5108153,-0.2933507,1.1810846,2.2373927,-0.58356905,3.3145432,-1.2967982,-1.4547364,-0.50679433,-0.9601309,-0.39157873,2.56275,-0.6957562,-3.0361736,-1.3529545,0.28861913,2.8019204,-0.8048045,4.627648,-2.2612374,2.2904348,-0.76142484,-3.3094862,2.0764022
-1.0469793,-1.1390362,1.4022821,0.3391564,0.8192375,-0.87402153,-0.06884239,0.09107434,-0.79078424,-0.8337594,-0.1659095,0.8649906,-0.83673185,3.3008647,-0.6014598,-0.8405627,0.57441014,-0.9232601,-0.028452318,0.2185037,-0.49947703,-0.8412111,-0.43454194,0.94230497,0.9773063,-0.8228437,1.5266767,-0.9484855,1.2576452,-0.45589083,-1.7826933,1.8330218
-0.95861614,-1.3605393,1.2770821,-1.0982268,1.0281396,-0.12864517,0.5505752,0.6568599,-0.67648745,-0.6784425,0.65349215,-0.121530086,0.16055924,2.9118147,-0.6552364,-1.6732407,-1.535514,-0.27392012,0.24086414,0.936978,0.19939756,-1.8779856,-2.6965866,1.0114965,1.9338882,-1.236259,1.4381397,-1.8768706,0.80477643,0.62007207,-2.3493626,1.3329824
-0.07327203,-1.2643448,2.315485,-1.1742767,2.0328963,-1.0911463,1.7550452,-0.0066125253,-1.2822573,0.026921242,0.052751236,-0.3310204,-0.4070887,3.698302,-0.6412834,-1.636932,-0.7559387,-0.48150218,-0.18724424,1.3632857,-0.8427412,-1.8121268,-2.6870222,0.048931845,0.44240654,-0.7432622,2.591538,-1.9088473,0.28867304,1.4641802,-2.5188062,2.3302867
0.014676647,-1.8717546,1.3792704,-1.6634655,1.0243988,-0.6946248,1.0055189,0.6441037,-0.055756718,-0.81604475,1.2597735,1.4881126,0.7269674,2.7278996,-0.21026967,-0.74071693,0.1743666,-0.30424327,-0.19822109,2.5246718,-0.36487314,-2.1027231,-2.1502492,-0.48581228,0.5083771,-0.47886148,1.8129646,-1.3787215,1.2379375,-0.44823802,-1.550624,0.992501
-0.7048304,-2.0172668,1.7004079,0.57329434,0.8660226,-0.42638096,-0.14966705,0.20224617,-1.1390412,-0.84763855,1.1295087,1.5000077,-0.70943725,2.7078166,0.22788487,-0.65924674,-0.48995858,-0.8980906,-0.57555515,0.86741537,0.73366565,-1.7317417,-2.2698293,1.2538327,1.0790004,-0.9917129,1.2777003,-0.69021434,1.1029114,-0.9736264,-1.8087534,1.1114212
-1.2349012,-1.3694124,0.98924816,0.532632,0.221172,-2.263196,-0.42408258,0.49558932,-0.23306786,-1.3248348,-0.9869633,1.5861977,-0.057688273,4.550878,-0.5831319,-1.3702216,0.14391392,-0.29319376,-0.14877662,0.79387176,0.41433892,-1.4759439,-1.8070034,0.5222286,0.23090273,-2.3782518,2.3637495,-1.8153938,1.3881197,-0.931424,-2.595641,2.2700548
-0.33080786,-0.6729847,1.9436145,1.6342014,-0.34685412,0.9218146,1.4408191,2.3821602,-2.50408,-3.3431504,1.3477657,0.46134335,0.014024474,6.4937544,0.71400917,-3.3789392,-0.091816194,-1.6833327,-1.4151506,0.53746206,-3.1383612,0.90214217,-1.9399796,4.169347,1.4036077,-0.14856714,1.4677926,-2.9517539,2.0332313,-0.33078662,-2.7930162,2.2566903
-0.4262647,-1.2190671,2.2332368,-0.64401674,-1.0706995,0.034394376,1.6559868,1.9837514,-1.0698518,-2.0990076,1.6885265,0.4751291,0.46476996,5.129471,-0.22550325,-2.5066118,-0.32004684,-1.1781358,-0.3025427,1.4343448,-3.2239308,0.5679618,-2.4498901,2.2847872,0.6237124,0.38897145,0.72310567,-1.750775,2.0721862,-0.95921916,-1.4858272,1.2024442
-0.6339928,-1.074116,-0.7078732,-0.69101775,0.053563602,-0.84841496,0.9631319,0.27910915,-1.3424748,-0.7668416,0.43019798,1.3490484,-0.4963497,1.8634121,0.7199341,-1.2411138,-0.6518504,0.17001666,-1.2926295,2.4690287,-0.013479216,-2.34161,-1.6870983,0.40989903,1.8005766,-0.747858,3.1852143,-2.2685404,1.2012951,-0.55350727,-2.3007998,0.81214416
-0.48584417,-0.85202605,-0.21827006,-1.2232758,0.4420992,-1.372662,0.91677266,0.48877472,-1.0408796,-1.314269,0.93593824,1.096651,-0.34548882,1.975425,0.49451917,-1.4947543,-0.7687215,-0.7747785,-0.7083049,2.6082242,-0.2445123,-2.2376947,-2.46717,0.5403042,2.0853882,-0.3657599,2.391659,-2.6806076,0.046271913,-0.19797394,-2.0666635,0.76661
-0.43094146,-1.6339717,1.9078716,0.15040927,1.9136336,-1.0124263,0.41547975,1.3234591,-1.1770651,-1.0308954,-0.19340369,1.6276256,-0.5020001,5.194274,-0.4080248,-1.5427483,1.5776085,-1.1845816,-0.2906983,1.7460536,-0.55916995,-1.9977195,-2.146858,-0.06720197,0.6030216,-0.38541368,2.74177,-2.3856475,1.6715705,-0.2280972,-3.7037117,2.6988964
0.0015500672,-1.1322589,2.2290707,1.3468169,-1.5361168,1.6561176,2.3252099,2.8965993,-2.9932637,-3.566235,1.3659427,-1.249648,0.11724768,6.3248405,1.9882051,-3.931239,-1.0202631,-0.58260494,-2.0027215,0.6769811,-3.8170004,2.0517848,-3.8682935,4.5274444,0.0006038621,0.50378615,0.4953287,-2.7382016,3.299045,-0.26747882,-2.3097928,1.0887359
-0.61827505,-0.44394338,2.2343688,-0.35179615,-2.0922477,-0.5612058,1.844644,2.8211806,-0.7370814,-0.99765897,1.6895046,1.4714608,0.75679284,6.137167,-0.5301125,-2.536922,-1.1976919,-1.0038012,-0.23208152,3.6132772,-2.8186698,-0.33352584,-3.5297987,1.0339211,1.267041,0.47370896,2.690764,-1.4660348,1.9767814,-0.94931144,-2.9401581,1.0159848
-0.9941941,-1.2135289,1.2436159,-0.1418777,1.2375758,-2.127585,0.74957645,0.84049475,-1.7086974,-1.5231547,0.19269146,0.8348146,-1.0096364,5.4768515,-1.4117646,-2.3934698,-1.1941621,-1.3340274,-0.5268031,0.8216117,-0.53089005,-2.1502657,-2.6258583,2.6175075,2.0421224,-1.6510427,3.0906804,-3.5213077,-0.41268933,0.9806341,-3.440153,3.3395004
-1.6321921,-2.0446444,0.7047855,0.0130323805,0.6094277,-1.4477056,0.5033481,-0.22844355,-1.871422,-1.0119243,0.2168332,1.5645603,-1.4203435,3.4029098,-0.055048645,-0.99128574,-0.4061612,-0.4890691,-0.6109354,0.9121271,-0.8048938,-1.6246945,-2.515639,1.8600177,1.2179301,-0.30365944,2.0599337,-2.6335044,0.8559836,-1.1635536,-2.5462139,2.4023392
0.28323436,-1.685122,1.4557908,-0.30984324,1.3931618,-0.17176294,0.9798761,0.5501703,-0.8678403,-1.0668035,1.1197666,1.324447,0.12911189,2.5041964,0.29512024,-1.0257391,-0.7839739,-0.74193954,-0.8071341,2.4080808,0.1483362,-2.8382704,-2.4929175,0.34396595,0.76553243,-0.14182696,2.585111,-0.45327616,0.83956,-0.117041156,-1.5943469,0.69377077
1.0327913,-0.79996955,0.8394034,-0.4899884,2.551705,-3.3058517,-0.0367447,-3.2422318,-3.4004557,-1.3128921,-0.5196831,-0.954875,-4.2047505,2.1242929,-0.48203385,-2.0734544,-1.4103839,-2.4112236,0.391088,-1.2130731,-2.4711487,-0.5083451,0.009651113,2.182917,0.78404516,1.2886266,2.6278975,-0.4574055,-1.145452,0.48390803,-1.281998,3.4888816
-0.14660975,-1.33147,1.2835671,-0.5437467,1.0523171,-2.1576135,0.32216585,1.0127305,-1.6953099,-1.7317057,1.4421971,0.8972845,0.061208777,4.9696302,-0.24066098,-2.9875708,-2.413952,-1.8480393,0.23840685,1.971826,-0.4806041,-2.1767635,-3.6451347,1.7012595,1.9494342,-1.1653776,2.538388,-2.436756,0.1858864,-0.25631863,-4.313228,2.0643222
-0.673469,-1.9511443,1.9896793,0.05279361,2.4858825,-0.942592,-0.04764589,0.79824215,-1.2103109,-1.5732594,0.77729625,2.0220404,0.059270076,4.3522053,-1.6421233,-1.2091142,0.09434649,-1.7205555,0.005662918,0.44220826,0.9827379,-2.4556732,-3.1367452,1.7763042,2.1181042,-1.6128054,2.226986,-3.5594404,-1.637269,1.1067271,-3.4214046,2.0159988
-1.9023296,-1.7346336,0.0027030408,-0.3842194,0.27317077,-2.8442261,-0.27556187,0.6868208,-1.0912416,-1.0540185,0.21250018,2.1374276,-1.4449985,5.424698,-1.4752369,-2.0031717,-0.8471734,-1.0099723,-0.4734847,1.5766525,-0.2427973,-2.8808682,-1.6841912,1.8095995,2.708981,-2.012648,3.585152,-3.1279368,1.5447428,-1.1797754,-4.176417,3.2931678
0.3956204,-1.2307647,0.31813055,-0.14512697,0.44269374,-1.1926595,0.5789582,2.181469,-1.1309736,-1.7613553,1.8347983,2.6681135,-0.005835995,2.959895,0.58817154,-1.8694965,-1.0630628,-1.9084656,-1.7144318,2.9032109,-1.9099692,-1.8092803,-3.5936308,1.3164524,0.42619613,2.0589333,2.4132586,-2.109049,0.45228192,-1.0873688,-2.6048417,1.3596137
1.3835981,0.20122313,1.6849899,2.6819363,-0.33738083,1.9165488,0.43134925,0.86342305,-0.93839324,-3.5269132,-1.4629163,-0.9731797,1.7959437,5.182596,0.38953072,-3.7939954,-0.21488659,-0.05873436,0.13992886,-0.49119177,-2.8027968,3.441736,-2.903256,2.006627,-2.9387932,0.49059907,0.3154561,0.09059651,1.3936489,0.93044376,-0.520133,0.6431979
-0.8923164,-0.43702823,0.61758465,-0.027453542,0.52280676,-0.57256675,-0.04185649,0.016837047,-0.82955146,-0.5214134,0.6606566,0.65928847,-0.324369,2.4144847,0.15305957,-1.0691141,-0.69616246,-0.5569208,0.097718626,1.4675384,0.75349164,-1.8827378,-1.1194509,0.35232562,1.8764387,-0.6567914,1.2391675,-0.963009,0.80881524,-0.47759235,-2.4223573,0.89030826
-0.13404351,-1.9385663,2.169777,0.3451211,-1.1944153,2.320716,1.4811287,2.6141276,-2.0177014,-4.020561,1.8981491,-0.19839418,0.26778364,5.4412704,1.2539303,-3.139578,0.44375414,-1.0606668,-1.1738191,0.35078177,-4.290383,2.0388434,-2.6132793,4.4093113,0.17341802,0.98717195,-0.5968735,-2.1442828,3.6062582,-1.1521568,-0.6812621,1.06334
-0.22178806,-4.7790966,1.5909611,-0.45551306,0.8451265,1.2178952,-3.3754568,3.0884778,1.5600085,-2.4382493,4.1617966,4.506302,0.66979766,1.6947477,-2.3816953,0.22276127,0.9456458,-2.876013,0.58172643,-0.9472051,-2.2074523,-1.1793426,-2.0374706,2.8439803,0.5758231,1.0981368,0.5662137,-0.1506729,3.300044,-2.2035356,0.57965654,0.8244029
-0.9282193,-1.9998827,2.3078976,-0.7161235,1.6408088,-2.2912946,-0.41973472,0.42756465,-0.35252786,-0.5690232,-0.07687378,2.0942626,-0.7172736,4.812944,-2.1496208,-0.9591383,0.72754467,-1.5815332,0.70516837,1.286842,0.034811527,-2.7299862,-1.6690196,-0.3125718,1.3416281,-1.033678,2.976661,-1.4578782,0.8976875,-0.4945982,-3.2368717,2.6552563
-1.4629375,-2.6009645,0.8285985,-0.27621508,0.28833497,-1.7925156,0.6992757,0.13228749,-1.8778899,-1.5412889,1.1756655,1.8033032,-1.2928182,4.959406,-1.4881734,-1.8146919,-1.6951442,-0.4600563,-0.91308475,0.7370028,-1.451844,-2.196018,-2.5197682,3.3849525,1.7181358,-1.3071206,3.4640064,-2.7604568,1.1849018,-0.61485755,-2.3017728,3.1903214
-0.026506959,-1.5947313,0.7041849,0.02410265,1.920428,-2.0604339,0.22029462,0.614419,-1.7260369,-1.8634582,0.93988746,1.9559462,-0.72921675,4.0434284,-0.6629909,-1.8214087,-0.23645823,-1.7969611,-0.5305629,1.2090106,-0.4333829,-2.4104688,-2.2028801,1.8436632,1.6506381,-0.82933956,3.302842,-2.9633799,-0.13201785,0.14850861,-3.4895275,2.588503
0.11120225,-1.1872644,2.15593,-0.15276052,2.207963,-1.9730176,0.3268295,1.13674,-1.4370819,-1.0257028,0.39670524,0.7591285,-0.42769122,5.262335,-0.26782352,-2.311782,-0.1423559,-1.6458751,-0.22976948,1.6195588,-0.26443052,-1.9319993,-2.8525374,0.40917286,0.58602846,-0.80090666,2.2132025,-2.3844066,0.72044015,0.46381104,-4.384604,2.8779216
-1.194657,-2.0807347,0.63555574,-1.0312296,1.2047024,-1.5219579,0.35067365,0.275553,-1.3496232,-0.7524039,0.8556704,1.1168604,-1.1473581,2.827688,-0.47218734,-1.1908413,-1.6217005,-0.7862853,-0.7023194,1.2211844,-0.07650733,-2.779773,-3.4229083,1.8415715,1.6284903,-0.46064326,2.086364,-2.8419223,0.18737821,-0.0025530104,-2.6422544,2.2125716
-1.1410173,-2.981154,1.4417144,0.069405675,1.9871309,-1.2250707,-0.22300807,1.6925122,-0.8071122,-1.412619,-0.20104203,2.048154,-0.047705386,4.1145706,-0.5968862,-1.5098379,-0.7274479,-0.69551355,-0.9121272,0.70461255,0.09642,-2.6329687,-4.1388516,1.6629868,0.05394548,-0.86498505,2.2402139,-3.205676,1.3519639,-0.48189825,-3.0469527,3.1578455
-0.35324848,-2.0126948,0.9264192,-0.39211607,0.029579036,-1.4274236,1.1254346,0.19702469,-1.650836,-2.5542624,1.0395069,1.9335855,-0.26652738,4.0119514,1.1885188,-2.1019402,0.2798615,-0.7386694,-0.9459381,2.459068,-1.1124319,-1.1504241,-2.907652,1.1395956,0.5692703,-0.86194587,2.513829,-2.720038,1.3362285,-1.5947669,-1.9227374,1.5448604
-0.19346125,-1.5631578,0.6975212,0.4528014,0.6574948,-0.74905217,0.8596176,1.4288957,-1.9267603,-1.6730512,1.2582098,1.7220477,-0.34198302,3.8954268,0.5378489,-2.1560664,-1.3765472,-1.0767211,-1.2005025,2.267435,-0.60649925,-2.343394,-2.8340795,2.0720603,1.5635364,0.086104125,2.792395,-1.956115,1.3147393,-0.73746836,-3.3559027,1.7821201
-0.79626256,-1.2955066,1.3242918,-0.101206705,0.7507363,-0.15676863,0.20564575,0.35847515,-0.540868,-0.08916357,0.2029489,0.7217951,-0.085044846,2.1405134,0.49558252,-0.5143791,-0.444174,-0.2259315,-0.12790951,1.3975455,0.8895386,-1.692902,-2.6799853,0.101341255,0.7939662,-0.5453076,0.478534,-1.1991261,0.6030053,-0.61852586,-2.194797,0.61556447
-1.5256526,-0.5279478,0.39445987,0.705635,0.36614192,-2.2711096,-1.4922532,0.7287372,-0.5187736,-1.453357,0.76854616,2.0413265,-0.66064626,4.448105,-1.1482699,-1.5538665,-0.21718422,-1.8315456,0.31321084,0.20985319,1.2061273,-1.7351084,-0.58363307,2.2519588,3.0666704,-2.4209344,1.4625876,-2.9489849,-0.12493699,-0.44403678,-3.3704948,2.603448
1.1135619,-1.2433932,3.1292534,-0.4677711,-0.56036794,1.4867481,0.33863786,-1.181857,-1.0241643,-0.37129563,1.976329,-0.88195264,0.47727257,2.3331556,-2.5494404,-0.88974506,-0.17856172,-0.90094334,2.6700232,-0.81519234,-2.8060462,2.413441,-1.5537797,1.2334074,-0.33157527,1.0136365,-0.61282444,1.1793753,-0.2736314,0.8887946,0.7372104,-0.46614388
-0.820666,-2.1876945,0.5074483,0.013288159,1.5132997,-0.9504558,0.28811455,1.1334186,-1.7932155,-2.217726,1.2106314,1.7585186,-0.56665516,4.126971,-0.8669186,-1.8615799,-0.7891793,-1.5505824,-0.48438185,0.6876747,-0.48403734,-2.458703,-2.4875107,3.163744,2.3306954,-1.0890042,3.014416,-3.108655,0.4154823,0.13072892,-2.9730902,2.3728974
-1.0576048,-1.3001792,0.9703926,0.5379541,0.48392344,-1.8005123,-0.40276042,0.76909375,-1.0292687,-0.287307,-0.69285154,0.92335963,-0.9448285,4.1475196,-0.31643993,-1.6926148,-0.8916172,-0.40694308,-0.27546024,0.90821356,-0.10260803,-1.477019,-2.7755387,0.71296155,0.59251714,-1.0771763,2.3398015,-2.0420215,1.3702816,-0.77017754,-3.5430343,2.6105235
-1.0141884,-1.0385777,1.088689,0.5883956,-0.014172807,-1.2276788,-0.9874178,2.21678,-0.4192571,-1.3470829,1.256455,1.8780185,-0.18393686,3.6582754,-0.46233773,-1.7131039,-1.5973828,-1.8449668,-0.7891931,0.92505866,-0.8939982,-1.311073,-2.5773926,2.5020745,1.4532025,-0.32928315,1.4251902,-1.880656,1.2253454,-0.9852229,-2.5111227,2.2156084
-2.307357,-2.6068795,0.6829752,-1.7391832,-0.2624508,-2.3183,0.791438,0.7320266,-1.4742004,-2.2192554,0.8569371,1.4227433,-0.68598664,4.584132,-0.6951346,-1.8986444,-0.89422053,-0.84555215,-0.53495365,1.544747,-1.2315639,-1.8949443,-3.1347425,2.4570432,2.2849045,-1.6162659,2.5753188,-3.921769,1.3055042,-1.085767,-2.6351783,2.6275442
-0.1333815,-1.2274334,0.8985938,0.95756894,1.9504943,-1.970473,-0.07126575,1.9534602,-1.1245886,-1.0881776,0.141722,1.9060023,-0.54493666,5.095184,-0.9273593,-2.2588055,-1.1143543,-1.6964358,-1.3980358,0.91044366,-1.1444249,-2.2115772,-2.1039162,2.3925602,0.40021285,-0.03181856,2.974152,-2.4896038,0.51512444,0.1355627,-3.545035,4.013715
-0.80137366,-0.934648,1.8264678,1.6937809,1.2909825,-1.3989512,1.11748,0.68365365,-2.389127,-0.8224355,-1.5282187,0.9531117,-1.3723863,5.941609,0.63632786,-1.7125037,0.95657206,-0.9113333,-1.4276683,1.5155557,-0.10947888,-1.0940427,-3.5442445,0.45023084,0.04729967,-0.8942148,2.9262702,-3.4964082,-0.09557181,0.7910942,-4.2703876,2.557397
-0.118857935,-1.5976913,2.2116117,-0.6946878,-0.36747497,-0.6724428,0.2954986,4.174762,-0.25829557,-1.8538142,2.7220807,3.017706,1.2372122,5.80932,-1.2484026,-2.5019238,-1.1646237,-2.627844,0.112099424,3.1981883,-2.4395626,-1.6272658,-4.26744,1.7353439,1.5900152,1.2945582,2.7487252,-2.1633506,2.0962226,-1.1898433,-3.6563828,1.5887524
-0.14932795,-0.38650638,1.7140558,0.96843904,-1.0454416,0.5194104,0.9490997,3.3853192,-0.54145247,-3.557025,0.5828241,0.62880194,1.6331013,6.7759414,0.3019449,-4.5139775,-1.0822649,-1.097499,-1.0994074,1.0875245,-3.4386988,1.538166,-3.2187304,3.5706303,-0.9278527,0.40440792,0.5563148,-2.41967,2.8249242,-0.642001,-2.0965567,2.4302564
-2.1773682,-2.9802394,-0.17575052,-0.76989293,0.062150165,-0.027229656,0.3450526,0.9916965,-1.4377949,-1.6319917,1.3160417,1.5084239,-0.8488471,3.1548958,-0.65770334,-1.1041808,0.0011521727,-0.08121948,-0.755711,0.24599573,-0.8804914,-2.0265164,-1.3075107,2.9822688,3.1285462,-2.1383357,2.6070678,-3.144626,2.972816,-1.1597381,-1.9859182,1.8216943
-0.8723325,-1.244079,2.5908499,-0.8115356,-0.38375825,0.12958346,1.4037958,3.0861304,-1.2543179,-3.5855658,1.0693194,-0.39867023,0.6011719,6.6890883,0.20311499,-3.762993,0.5397421,-1.657891,-0.7674194,0.7388767,-2.9780593,0.6449859,-2.9195106,3.3252404,1.467782,-0.91889393,-0.1271121,-4.1241846,2.166139,-0.42615923,-2.4221447,2.2789035
-0.8010373,-1.0623912,0.83895147,-0.87342423,1.1631095,-1.8688129,0.46890277,0.010771082,-1.3830141,-0.038435802,0.8863321,0.91662616,-1.3097279,3.3438332,-0.68582964,-1.3032999,-0.7044807,-1.3182031,-0.29411882,1.6247998,-0.65724206,-2.4094434,-0.8928527,0.8675282,2.1243005,-0.57276356,2.3507516,-1.8305093,0.51546323,-0.15223402,-3.0380173,2.3671699
1.5423086,-0.30912745,1.4341831,2.0684605,-0.65706986,2.0089183,0.32746825,1.8718871,-0.91125834,-3.5589964,-0.37628818,-0.80144334,1.6689807,5.106306,0.77514166,-4.027849,-0.5008386,-0.058361467,-0.8059539,-0.3875325,-3.4305124,3.0955486,-2.532162,2.8482842,-2.6533952,0.5866276,0.4915035,-0.7466713,2.7296436,0.6821763,-0.70705265,1.1332904
1.678191,-0.7503491,0.7167946,0.21392804,2.5501885,-2.8684409,-0.6168028,-2.9040203,-3.5269163,-2.0812027,-0.70907575,-1.1718196,-4.19607,2.4097564,-0.6315599,-2.8222008,-1.6621854,-2.7985873,0.33538252,-2.177593,-3.191779,0.70078075,-0.5668173,3.0574045,0.11331119,1.8655989,2.3930485,-0.6833572,-1.379007,0.7245847,-1.0928022,3.8662727
0.095996946,-1.6187943,1.7270575,0.012105927,1.3466375,-1.135347,0.6931416,0.59059894,-0.6463307,-0.3805104,0.13962372,1.5572399,-0.32630008,3.0238955,-0.3601042,-0.64240927,-0.014219493,-0.55350894,-0.6394059,1.9050876,-0.09454949,-2.244579,-2.850215,-0.26115125,-0.20115787,0.2774777,2.712288,-0.84379953,0.76690507,-0.022611855,-2.1166492,1.4622062
0.6684904,-2.8145835,0.8835434,-0.047372155,1.2356553,0.74224997,-2.182979,1.3935046,0.6082375,-1.2156056,2.4650917,2.760579,0.08494463,0.2500139,-1.4522631,-0.0679466,-0.21111391,-1.83658,0.176888,-0.8247957,-1.3728594,-0.8980205,-1.6715021,2.0441358,0.06571015,0.9965124,1.2052548,0.03923075,1.5421886,-0.8682346,0.38970774,0.64352596
-1.1881287,-3.0538428,1.8529769,1.1315285,1.2658591,0.1476897,0.35135692,2.5628967,-1.6576014,-1.2691555,1.7152406,2.8111901,-0.45408073,5.072676,-1.4280444,-1.2699754,0.0995599,-1.3875324,-1.0727624,0.5404949,-1.5837446,-2.2428784,-2.1630175,3.320018,2.0135527,-0.03346833,3.357815,-2.2938302,2.9795911,-0.6658447,-3.2226741,3.0307355
-1.3218579,-2.179012,0.7368841,0.15752962,0.84393054,-2.1849227,0.008889951,0.54727083,-1.0980468,-0.97063124,-0.38509828,1.7553682,-1.0494047,4.1018066,-0.7771646,-1.4170154,-0.3804664,-0.71690416,-0.9050515,0.88478655,-0.27155152,-2.3765452,-2.472355,1.4122968,1.1073124,-1.6954273,3.1110728,-2.3796158,1.1414837,-0.7578549,-2.7544296,2.8632448
-0.45892233,-2.0506623,1.8059726,1.1747006,1.6462705,-0.29274666,0.54980123,1.4251193,-1.4264748,-0.10152838,-0.08346273,1.7206595,-0.76017714,3.7495506,0.05984471,-0.76246345,0.38876927,-0.58397454,-1.0749576,0.9928314,-0.5973347,-1.9751455,-2.3074303,0.8827636,0.3605201,0.15330647,2.8153164,-1.496617,2.1388767,-0.33908454,-3.1994424,2.2885756
-0.05365046,-1.4450599,2.8662176,0.07902052,1.4792595,-0.53243715,0.9196705,0.32933336,-1.197016,-0.62316734,0.8320873,0.6445231,-0.26578125,4.4465632,-0.5473691,-1.446158,-0.513484,-1.0945895,-0.34070295,1.08525,-0.23832355,-1.352484,-2.6116266,0.9879241,0.5944594,-0.9872917,1.6188332,-1.1318417,0.05617201,0.67361724,-2.1809955,1.9119751
-0.68615496,-0.1670171,1.5228099,-0.38069582,0.33584714,-0.08268401,-0.1093938,1.3867732,-0.91131103,-2.043375,2.1711695,0.2545817,0.26041406,4.5911274,0.35904846,-2.4203513,-0.8495436,-2.2096553,0.41879517,2.000172,0.9689781,-1.4614645,-2.4837625,1.8496338,3.586583,-1.8876128,-0.2339356,-2.486689,-0.11880737,-0.057268918,-3.5218344,0.597388
-1.0216963,-1.9147913,2.226688,0.54912025,1.157548,0.1190739,1.3221645,1.5158832,-1.2877557,-0.7961395,0.10469837,2.0817814,-0.042517997,4.710856,-0.8378857,-0.6844402,1.2327967,-0.4781919,-0.57124394,0.95021987,-0.99538684,-1.0674194,-2.5902824,1.1631044,0.5139099,0.83417195,1.7156962,-2.5758626,0.787879,-0.21286517,-2.938627,2.155639
-0.20990656,-2.1243985,-1.7314286,0.2704376,-0.6603488,-1.1415632,-0.56752485,1.8841406,-1.7056652,-2.485844,1.4478214,2.9753573,-0.8487754,1.6543541,0.8690096,-1.6742886,-1.335924,-1.3917742,-2.0645466,1.5175146,-2.223042,-1.276413,-3.4009092,2.6851392,0.7465487,1.4421862,3.3542135,-3.0396461,1.3141179,-2.0991354,-1.6600481,1.081865
-2.2708478,-1.9441962,0.19018278,0.2321504,0.23273113,-0.5720052,-0.75819045,1.5543169,-0.52611196,-0.5336564,0.33699262,1.365043,-0.7972763,3.4311857,-1.3991367,-0.7077611,-0.289354,-0.27863222,0.05413848,-0.03238102,0.061981663,-1.8453736,-1.7360605,1.8492452,2.2548132,-1.3613085,1.9939808,-2.7676697,2.2136106,-0.45631132,-2.9084487,2.037327
0.06307265,-1.4746289,1.2299465,-0.050941497,2.1453328,-1.3491517,-0.23049545,1.8184766,-0.48798415,-1.7062818,1.2467468,2.0519223,0.33327627,5.2334156,-0.9584394,-2.1729212,-0.13255754,-1.6771204,-0.6321003,1.9826963,0.4370361,-3.1970568,-2.206465,1.3559415,1.5262007,-1.185887,2.6562603,-2.5516248,0.6875665,-0.07824001,-3.7903302,2.7403228
-0.77185357,-1.7078617,1.133107,-0.51757294,0.26538435,-1.420173,0.5895401,0.12782373,-1.2018688,-0.4347912,0.9481881,1.967278,-1.060652,3.2041335,-0.6847087,-0.51484686,0.11322296,-0.7664229,-0.37158358,1.7889358,-0.9187184,-1.927575,-1.566974,0.63094836,1.6482934,-0.33109945,3.089679,-1.4053215,1.092753,-0.9600798,-2.2785668,1.4184142
-0.6245246,-1.4988555,0.66229427,0.4355091,2.2316077,-0.6632862,-0.35863394,2.0227957,-1.5629255,-0.2001554,0.13100684,1.3513794,-0.5416199,4.5158763,-1.2673905,-1.8096104,-0.9218895,-1.05269,-0.1718443,1.2149798,-0.092246525,-3.0384152,-2.7773895,1.332709,2.1439779,-0.15067038,3.8970218,-3.09325,1.1866704,0.88682437,-5.1325946,2.9280262
-1.2565299,-1.6711322,0.20063987,0.1588403,-0.08520645,-0.008304937,0.5620455,0.8980513,-1.434249,-0.4408843,0.6867357,1.6227568,-0.89144737,2.433999,-0.10521878,-0.6091452,-0.20016375,-0.010743067,-1.0456449,1.230957,-0.64248717,-1.3833163,-1.9203893,1.2763987,1.847006,-0.23250866,2.7240007,-2.2377386,1.6658665,-0.73150593,-2.151048,1.0987839
-0.6833216,-2.1832385,0.66393435,-0.9092526,0.21284688,-1.8611836,0.75561315,0.15983255,-1.4056634,-0.9631367,1.2040931,2.8503277,-1.4902954,2.29434,0.734174,-0.6427757,-0.23082781,-1.0518199,-1.309729,3.3094063,-0.7297549,-2.9166954,-2.9870431,0.5137467,1.5886959,0.7337462,3.0695655,-1.9127157,1.168968,-1.9759275,-2.043859,1.499035
-0.69007146,-1.7181396,1.3882254,-0.30801374,0.9472544,-0.5290865,0.62125725,-0.06996835,-1.3220083,-0.7155758,0.74614614,1.3514935,-0.60123247,2.6392126,-0.35941046,-0.85316145,0.02967392,-0.5772607,-0.08917223,1.0229374,-0.12779473,-1.5277334,-2.1683376,0.6019126,1.1829834,-0.66444653,1.9157706,-1.7025377,0.617859,-0.20602602,-2.10364,1.1261852
-0.6536671,-1.5405331,0.9707191,1.1663612,1.5412574,-1.3986557,-0.45181435,0.7273212,-1.0930096,-1.4517198,0.042604715,1.5373968,-0.5414575,3.8702059,-0.7466081,-1.3794246,-0.7817154,-1.2200503,-0.44041753,0.08034552,0.07488902,-1.8422663,-2.1326694,2.2624133,0.7912623,-0.7743059,1.9560497,-1.6707118,0.19601217,-0.1950195,-2.6398227,2.4563506
-1.1082041,-1.673533,1.138802,1.8210207,0.75025266,-0.21683495,-0.67862815,4.0598593,-0.9455372,-2.1755724,0.72959155,2.0959556,0.8205027,6.6287136,-0.9531042,-2.8817,-0.38409606,-1.1167777,-0.5901049,0.5364071,-0.053805172,-1.7564142,-2.6911032,3.2866569,2.3163652,-1.9616039,2.997422,-3.704741,2.8794599,-0.34622312,-4.7096252,3.179556
-1.234702,-0.9403231,1.5677408,-1.112726,0.000689134,-0.1703929,0.2006882,2.091258,0.13983548,-1.2268031,1.8314997,1.8967997,0.94498897,4.672026,0.11455804,-1.6283485,0.6621523,-1.3393613,0.15493837,3.3574765,1.3631295,-2.39367,-2.5047166,-0.1125769,3.013733,-1.511246,1.0279924,-2.4334388,1.3589363,-1.0984564,-3.5024972,0.4923493
1.0813646,-0.8029191,-0.4688127,-0.15128689,1.4171014,-3.14825,-1.0830538,-2.2115114,-2.7453597,-2.273545,-0.35595095,0.35205692,-3.6811066,1.5951903,-0.22205658,-2.0772028,-1.2625175,-2.3636596,0.10136515,-0.96923226,-2.0850446,-0.042042464,-1.5253,2.6558964,0.43642345,1.0463417,2.9441853,-1.893049,-1.4963771,-0.19582386,-1.239085,2.7871993
0.17380324,-1.5615054,0.474604,0.6863594,1.1538019,-0.822592,0.060736794,3.3965206,-0.9881964,-2.1736312,0.8069505,2.3367684,0.84604484,4.1112447,0.6676692,-2.8213255,-2.0477104,-1.2952251,-1.8700013,2.4412405,-0.19382094,-2.6367905,-4.1519012,2.193117,0.7544126,0.23270369,2.7183354,-2.676394,1.7740438,-0.8144262,-3.7107666,2.574851
0.37069526,-1.0888395,0.936206,1.1108143,-0.053639844,-0.97462904,0.14104034,0.760104,-1.584254,-0.38324994,0.71166664,1.6919595,-0.111003414,2.4526308,0.5330473,-1.7222941,-4.0660443,-0.09131004,-0.9735673,1.7649639,-0.9321457,-1.7698623,-5.4801264,2.0632927,-0.6758796,1.5055683,4.0257616,-0.6433463,1.4208001,-0.478342,-2.8291228,1.2808343
-1.4201723,-1.7781022,0.4747387,-1.5469068,0.65817446,-2.427483,-0.12229314,1.8408303,-0.5139771,-1.4016397,1.4351282,1.8327162,-0.38849488,4.167701,-0.86974937,-1.8694689,-1.0608208,-1.6666846,-0.53572065,2.3077536,-0.16137712,-3.29711,-2.1562262,1.7008362,2.7067819,-0.97904205,1.914815,-2.960779,1.0956737,-0.7777657,-3.2891736,2.7622497
-0.32126307,-1.0351173,1.700073,-0.48425776,-0.34340927,0.61123013,1.0444167,2.3246713,-0.94770837,-2.3951392,1.5025545,-0.3061815,0.18595082,4.223402,1.9135002,-2.384685,0.5344585,-0.8512538,-1.3893874,1.620102,-1.0401162,-0.33097708,-1.5765599,2.052664,1.5506133,-1.211214,-0.4193898,-2.274954,3.0453818,-1.1085846,-1.9881684,1.1409699
1.0366471,-2.1016784,0.13035583,0.16697511,1.2336602,0.44722533,-1.9069179,0.9608824,-0.089459,-0.9712026,1.9976215,1.7138026,-0.37347695,-0.45248276,-0.25535703,-0.3473634,-0.8991693,-1.3012035,-0.14385238,-0.6191778,-0.76235926,-0.8304424,-1.817457,1.73769,0.10687171,0.85686356,1.0282153,-0.33623505,0.96435046,-0.46829146,0.05381462,0.45732823
-0.61020404,-0.73082364,-0.2583819,-0.9881817,-1.0398879,-2.5697625,-0.3438716,1.8786151,-0.8741052,-1.5209187,0.999771,1.9391011,-0.6743236,3.708338,-1.714248,-2.1023095,-2.1190743,-1.8424289,0.0055681095,1.5176287,-2.5073228,-1.2000859,-3.2672558,2.3481452,1.7194936,0.6329203,4.4111013,-2.772853,0.44899383,-0.4317206,-2.7705193,1.8334237
-0.44150826,-1.086102,0.16904806,0.07737104,-0.11717999,-1.5305372,0.2786922,0.34743655,-1.324439,-1.4935997,1.0741737,1.9374516,-0.5782312,3.1246111,-0.009581909,-1.0915612,-0.62424046,-0.9325001,-0.8179594,1.716012,-0.25921744,-1.552027,-3.1583927,1.6912991,1.2283747,-0.0771955,2.6679885,-2.4475646,-0.576117,-0.5790055,-2.332849,0.87432027
-0.76411366,-1.9844569,1.5446001,-0.3176307,0.65943074,-0.818066,1.3935016,1.5052485,-1.258139,-1.3605301,1.3518997,1.4848021,-0.049656644,4.8803453,0.09792734,-1.9205172,-0.15184696,-0.59215355,-1.3944767,2.529116,-0.62421393,-2.4910934,-2.2397375,1.2647325,1.5569555,-1.4400431,3.2035158,-2.3051345,2.1208534,-0.37757277,-2.5309324,1.9879746
-0.3924906,-1.6807449,0.69936365,0.41972828,0.92908037,-1.3781679,-0.56163484,2.2809875,-1.1739011,-1.7723522,2.1250935,2.7578335,0.26588836,5.0124626,-0.75804174,-2.171875,-1.4812669,-2.0949268,-0.54673487,1.9082015,-0.14392892,-2.8903167,-2.646998,2.6586194,2.4401963,-0.7957821,2.9671407,-2.140918,1.0369567,-0.8098134,-4.290402,2.1552227
2.0672686,-0.8084746,2.5238876,4.2292914,0.11617759,2.2683182,-0.39999083,1.6544412,-1.8686223,-4.135975,-0.012009725,0.8561071,1.3754619,6.92432,0.06467409,-4.721378,-1.0915022,-1.3892293,-0.83532387,-0.6837529,-4.98213,3.184628,-3.134655,4.3718615,-3.0564635,1.5105529,2.7490447,0.64786917,3.823118,0.270558,-1.3221619,2.3096201
-1.2323573,-1.8722099,2.3421392,0.95514566,1.265619,-1.8621782,0.3649371,-0.27128217,-1.8208055,-0.17439812,-0.38807225,1.9004712,-1.686925,5.3569584,-0.9518296,-0.37805885,1.0894855,-1.256141,-0.16737288,1.0083294,-0.716426,-1.2536975,-3.1272514,0.54407156,0.47408432,-0.119549625,2.778334,-2.363914,-0.34130996,-0.20056093,-3.6279833,2.561262
-0.9335022,-2.055637,0.9369468,-0.63766664,1.1393478,-0.75603235,-0.029792793,-0.021301502,-0.9956273,-0.5857482,0.70484066,0.7435876,-1.1387151,2.1308951,-0.06007524,-1.2443218,-1.4142315,-0.5575552,-0.6752445,0.46368998,-0.50803924,-1.5979766,-2.0124133,1.3962709,0.85347426,-0.3606323,1.0882285,-1.273827,1.5290956,-0.7177856,-1.4527869,2.139953
-1.1635152,-2.0562613,0.5880071,-0.48087347,1.4339788,-0.8716132,0.021137357,1.5397875,-0.84919214,-1.4995992,-0.13644472,1.127755,-0.17960325,3.3072903,0.75979334,-2.1351733,-1.2705581,-0.5859423,-1.1411343,2.1110458,0.6195162,-3.2906485,-4.0511413,0.8197454,1.0748098,-0.99473083,2.4481552,-2.5622997,2.1035197,-0.7248145,-3.2628367,2.0136263
-1.1499794,-1.1209421,1.025234,-0.008412883,0.78278494,-0.6188796,0.040178698,0.14527541,-1.4848473,-1.6197366,1.0628467,0.8197236,-0.6990683,3.3356135,-0.7567827,-1.5022811,-0.34734243,-1.3973186,0.47113043,-0.36134747,-0.8206096,-0.72130835,-0.6349954,2.5422328,2.4233584,-0.75501066,1.1221336,-2.1133764,0.43302637,-0.41001612,-2.330444,1.8628081
-0.5956668,-1.7232445,1.7417603,-0.22286268,1.6858683,-2.5337112,0.022010937,-0.16502911,-1.3340408,-1.2610682,0.05383916,1.347159,-1.0845454,4.3953104,0.7567369,-1.5437654,0.0867413,-1.2599862,-0.34221143,1.8890461,0.45445138,-2.2647235,-2.5671866,0.26941133,1.4712195,-2.184001,2.2066352,-2.5373335,0.7370954,-0.96382946,-3.662745,2.4531157
-1.6557814,-1.6077682,1.2797264,0.22892974,0.0928504,-0.6297369,0.69355655,0.17390707,-1.8975209,-1.532511,1.273308,2.0433106,-1.2265412,4.4466977,0.59322786,-1.2950683,0.7308869,-1.289811,-1.0303487,2.1019156,-0.7399546,-1.5001165,-1.1530505,1.4385462,2.357102,-0.75551957,1.5541723,-2.231693,1.4971828,-1.6004281,-2.5806313,1.5085101
0.09773526,-4.75084,1.2509218,0.031206243,1.2766428,1.4328679,-3.318471,2.7946784,1.1742928,-2.4723985,3.9610667,4.170065,0.39419675,1.1679733,-1.1676958,0.21903896,0.83190906,-2.5150273,-0.1292223,-0.86596876,-1.3032984,-1.56254,-2.204415,2.7542338,0.19052148,0.9109081,0.68286073,0.1621985,3.6878393,-2.0437868,1.0290031,0.74478817
-0.5424986,-1.8013825,0.2786181,0.15193242,1.090008,-1.2766922,-0.8926855,1.0663998,-0.6617027,-1.724001,0.6349618,2.477379,-0.52690804,3.3204443,-0.9200985,-1.2623147,0.18129417,-1.1643225,-0.49057752,0.60956967,0.6916443,-2.3671312,-2.261042,1.689904,1.4739714,-1.1692452,2.8105423,-2.7468245,0.43963507,-0.35372427,-2.5247507,2.1841774
-0.7064453,-1.8068768,2.3599782,-0.14647727,-0.1511009,0.2363606,1.2735461,2.7979035,-1.9545249,-2.018893,2.648828,1.1599829,0.26168063,5.7556443,0.4832046,-2.478759,0.041858047,-1.6564497,-1.0444256,1.9550815,-2.5721388,-0.6154879,-2.7082875,2.6090143,1.6333517,0.7105045,0.73557186,-2.753976,2.5299234,-1.3141083,-3.4021232,1.8691777
-1.0246422,-2.5106897,1.0600665,-0.4185971,0.19340624,-1.9193742,0.474322,0.21480535,-1.4090046,-1.3082911,2.3114016,2.628854,-0.53179693,4.3487964,0.0068395287,-1.063923,-0.99039423,-1.2176671,-0.6558165,2.402649,-0.25503966,-2.8237557,-2.6645153,1.8534675,2.0656533,-1.562705,2.8070507,-1.971993,1.1424974,-1.6782563,-3.132477,1.499627
-1.3802087,-1.5512838,0.8915861,-0.5774514,0.8380605,-0.75440365,0.39343894,0.6012838,-0.6589234,-0.636309,0.7295119,1.0746014,-0.38033053,3.5259671,0.45994443,-1.1548337,-0.44096524,-0.42341155,-1.0797077,2.202657,0.4905573,-2.7454112,-2.0268173,0.75480735,1.8297529,-1.7732165,1.9397643,-2.161491,1.5684458,-0.47827786,-2.5336428,1.4978309
-0.07504844,-1.1766418,2.4446554,1.1902004,-0.33490846,0.9833533,1.5626533,0.9370011,-2.671351,-1.9751537,1.1162794,0.25614482,-0.56162834,4.7075224,0.43290555,-1.8539544,-0.13255167,-1.3757372,-0.6749396,0.53644365,-3.3256526,1.2980225,-2.5132856,2.984179,0.07861383,1.8954843,0.79484904,-1.0363845,1.2047874,-0.374565,-1.6145469,1.0826486
-0.91179585,-1.3136866,-0.026848003,-0.57694095,-0.28115416,-2.396236,-0.42518437,0.98921573,-0.3012641,-1.4014151,1.3171784,1.9844882,-0.14134373,2.7024817,-0.6911832,-1.4563156,-1.845368,-1.3487898,-0.46620268,1.2852187,-1.3538787,-1.5937175,-2.6100235,2.1293554,0.8723812,0.27390817,1.7119678,-1.7875007,0.43901992,-1.6854053,-1.9555668,1.6596735
0.6207997,-0.66035974,2.4864945,3.2473607,-0.10676798,2.100945,1.201414,1.4358206,-2.1313584,-3.4701133,-1.4079734,-0.60787416,1.1359407,6.782097,0.93646544,-3.6672385,0.3547017,-0.26073676,-1.0102574,-0.42301223,-3.5762365,3.3715503,-3.2494335,3.1312814,-2.357323,0.70786256,1.2767034,-0.8472204,2.8582773,0.31488156,-1.6304226,1.6487203
-1.6701276,-1.8566709,1.1974331,0.41119534,1.3222167,-1.2505289,-0.5408016,0.17328838,-1.0209616,-0.7582924,0.003474608,1.7874378,-1.3477025,3.976401,-1.5090929,-0.7737341,0.71730673,-1.1160582,0.08335112,-0.5660842,-0.5036381,-1.5516005,-0.15198621,1.8689183,1.8649542,-1.278829,1.92722,-1.9421756,1.5666815,-0.936593,-2.7159126,3.0175235
-1.078324,-0.992639,0.89590937,-0.056584597,0.9148195,-0.95693827,-0.0068043545,0.8253925,-0.32982892,0.20543301,0.3405656,0.78438056,-0.4254668,2.5062916,-0.34619647,-0.9317155,-1.0970315,-0.37008613,-0.61740506,0.99673176,0.40397185,-2.35943,-1.9028448,0.6804826,1.5102047,-0.90277874,1.6146535,-1.5590855,0.86184335,-0.11737187,-2.4396458,1.7460057
-1.996046,-2.229985,0.83012265,0.49789196,1.2519188,-0.0649364,0.1282705,1.0684142,-1.517607,-1.5589132,0.5826739,1.5554749,-0.49533603,3.3701377,0.660017,-1.2386013,-0.32625347,-0.71902734,-1.0388645,0.97318274,0.81908023,-2.2649765,-3.3644097,2.1713142,1.7114936,-0.8306328,0.5307212,-3.2366292,1.0129355,-0.97946995,-3.3196468,1.6642933
-1.0430664,-1.2778785,-0.64437777,0.52929604,-0.22220117,0.6831886,0.13341093,1.9297824,-1.2345321,-0.99423146,1.456058,1.8032393,-0.30209592,1.6954119,0.56375855,-1.0627928,-1.0118346,-0.6174098,-1.3720512,1.7944049,-0.011761585,-2.1163137,-1.9529543,1.8021375,2.3588898,0.102364995,2.3232386,-1.9709349,1.7151628,-0.59258187,-2.2498655,0.4807399
0.016854402,-1.353921,0.38493472,-0.5527272,0.99054873,-1.5808356,0.68911904,3.3929844,-1.2840466,-2.9390357,1.770392,2.000747,0.7825901,5.5726757,-0.2529543,-3.6938026,-1.5530773,-2.110551,-1.084246,2.6999285,-1.6310631,-2.6222434,-3.8118296,2.8280227,1.7137485,-0.06496052,2.7717798,-3.874695,1.2284281,-0.60207844,-4.1475863,2.945744
1.3384428,-0.77343106,0.23264605,-1.6742301,2.51152,-3.7672336,-0.8745822,-4.0439124,-2.792694,-2.1299555,-0.9927803,-1.5287126,-4.302332,1.0720608,-0.7738348,-2.2970545,-1.0632101,-2.3672702,1.3835436,-1.9841709,-2.44375,0.35341182,-0.96707976,1.6766443,0.5285639,1.0099458,2.703982,-1.5792801,-2.3449798,0.9074891,-0.2745543,2.967647
-0.122862846,-1.4838456,1.5725584,0.25178874,1.1679754,-2.105023,-0.4624349,2.836984,-0.06554794,-2.2177665,0.7368506,2.698259,0.7402018,4.861765,-0.66698843,-2.5350592,-0.62136036,-2.0876162,-0.7642885,1.8642259,-0.28910792,-2.260913,-3.7725058,1.6381222,0.55569035,-0.61857504,2.5302413,-2.7818127,0.6099885,-0.80471665,-3.3432155,2.7860553
1.9514648,0.1981324,0.8690145,3.1381607,-0.62199813,2.4241307,-0.4173565,1.2566656,-0.48741725,-4.029258,-1.3600858,-0.17875606,2.1559644,4.9411497,0.06422177,-4.3849373,-0.023004368,0.16064118,-0.050122514,-0.95484143,-3.1992693,3.9587717,-2.2625568,2.406956,-3.437326,0.6016568,0.7476692,-0.00042776763,1.9193636,0.8978647,-0.3123396,0.7868755
-0.23334861,-1.0403823,1.009944,-0.41639245,0.7551947,-0.9501775,0.79297054,1.3638997,-0.9949579,-1.1778991,0.857961,1.077349,-0.3906554,4.063025,-0.04977122,-1.8959211,-0.34603602,-0.7663827,-0.7178018,2.1648817,-0.38413808,-2.080689,-1.9428031,0.9199972,1.8032019,-0.8090814,2.7568219,-2.261294,1.6424178,0.010523973,-2.9146185,2.0539074
-0.9710331,-1.1365167,1.4838147,-0.58869773,-0.21493989,-1.1634253,0.3496767,1.2814475,-1.0932829,-1.3273317,0.7218374,0.6721801,-0.43353713,5.04803,-1.2123494,-2.2137866,-0.6417968,-1.0317771,0.41081005,0.8274933,-1.5723965,-0.6020875,-2.6927361,1.8880588,2.0869088,-1.7462243,3.1634526,-3.0895114,1.415169,0.14954102,-2.9848473,2.1071894
-1.2716401,-0.8310168,0.70361304,-0.31848586,1.354265,-2.2888975,-0.6922513,-0.0995812,-0.7133906,-0.59250444,0.03261251,1.5473132,-1.1213276,3.7695494,-0.64914584,-0.985247,1.1001506,-1.2169863,0.18618931,0.9483385,0.71322525,-2.0521188,-0.39767015,0.2936625,2.0407252,-1.529579,1.6958059,-2.850838,0.11080286,-0.40277168,-3.3263052,2.5866692
-0.43926254,-1.6292033,0.6799857,1.0021129,2.3827348,0.51860356,-0.064057715,1.7558169,-1.8351809,-1.9908469,0.96111304,1.9879739,-0.40049246,3.2370582,1.3898133,-1.7550987,0.19884306,-1.5604463,-1.8452628,1.3489773,1.0493468,-2.331272,-2.8819022,2.1369016,2.0377996,-0.5820086,1.3715047,-3.625508,0.39306948,-0.15689343,-3.6052876,2.0228186
-0.58754075,-1.3298368,0.35523373,0.17491105,0.47512147,-2.1715553,-0.56964165,1.0651993,-0.99940276,-2.1702867,1.5121049,1.9847101,-0.12195045,4.0554695,0.1646169,-2.1735666,-1.5445344,-1.8263056,-0.31363207,1.839698,0.23046607,-2.2992194,-2.7177997,1.8944697,2.0485811,-1.5730363,2.2956474,-2.1306465,0.8601977,-1.2523633,-3.5409799,1.5828834
-0.9003194,-1.9014623,1.717329,-0.024569236,0.78314894,-1.2505777,1.2028832,0.45987993,-1.8919678,-0.23655105,1.0505934,1.7043866,-1.2320514,3.9699845,-1.1058974,-0.70574516,-0.04581009,-1.051408,-0.24393734,0.7287351,-2.581192,-1.1192942,-1.5393417,1.8359418,0.81607306,1.3775065,2.4744976,-1.6938287,1.0304126,-0.5067909,-2.4787989,2.5825264
-0.9365477,-1.2594733,1.8562077,0.64079964,1.396518,-0.052591864,0.7895132,1.139582,-1.9367876,-0.875247,-0.2059888,0.5044379,-0.2261019,4.54129,0.5877287,-2.13774,-1.4030111,-0.91274315,-0.42627585,1.8969476,0.75786006,-2.320435,-4.159111,1.2750882,1.855528,-1.0339209,1.9752316,-2.4793818,0.26035354,0.1325689,-4.161949,1.5691972
-0.8605949,-1.5909115,0.30415624,0.5797753,0.95400155,-0.31565043,-0.21200657,1.0541562,-1.3306398,-0.86876655,1.3998053,2.6823058,-0.56243294,3.5009108,-0.81284195,-1.0375111,-0.19067536,-1.2385467,-0.7644739,1.3143386,-0.40753624,-2.326879,-1.8907765,1.9738663,2.2783172,-0.010902017,2.995254,-2.6783564,0.44882518,-0.50984055,-3.278652,1.6947708
1.4061027,-1.2495091,0.46614283,-0.44940495,2.440956,-2.5904732,-0.9738333,-3.0128846,-2.8038206,-1.5044893,-0.23130652,-0.13452192,-4.016341,1.2217498,-0.6523415,-1.768391,-1.1512134,-2.3762019,0.54407424,-1.2606928,-2.4089708,-0.35568357,-0.00056174025,2.0116541,0.6196255,1.8772296,2.7914927,-0.21401037,-0.70997655,-0.11029662,-0.55883074,3.0352924
-1.2050297,-2.6319864,0.03261459,-0.6226311,0.6331334,-2.321401,0.66948825,0.6372765,-1.5542552,-0.6098017,-0.13151929,2.1247356,-1.3972616,3.9854488,-0.5394448,-1.4137325,-0.45897436,-0.14523621,-1.4639956,1.8312675,-0.9057397,-2.8208442,-2.545099,0.9456878,0.88273567,-1.1044077,4.421849,-2.7553818,2.2922904,-0.80580497,-3.1956425,3.107996
0.46361986,-1.8080782,1.0911329,-0.532174,2.446739,-1.6982062,1.6162629,0.35085413,-2.0013216,-1.5394621,0.12818794,0.5346046,-0.88083595,3.9912205,0.74112844,-2.2074833,0.06519055,-0.32771778,-1.4890983,1.8621036,0.054427907,-2.6577342,-3.1988142,0.449173,0.7915321,-2.1781342,4.471763,-3.4993773,0.5718845,1.2033412,-2.8438687,2.5783317
-0.010862092,-1.2852541,2.2157545,0.18041724,1.2055926,-2.0052938,0.18839753,0.75566244,-0.79239273,-0.52191013,-0.14812163,0.9230904,-0.5852741,3.8666131,-0.8437609,-1.3963906,-1.0984204,-1.263903,-0.2095847,0.7552265,-0.71315587,-1.1425245,-2.8200507,0.95324993,-0.26375645,-0.14081866,1.9531772,-1.1109811,0.14642975,0.15935665,-2.286115,2.6475713
-1.0773499,-1.33083,-0.86241746,-0.12583798,-0.5807239,-1.5995147,0.20637774,-0.11881408,-2.2771676,-1.8256176,1.8119136,2.4169564,-1.3044227,2.9842136,-0.042801797,-1.2173395,-0.43797207,-1.3584977,-0.5700778,1.8615279,-0.3716132,-2.0504878,-0.8750963,2.299262,3.7310386,-1.0641369,3.9365568,-2.6563137,0.7036594,-1.2315196,-3.0577216,0.9466541
-0.40443107,-1.5757408,0.15479076,-0.7209212,1.4241722,-0.36506438,1.1420408,1.1239134,-1.226051,-1.6749276,0.2402671,0.5591363,-0.15994045,3.1448102,-0.26921028,-2.2456837,-0.23649871,-0.032168575,-1.0121175,1.0990155,-0.40074274,-2.2205608,-1.28564,1.4301082,1.8940266,-1.9756775,3.4830317,-2.828318,1.8477086,0.5162366,-2.237715,2.276837
-1.2689883,-1.4286098,2.7644916,1.1683711,-1.5797431,1.5238596,2.062027,2.1059375,-1.9702793,-3.2564912,1.8076544,1.0990145,0.67936605,7.2486715,0.28588745,-2.9036596,0.20326778,-1.1111252,-0.38096184,1.1910065,-3.385311,1.2583374,-2.9830453,3.6179988,1.1333978,-0.101933606,1.014355,-2.0476446,2.995767,-1.5101837,-2.299818,0.99705875
-2.0114942,-1.7607962,-0.0054416806,0.15164456,0.02284491,-1.9930018,-0.20853242,1.0908623,-1.5883309,-2.388495,1.169705,2.0238972,-0.87157595,4.8097844,0.45857447,-2.1878314,-1.0957348,-1.4360298,-1.088163,1.5734823,-0.50424457,-2.029896,-2.6664104,3.125378,2.2501187,-1.2009501,1.860318,-3.4341862,1.4072032,-1.7000375,-3.442433,2.4701817
1.8820895,-0.5219158,-0.2476469,0.19601583,2.873489,-2.9044712,-1.4163476,-2.7636013,-2.8355842,-2.8612406,-0.7928422,-0.831208,-3.6261573,1.904736,-0.91794056,-2.7277799,-1.2031436,-2.5572953,0.76028186,-2.8567636,-2.8755045,0.770018,-0.027862817,3.4603868,-0.020716988,1.9886669,2.2823973,-1.5196117,-1.7364703,0.8542956,-1.0181106,3.9973903
-0.17084958,-1.1625142,2.258904,0.29540664,1.1549444,-0.08448066,0.61286366,0.9266173,-1.4572223,-0.80825454,0.27714163,0.5607922,-0.18271437,4.1964884,-1.3217505,-2.1607106,-2.3818924,-1.014979,0.19147654,1.0958029,-0.5461595,-1.4030833,-4.8814454,1.8017201,0.5643774,0.57665396,2.7171957,-1.624229,-0.280366,1.2318707,-2.9668362,1.7703774
-1.6376108,-1.6980752,0.68959343,-0.25346005,0.43102762,-1.2553253,0.35383084,-0.85192907,-1.8177361,-0.8014822,0.8344923,1.389678,-1.1396831,2.9687235,-0.47235423,-0.9147699,-0.90084106,-0.5842147,0.1120166,0.6333412,-0.35527426,-1.4899722,-1.3471675,1.8189242,1.9257473,-0.7672091,1.7984775,-1.8526988,0.6769644,-1.0055981,-2.6362922,1.6949303
-1.2548065,-2.0958216,1.767482,0.72982067,0.16869019,-1.0394586,0.20136112,1.3504668,-1.5572959,-0.8017054,0.9795616,2.9403086,-0.5450207,5.297624,-1.9982498,-0.7807437,0.48507446,-1.4710513,0.23196907,0.66238034,-1.5949066,-1.120168,-2.4855955,2.0985432,1.6335503,0.15625086,3.0271142,-2.6282535,0.8397002,-0.7604902,-3.7412062,2.2130218
-1.3055978,-2.2567906,2.3452468,-0.5687626,1.5055606,-2.7485108,0.8065302,0.3161541,-1.4022683,-1.5341492,0.12808928,1.5363852,-1.4757854,6.1154575,-1.728476,-2.0627077,0.25095895,-1.4464858,-0.38398057,0.47115117,-1.6702918,-1.4193486,-2.0384045,1.9342831,1.0384196,-1.4220251,2.8885076,-3.329266,0.9507356,0.074776486,-2.7953231,4.4092937
-0.86591005,-0.93268985,1.3200333,0.77523255,0.060577415,-1.6253363,-0.76519614,0.6432863,-0.13507469,-0.19619206,0.13740322,1.2382767,-0.31133634,3.6333854,0.033216193,-1.2165755,-1.3426768,-0.7065871,-0.30751532,1.3006757,0.8157984,-1.251294,-3.0302753,0.49812636,0.16877714,-1.2438653,0.6604122,-1.1441555,0.62868166,-0.8692684,-2.6781268,1.6931956
-0.8334727,-0.6108749,1.5326034,1.4268488,1.6161551,-0.6872841,-0.05886113,1.6562258,-0.9739814,-1.0328256,-0.8888818,-0.10141562,-0.052763127,4.6472993,0.36351347,-2.1849723,-0.6491261,-0.85270023,-0.6696314,0.17024218,0.31084764,-0.996292,-2.1798975,1.5017645,0.1405327,-0.9686767,0.47546765,-2.1105273,0.8463882,0.5337884,-3.273716,2.782357
-1.9483428,-1.8595465,-0.6292839,0.40792227,0.30841112,-0.9199169,0.1079122,0.45838505,-2.0286252,-0.6543611,0.25328308,1.5156748,-1.5459024,3.2499504,-0.42238414,-0.97804224,-0.5752058,-0.20190315,-0.6709981,0.7913,0.02769647,-2.371462,-2.2852309,1.9174763,2.4932282,-1.0672041,3.3726625,-3.3575504,1.2762879,-0.41170105,-3.6635041,1.7464633
-0.93939596,-1.5883322,1.1584208,0.36709476,0.7358924,-1.5668267,-0.4692521,2.1877432,-0.45178172,-1.4740155,-0.14240694,1.4746659,0.22595954,5.461409,-0.7372467,-2.468719,-0.95874006,-0.89441305,-0.51308095,1.137243,-0.2610243,-1.6929785,-3.71187,1.452569,0.39463112,-1.3150887,2.0858247,-2.9381936,1.5421724,-0.62291896,-3.9619987,2.881109
-1.6561611,-2.248417,2.0179596,-1.7713889,1.0097594,-0.49663267,0.9915771,1.2578679,-0.27947974,-0.011955276,0.7081165,0.9523599,-0.2470766,3.7223976,-1.0431371,-0.76090777,0.53235054,-0.24044754,-0.38859695,1.6184541,-0.18331322,-2.0037427,-2.6162944,-0.008557722,1.6546056,-1.3032187,1.6661888,-3.0895977,1.5385293,0.04523592,-2.5793133,1.8800577
-0.28107288,-1.2391429,0.46352965,-0.40593576,0.39931625,-0.9304313,0.68239266,0.49652943,-1.4553932,-0.54061013,1.706466,1.3536345,-0.7834109,1.9420228,0.46465945,-0.89754266,-1.3818957,-1.1519367,-0.95971304,2.225728,-0.67998123,-2.1520462,-1.994035,1.2076188,1.5090727,0.683263,2.2117243,-0.9867289,0.652514,-0.5556533,-2.0905976,0.84506464
-0.09005991,-0.82152146,1.4920533,1.0152733,1.9248466,0.32200152,0.66768014,1.4534225,-1.2671562,-1.0643027,0.43002346,1.2341045,0.06881524,3.629368,-0.17077284,-1.0685422,0.41621232,-1.0328555,-0.88199914,1.2462672,0.039403014,-1.9575075,-1.9916279,1.1656495,1.2927198,0.23936668,1.9735134,-2.1199996,0.03103628,0.94067115,-2.8741748,1.6335758
-1.7216101,-1.9711415,0.59986126,-0.01835446,0.012080297,-1.7798753,0.05178511,0.5738795,-1.7002728,-2.4251668,1.4780594,2.570545,-0.9455695,5.1480856,-1.9131949,-1.7487352,-1.1199956,-1.8659807,-0.20153216,-0.0011470243,-1.7021421,-1.1254447,-2.0074177,4.17153,2.671888,-0.8480204,2.4252272,-3.43709,-0.1250014,-0.8672722,-2.9313369,2.7417214
-1.3658022,-2.1509848,2.8634005,-0.44935584,1.5301135,-1.0356826,0.40476325,0.30196747,-0.9552257,-0.23915699,0.22874108,0.0072420835,-0.4047793,4.5689087,-1.2793822,-1.562975,-1.2232559,-0.48678923,0.6799448,0.089780465,-0.11761228,-1.5385782,-3.1104987,1.161168,0.8107309,-1.598518,1.3818184,-1.4911237,1.4113019,0.18988019,-2.8379076,2.4997866
-0.6526416,-1.8947825,1.5392908,-0.60414904,0.2777912,-0.43714103,0.80270326,0.980171,-0.524392,-0.9295546,0.7863439,1.6195828,0.22989386,3.3638747,-0.70744675,-0.79860353,-0.38200814,-0.3729456,-0.40610194,1.7475426,-0.22051561,-1.5358874,-3.2177567,0.9004396,0.5194663,-0.30786613,1.673454,-1.7962029,0.42118523,-0.26950333,-1.733989,1.0987812
-0.7649334,-1.859734,0.87377447,0.20728813,0.53273857,-0.7186038,1.4106169,0.79261863,-2.3273664,-1.1420702,1.2084786,1.9371189,-0.58559114,3.8008294,-0.6475239,-1.5304064,-1.5985379,-0.96434,-0.85557723,1.5935174,-1.341496,-1.8560143,-3.318299,2.4648247,1.6779218,0.4199832,3.301889,-2.5447457,0.11546738,-0.35879606,-3.0775564,1.6867464
1.1783485,-1.5523177,-0.34076342,0.22704211,1.2149134,0.28149605,-1.6794171,1.0732552,-0.042918146,-0.51774347,0.99062604,1.2147577,-0.4068559,-0.8368622,0.13273253,-0.37617314,-0.5167862,-0.9364192,-0.4582104,-0.6294316,-0.21371788,-0.81229055,-1.6031073,1.0124348,-0.26738772,0.7903201,1.0575504,-0.68166274,0.5509145,-0.041335627,0.12717472,0.4502801
-1.1184617,-1.6331357,1.6549407,0.3801065,1.2866476,0.31976306,0.3247588,0.4528681,-1.0033442,-0.6772977,0.44508445,1.0013777,-0.27094388,3.242314,-0.36917365,-0.7178001,0.5200608,-0.5322837,0.15584917,0.78116673,0.91434205,-1.9434329,-1.7115576,0.83931637,1.724771,-1.1130046,1.2131209,-1.4713833,0.84074473,-0.08262055,-2.449122,1.2330303
-0.4358664,-1.8863361,2.191166,0.31410667,1.5193725,-1.150718,1.0298365,0.8668236,-1.1992831,-1.1017325,0.20612937,1.4781256,-0.74284035,4.8242116,-0.3661108,-1.3137072,0.9723587,-0.8200136,-1.2630394,1.3960482,-0.986802,-1.6756675,-2.202898,0.8171716,0.34811285,-1.1473376,3.3649664,-2.2753227,1.3728209,0.27661148,-2.1466582,2.626452
1.0739623,-0.53928083,-0.8551681,-0.98851347,1.3150373,-3.399865,-1.3568134,-3.059449,-2.7030647,-2.5978835,-0.24152306,-0.9770125,-3.7537777,0.75917715,-0.34747338,-2.7612596,-1.9513907,-2.5698087,0.822303,-2.053229,-2.504671,0.93983567,-0.8908515,2.7924798,0.45176044,1.2928003,1.654899,-1.3676338,-1.9493537,-0.24139497,-0.2972722,2.5725846
-1.2795601,-1.8535209,0.23399594,-0.16014513,1.4191937,-1.3797777,-0.73878676,0.7304321,-0.30443284,-0.414707,-0.29804906,1.248404,-0.40323326,2.5927982,-0.2768287,-0.99979657,-0.6794838,-0.041070294,-0.3468058,0.45259652,1.1698023,-2.914206,-1.968487,0.84831285,1.1930618,-1.5990098,1.4741961,-2.1293938,1.4800073,-0.7471202,-2.938682,2.4938877
-0.9581581,-1.2971692,2.1210105,-0.9986117,1.8982422,-0.8577683,0.124077976,0.6972905,-0.2772317,-0.26662225,1.057097,0.9399067,0.113008045,3.7918353,-0.44133502,-1.0954275,-0.33519918,-1.1818717,0.42706978,2.437282,1.6794745,-3.537456,-2.2938488,-0.22147077,2.1856356,-1.3401273,0.8137052,-1.3219345,0.36485034,-0.06796524,-3.375294,1.4787505
-0.29759538,-1.4986497,2.9272084,-0.4125957,0.36033604,0.2078578,2.5565746,0.69551206,-2.096036,-2.6612375,1.7743539,1.2020508,-0.31795222,5.859722,-0.3051685,-2.148637,1.2125046,-1.6255578,-0.86976033,1.891316,-3.1388588,-0.5011134,-1.449012,2.28674,1.6154488,-0.23894012,2.5099277,-2.0500066,1.177326,-0.055310465,-1.2401834,1.7953389
-2.2474017,-1.5913454,-0.19210166,-0.37391227,-2.1507437,-0.5559867,2.2944422,0.9222911,-2.6320581,-2.7766638,1.1782978,0.8313886,-0.8048473,4.628947,0.75382644,-2.7335918,-1.6747241,-0.15212499,-1.7869978,2.1779296,-2.4886277,-1.1370642,-2.6213026,3.633273,2.7822,-1.6540303,3.3695667,-3.074531,2.5452638,-1.7381848,-1.7585899,1.3101813
-1.0429876,-0.93819994,1.2510271,0.17866445,0.36988592,-1.7792857,0.14571692,0.1854757,-1.3709618,-0.47949696,-0.033520073,0.37400588,-1.2040237,4.040417,0.5038799,-1.7112757,-1.1232204,-0.678995,-0.5900216,1.6237671,-0.29235163,-1.3712358,-2.6495914,0.7799276,0.6383465,-0.75795245,1.7563484,-1.5006939,1.3330884,-0.5936028,-3.1514533,2.0434706
-1.2801219,-1.3394475,0.34638545,0.51878464,0.76462466,-0.4656317,-0.0012263507,0.90251136,-1.2072805,-0.3521303,0.24798924,0.6195464,-0.5455405,2.5452466,-0.17526041,-1.2248679,-1.8527676,-0.515016,-0.8308035,0.620997,-0.16516921,-1.8263134,-2.1860042,1.8060266,1.0433147,0.010272402,1.1625358,-1.459766,0.92306834,-0.26979172,-2.4072797,1.8512176
-1.4204781,-2.6719613,0.77210593,-0.8021968,1.8045702,-1.7551566,-0.07432262,0.78073895,-0.9470898,-1.2926399,0.12544209,1.7355981,-1.2776448,3.040159,-0.86496717,-1.0925868,0.0038657784,-0.8759244,-0.8419156,0.2057173,-0.2836021,-2.6793437,-1.8158965,2.1042707,1.8369414,-1.5859112,2.4561467,-3.3877401,1.1299951,-0.3560997,-2.2292447,3.3184564
-1.2882484,-1.6163691,-0.10404804,-0.093584925,0.43883753,-1.0813873,0.042270735,1.4862887,-1.8146067,-1.9141777,0.7889671,1.9560535,-0.49364573,3.5029986,-0.7718113,-1.6975173,-0.5627996,-1.4370332,-0.30733812,0.5329538,-0.9214597,-1.3966872,-2.8371234,2.8913598,2.53764,-0.32747486,2.7275467,-4.3317904,0.016559355,-0.052026957,-3.5186956,1.9986455
-1.3463752,-1.6698912,1.4594256,0.15449956,1.141627,-1.3330091,0.3609078,0.7101766,-1.4250802,-1.1570266,-0.39319605,0.5343227,-1.4798348,4.71357,-0.83581823,-1.9139429,-0.8748682,-0.93968576,-0.8634525,0.039116677,-0.77942014,-1.303324,-2.817203,2.364202,0.94698185,-1.2776513,2.1677728,-2.965847,0.49545547,0.39042798,-2.211475,3.2702565
0.037145738,-0.8689859,2.6615663,0.16373476,2.3595846,-0.66878617,1.371414,0.9109392,-1.3406471,-1.3271772,0.12980121,-0.05631928,0.24495292,5.6410427,-1.3971235,-2.5226178,-0.32169682,-0.89758897,0.14777184,0.16669768,-0.64120704,-1.2052025,-1.9464881,1.9184232,1.0938871,-1.9060533,2.2991133,-2.8918934,-0.13480294,2.037075,-3.0364823,3.1365404
-0.87968534,-1.7647705,0.8813103,-0.1738786,1.0104803,0.7223158,0.27305079,1.4195329,-1.0640526,-0.695305,1.3590459,1.1432778,-0.36040917,2.2832825,-0.04099883,-0.7576267,-0.34750348,-0.80665565,-0.75129867,1.2588482,-0.19448207,-1.9419234,-2.2091944,1.4020215,1.9668565,-0.014683731,1.4460905,-2.0107222,1.1195155,-0.027395537,-1.9377866,0.9131142
-1.1046513,-1.7038652,1.0793375,-0.5992563,0.9583684,-2.2158108,0.4787153,0.18441337,-1.6127212,-1.3985634,0.6133451,0.9494576,-0.41361248,4.618121,-0.8338602,-2.5080898,-2.1565266,-0.79089737,-0.032107703,1.0331227,-0.36664265,-2.1034362,-2.7475972,2.164831,1.7162033,-1.7951784,2.7017927,-2.7852209,0.87819606,-0.19936801,-3.6418607,2.8983538
-1.0842956,-1.8493924,0.57635677,-0.2555263,-0.7947833,-1.5491418,0.8625108,1.2385914,-1.4821113,-1.1959733,1.0892935,1.934694,-0.45604253,3.7807114,-0.049440354,-1.5997964,-1.9746999,-0.7678864,-0.8186378,2.0612328,-2.1499352,-1.2086104,-3.9825377,1.9386585,0.6946964,0.87213117,2.4486368,-2.132592,1.5351816,-1.7329277,-2.7799761,1.5480554
1.8390168,-0.9177192,-0.15240017,-0.27775776,2.0952635,-3.1757276,-1.3796282,-3.0473769,-3.1201534,-2.1847744,-0.30047768,-0.42156523,-4.2842994,1.2016506,-0.6434462,-2.5894074,-2.0711412,-2.5286825,0.24886324,-1.7336644,-3.0174918,0.19659376,-0.77081215,2.765478,0.065777615,2.1029313,3.3661127,-0.6434778,-1.0401137,0.15618189,-0.46757954,3.5477848
-0.13913366,-1.104952,3.3818707,-0.6948531,1.1232965,0.113440946,2.2380476,2.4281816,-2.3301172,-3.258995,1.8028771,-0.99043405,0.045228295,7.224724,1.6992047,-3.705586,1.3931814,-1.7489904,-2.1762826,1.4815869,-2.4013789,0.081370994,-1.8495373,2.897772,1.4458345,-1.1290574,-0.43548134,-4.368475,2.3138504,0.14876708,-3.2516358,3.1286876
-0.4562709,-1.184485,1.3644881,-1.0447391,1.3589604,-1.6783055,0.30072528,-0.057358716,-1.3495628,-0.32019255,1.237327,0.8160635,-1.0019611,3.6597316,-0.01872088,-1.4078999,-0.6643863,-1.4508408,-0.1521394,2.0110364,0.13631846,-2.3800972,-1.951098,0.35731223,1.8992255,-0.869597,1.8475205,-1.7810274,0.4396992,-0.11098495,-3.3089855,1.9931039
2.2528327,0.37208214,1.1905023,3.234264,-0.7651757,2.5262594,-0.36767238,2.0877187,-0.097631775,-4.277793,-1.9274006,-0.50771606,2.9547076,6.200812,-0.4194833,-5.3632,-1.0356113,0.3043971,0.02099093,-1.0428321,-3.435118,4.610479,-4.1558847,2.6943843,-4.5678263,0.19683495,0.985088,-0.48269844,1.5301769,1.6300588,-0.5662216,1.2972244
0.27598083,-1.4441011,2.3233209,-0.66688824,2.7586913,0.49382916,0.5126266,1.2860758,-1.1033115,-0.525579,1.3056396,0.78817445,-0.5430883,3.8009272,-1.3988882,-1.3667953,0.89589727,-2.0308852,0.18359663,0.58846027,-0.4905007,-2.1200004,-0.72618103,1.2122302,2.6767638,-0.98092186,2.3778906,-1.9758518,0.7048681,1.3236251,-2.886931,2.126138
-0.77030784,-0.533417,0.8980313,0.06396569,0.5933802,-2.3624406,-0.1776709,-0.9527737,-1.2568151,-0.60747516,0.07775693,0.33077085,-0.9592281,3.3272417,-0.05381018,-1.3920687,-1.6604923,-0.88510746,0.5013641,0.8852451,0.15797758,-1.471503,-2.1822913,0.97051287,0.96437675,-1.157775,1.7187581,-1.3436357,-0.026852436,-0.32853794,-2.9966924,1.6854523
0.015944947,-1.95675,2.267775,-0.22584535,1.8309417,-1.9369235,-0.33453915,0.7599025,-0.46341765,-0.10111655,0.3467238,1.8659583,-0.78118944,3.6295905,-1.1050718,-0.8023647,0.3212657,-1.350943,0.015760615,1.0236818,-0.3639178,-2.1531432,-1.5873227,0.08214629,0.6759,-0.91267085,2.8441184,-1.0110742,1.5168754,-0.37280616,-2.677339,2.7169936
-0.9908965,-1.8278896,1.4318676,0.5523271,2.1617706,-0.7731986,0.35070106,1.214996,-1.3538945,-1.93326,-0.28103593,1.0904187,-0.5219555,4.9936767,0.22969319,-1.9461374,0.45752198,-0.9419825,-0.98883617,1.03827,-0.11243265,-2.251398,-2.4899497,1.5035363,1.046987,-1.2669339,2.132745,-3.0242882,1.4567732,-0.17029545,-3.3876011,2.8805091
-1.3819554,-2.4908254,1.6954386,-0.06898065,0.1474871,-0.13801546,1.7039096,0.9281148,-2.0419657,-0.7821763,1.354824,2.034934,-0.5925237,4.3727098,-0.21064226,-1.2966971,-0.9232591,-0.63125026,-0.8887875,2.3559976,-1.1749712,-2.2156494,-3.5162036,1.6488073,1.5006403,0.3575979,2.8295686,-1.8294281,1.6719698,-1.0203013,-3.037042,1.5711013
-1.4963948,-2.4895287,1.9067035,0.29985827,1.1155503,-1.7242008,0.017318413,2.2324712,-1.0479991,-1.1947817,0.24495277,2.369999,-0.90948707,6.218063,-2.5184371,-1.8031508,0.029706314,-1.5888573,-0.547767,0.41443837,-1.9637154,-2.2723126,-2.8379462,2.7134213,1.9828668,-1.2487239,4.611918,-3.635,1.7708898,-0.19514859,-3.6167495,3.8460436
2.2162256,-0.6073558,-0.7979591,0.7569536,1.4626868,-0.37016976,-1.8563918,-0.72708446,-1.2246419,-2.092184,0.3684564,0.8072998,-1.1389375,0.05603601,1.2544384,-1.6900756,-0.004508987,-1.364351,-0.25257346,-0.3932808,-0.88110715,0.5783658,-1.4229345,0.9608941,-0.9360027,1.2844675,1.357387,-0.8498006,-0.018812992,-0.13334224,-0.5186633,0.6691662
0.43877745,-3.5238483,0.75543416,0.25329655,1.6846304,0.8925789,-2.6150718,1.9538978,0.29900602,-1.482828,2.9177055,3.0242188,-0.21581367,0.21373968,-0.8491382,-0.10427867,-0.7492969,-1.9349216,-0.378803,-1.0294911,-1.0633365,-1.5215635,-2.1132672,2.960366,0.46470076,0.94182706,1.1857097,-0.23711286,2.3023617,-1.1881586,0.23945706,1.0587003
-0.78132325,-1.6211842,1.7339699,0.8505198,0.19598602,-1.8376793,1.0157989,-0.48227108,-2.7953238,-1.3344738,0.29017878,1.2018715,-1.8637203,5.7367177,0.1952287,-1.5273712,0.5438465,-1.0807996,-0.7812888,1.7348585,-1.145729,-1.2519125,-2.0102456,1.2473555,1.5895269,-1.7367793,4.1389294,-2.0569105,1.1950455,-0.540975,-3.2875872,2.0832455
0.07061161,-1.1634959,0.9529419,-0.020575501,2.332948,-1.5143282,-0.15335897,0.714098,-0.84077835,-0.90537226,0.36980134,1.4371542,-0.5291964,3.3447046,-1.0826495,-1.4781685,0.02481696,-1.4418647,-0.17368858,0.32671013,-0.16161141,-2.0012507,-1.1951067,1.458958,1.2590642,-0.86691195,2.0799513,-2.4578362,-0.17552441,0.6639009,-2.794759,3.0426266
-0.84763354,-2.1279833,2.3117113,-0.53831327,1.1078684,-1.1212893,-0.7369247,1.7700137,-1.0082314,-1.0556536,2.2630394,2.315441,-0.2855368,5.826253,-2.3669865,-1.9169585,-0.15272199,-2.4480815,1.0606887,1.2460568,-0.779339,-2.1212611,-2.8974836,1.459869,3.0354502,-1.2050841,3.509212,-2.5427296,1.356947,-0.34364545,-4.4740863,2.0165665
-1.0984322,-1.5730646,1.7669213,-0.43709403,1.2210913,-0.8276164,0.018182024,-0.87805235,-1.0070461,0.026329875,0.5023142,0.99714345,-1.6126549,2.686506,-1.1299366,-0.05202669,0.285348,-1.127322,0.20797054,0.7187055,-0.3615048,-1.9289652,-0.60738415,0.43585902,1.8057953,-0.47892597,2.112313,-0.42589724,0.748236,-0.21704033,-1.7396586,1.5689275
0.045859586,-0.83501375,2.704255,0.10395844,2.2050939,-0.67969745,0.5231492,0.79588175,-1.3538091,-0.47763932,0.11380877,0.08115848,-0.35245654,4.8447013,-0.2668689,-2.158788,-0.6699724,-1.3096524,0.15078475,1.4580041,-0.25156283,-1.9958658,-2.6971025,0.37506723,1.3503543,-0.91800475,2.3894148,-1.5055008,0.76092386,0.8173701,-3.9923766,2.287034
-1.2846801,-2.4894395,2.349257,0.111469686,1.4238758,0.36956635,0.8108221,0.13132496,-1.3802515,-0.055529594,0.52996475,1.1890022,-0.79354626,3.2684038,-0.7235855,-0.52926266,-0.5956251,-0.27848017,-0.2971599,0.67989856,-0.008701306,-1.8655572,-2.8894925,1.2110891,0.946645,-0.6078496,1.797392,-1.0779023,1.4497935,0.027478708,-2.09066,1.7621301
-0.5041891,-1.682581,1.4375278,-0.2190433,1.7977686,-2.8310285,-0.0016729459,0.8531709,-0.5906508,-1.5997256,-0.6398224,1.0311706,-0.19188608,4.291903,-0.69103104,-2.1868439,-1.1171619,-1.1289856,-0.6072749,0.72380906,0.16751346,-2.029022,-3.7462256,1.1555167,0.0063784197,-2.0753942,2.617873,-3.194733,-0.32075155,0.39495975,-2.7000828,3.0301874
-0.9797028,-2.306982,1.4362209,1.2907251,1.4220695,-0.8940893,-0.053655617,0.63775533,-1.7397536,-1.3838463,-0.34906274,1.5023695,-1.3325585,3.9185944,0.14295122,-1.0315301,0.3818658,-1.0509975,-1.5661864,-0.19808304,-1.0101713,-1.1117221,-2.525091,2.204845,0.43646058,-0.9134402,2.4864447,-2.4827943,1.2020676,-0.48203194,-2.183026,2.5509984
-0.43679744,-0.31762743,0.56070304,0.20007724,-0.010389358,-0.8527119,-0.3806674,1.3879993,-0.40721506,-0.7511144,1.2305242,1.4163765,0.14897233,2.8025193,-0.02665864,-1.3040171,-0.8877321,-1.4267133,0.12860051,2.2169507,0.32229438,-1.8002136,-1.6218389,0.54479647,2.0881815,-0.2554603,1.4561782,-1.0804775,0.66095036,-0.71310365,-2.7221386,0.68796384
-0.50205404,-0.9362422,1.6144525,0.10140284,-1.3510451,0.44641855,1.8204046,2.361832,-1.6396505,-2.4580727,1.2821039,0.22110443,0.42614627,5.195575,0.35859835,-2.9456422,-0.9974868,-0.8991948,-0.82009923,1.3338062,-3.549324,0.7583283,-2.5557106,3.0712733,0.5676737,0.8550783,1.4473406,-2.0167034,2.4558668,-0.6064709,-1.7579355,1.2826072
1.3077121,-0.21609387,1.6663287,2.5516658,-0.82742256,3.05706,0.29668322,1.7974832,-0.72200406,-3.4335177,-0.6949576,-0.35025033,2.562877,4.896292,0.12451828,-3.8363893,-0.6074286,0.20691247,0.4593854,-0.33453047,-2.2535303,3.4744875,-3.279326,2.22458,-2.3289363,0.44451025,0.28463766,-0.3371812,1.5855519,1.0287699,-0.79777545,0.15472846
-0.5553034,-1.9369167,2.8239903,-0.61314386,0.19843747,-1.6238022,0.57675505,0.22920465,-0.5486667,-0.107116565,1.4302893,1.8875446,-0.3042919,5.177022,-1.6303993,-0.86018234,-0.32826173,-1.1911721,0.53943884,1.7399372,-1.3252022,-1.2945077,-2.4388056,0.38224,0.9505631,-1.0168188,2.5566058,-0.8981582,1.2641189,-0.7505455,-2.6244438,1.852832
-1.0842601,-1.0241382,0.45204657,-0.574219,0.2714691,-1.0350411,-0.3827095,0.45738053,-0.58459234,-1.104971,0.8827598,1.131816,-0.28521153,2.5962603,-0.40615952,-1.105541,-0.4770947,-1.0470338,0.25454736,0.9367582,0.22608358,-1.4235373,-1.6055981,1.2537444,1.9877564,-1.0813777,1.1164011,-2.1257474,0.43994063,-0.5855265,-2.1471493,1.0801737
-0.72179115,-1.2015489,0.79039097,0.17794757,1.3967245,-1.7434736,-0.21757421,-0.11142701,-1.0997853,-0.9877286,0.048720986,1.1744285,-0.9414674,3.4602327,-0.49662882,-0.8753589,0.8189179,-0.7962227,-0.22248657,0.20503795,0.010998406,-1.5882838,-0.24608165,1.0916404,1.2769473,-1.4914817,1.9913591,-1.999681,0.62238187,-0.26187873,-2.514693,2.5355432
-0.3530967,-1.0346813,0.62311244,-0.9065774,1.0453672,-2.04107,0.4929427,-0.07344337,-1.1280944,-0.9970248,0.3339991,0.3344294,-0.9717694,2.7865994,-0.23885562,-1.7823044,-1.7844436,-0.79674375,-0.47487718,1.5652425,0.13645093,-2.7703795,-2.023129,0.8922794,1.8263061,-1.3815954,3.2313883,-1.6384779,0.53133786,0.27317375,-2.2494872,1.8691596
-1.0921955,-1.5521716,1.0748017,-0.9226454,0.18614593,-1.7337946,1.0359088,0.41242087,-1.7773325,-1.0605481,1.251537,1.52779,-1.3014756,3.578248,-0.36136955,-1.5314689,-0.9138092,-1.5217462,-0.81383926,1.9008018,-1.522917,-1.7070191,-2.4917767,1.7291514,1.6462181,0.4865958,2.2321682,-2.4634879,0.29701033,-0.6117851,-2.327481,1.9219099
-0.5649638,-1.796914,0.810046,-0.25533628,1.1660118,-1.3090216,0.044795666,1.0693694,-0.8734461,-0.9740603,0.41466385,0.87306607,-0.42060456,2.860007,0.11550697,-1.4752529,-0.6533397,-0.7748415,-0.51814866,1.0242413,-0.52765447,-2.2853844,-1.6844912,1.1494662,0.9777113,-0.98140526,2.3859649,-1.3899258,2.1683915,-0.6162132,-2.296844,2.0681539
-0.9233954,-1.0568644,2.203897,0.37999636,1.7053838,-1.7016836,0.27277446,0.21913128,-1.5883219,-0.541687,-0.5321428,1.2370664,-1.2204629,5.3933873,-0.86912066,-1.1559105,0.8629559,-1.7072204,-0.10753832,1.3416486,-0.24306194,-1.5207639,-2.2149596,0.4124808,0.88177675,-0.009270646,2.0107076,-2.356568,-0.72030354,0.45176196,-3.7111046,2.631249
-1.4854281,-2.054831,0.33290437,0.30144376,1.5784402,-1.1972702,-0.52141106,1.4397753,-0.6804087,-0.66959894,-0.4819312,1.256922,-1.0380725,2.860809,-0.24542783,-1.4410287,-0.8687758,-0.41984183,-1.3765903,0.45968595,0.0052240603,-2.8750975,-1.9188085,1.5635774,0.9846338,-0.8191834,2.3808596,-1.9146848,2.531335,-0.829658,-2.4632344,3.167338
1.3464941,-1.4849944,3.232658,-0.53298056,-0.7836648,2.211882,-0.0388802,-0.4134202,-0.97848916,-0.71762955,2.929873,-0.39253208,0.97870374,2.4485438,-2.4763656,-0.8780391,-0.047078058,-1.0743665,2.821751,-0.74849683,-2.8472996,2.3955457,-1.434399,1.5492457,0.24324417,0.8897344,-0.638953,0.9054611,0.14567009,0.7867474,0.55919194,-0.910851
-1.1105393,-1.7675587,0.26340008,0.21563132,0.61955047,0.06447463,0.77687484,0.5510314,-1.1677988,-0.8642869,0.22124784,1.3409721,-0.598666,2.1688647,0.9249941,-0.7387458,-0.10211339,0.12999518,-1.6773363,1.4033982,0.085768044,-2.1712153,-1.1354054,1.2258931,1.4303832,-1.1232214,2.385164,-1.5470061,2.1644757,-0.8080712,-1.5306476,1.2361048
-0.8406765,-1.0714718,-0.0127428025,-0.025787339,0.1660197,-2.2016356,-0.030558698,1.5072939,-1.460065,-1.9788201,1.0538553,1.8777955,-0.6913225,5.177017,-1.2206964,-2.2233944,-0.8285477,-1.7399386,-0.51402706,1.2402653,-2.1116061,-1.6858776,-1.5152466,2.7384837,2.092961,-0.5208221,3.4973001,-3.265245,0.8339885,-0.5110329,-3.6406589,2.8413532
0.62865597,-0.36185628,2.710453,2.1555839,-0.6287088,1.562431,1.6575186,1.6605061,-1.5292205,-3.5514069,-0.58619606,-0.9886346,1.8400011,6.9358397,1.0107545,-4.2460113,-0.66136,-0.24520248,-0.6246033,0.7359505,-3.3743033,2.605359,-3.0941718,2.7560325,-2.0023174,0.44643795,0.39468002,-0.4014796,2.8222382,0.010966053,-1.5450138,1.429104
-0.60917723,-0.71285665,2.614738,0.2745371,1.6107411,0.4030547,1.1974269,0.5737488,-1.6900078,0.097439036,0.06506098,-0.2779726,-0.8498928,4.213351,-0.8199712,-1.0529525,0.6956661,-1.2600954,0.15080015,0.592146,-0.09771921,-1.0770075,-1.471972,0.5972029,1.8545504,-0.43310532,1.1647471,-1.7601336,-0.4519539,1.433575,-2.8637822,1.3256533
-0.3414429,-1.8602653,1.9445906,-0.07334362,0.44875053,-0.4085553,0.9898497,2.2352462,-1.8079425,-3.862727,1.4479754,0.64696646,-0.20114899,5.4829073,1.3581665,-3.1863036,0.70052415,-1.950743,-1.940168,0.8246977,-2.3409374,-0.3152479,-1.9438612,3.7453194,0.57417846,-0.690332,-0.003284812,-3.2257905,2.238203,-1.2267736,-1.772513,2.7066782
-1.168045,-1.8307407,2.1836553,-0.4517104,0.9549243,-2.6901345,-0.9265076,0.5101258,-0.31135738,-0.82715183,0.14445457,1.4952,-0.25384814,4.610548,-1.6047388,-1.5984808,-1.7693875,-1.8636656,0.8033032,1.0271595,-0.99786294,-1.3580825,-4.309431,0.85350156,-0.3177346,0.63880986,0.8453752,-1.4423603,-0.07603166,-1.090111,-3.2274187,2.4801402
-1.1785749,-2.5503743,1.4193327,-0.39762628,1.3899555,-1.1009883,0.47544536,0.27643037,-1.6568915,-0.5498851,0.89446807,1.6720319,-1.2096741,3.2980294,-0.16868804,-0.508725,0.15929493,-1.2311795,-0.6690963,1.3141452,-0.8410725,-2.1674473,-2.2025647,1.0007864,1.1664019,0.21349657,1.7386243,-1.7267023,1.0262494,-0.96979487,-2.7429957,1.8922364
-0.024017213,-1.8425719,1.7319363,-0.5091877,1.9410248,-1.6008978,0.48555169,2.1945086,-0.8678509,-1.4147798,-0.004576139,1.3981497,-0.043418244,4.9551015,-1.3932132,-2.5000873,-0.6097717,-1.1808196,-0.69190603,1.2622074,-1.0138518,-2.1625206,-3.0519698,1.385614,0.55934525,-1.0495307,3.4560921,-3.0368261,1.1590047,0.7792597,-2.97966,3.7374547
1.658231,-0.1299389,-0.5146146,0.2150836,2.7336473,-3.6799264,-0.82441324,-2.9237504,-3.5808759,-2.0296137,-0.62350756,-0.7931924,-4.0373864,1.761162,0.082720734,-2.896929,-1.7948956,-2.5416873,0.15669547,-1.6894957,-2.1119986,0.044255227,-0.44059053,2.5798466,0.6297298,1.06074,2.9106624,-1.7441955,-1.9898229,0.74929917,-1.979669,3.7934806
-1.5733051,-1.6833618,1.0518081,-0.46544075,-0.10930592,-0.50671124,1.4758378,1.4984396,-1.4091692,-0.86880016,0.34282053,1.2764132,-0.05846582,3.9882946,0.019305691,-1.368926,-0.98738354,-0.23526108,-0.57706803,2.4211245,-0.64510745,-2.0518363,-4.0203714,1.0942054,1.6601964,-0.13561675,2.6372337,-3.084555,1.1087029,-0.43640223,-3.1600485,1.1402285
2.607578,0.36430004,1.7199508,3.3686752,-0.4574409,2.2055964,-0.81028974,1.3284655,-0.66694427,-4.533532,-1.4277922,-0.32521597,2.4996474,6.4895725,-0.3752041,-5.7094183,-1.030195,-0.3111664,0.2952447,-0.97457033,-3.5943208,4.54218,-3.864432,2.8875787,-4.088977,0.08762493,1.5716927,-0.10260701,2.0505514,1.4968686,-0.7408757,1.5565586
-1.2043252,-0.9912554,1.155954,0.67772686,0.84086674,-1.3654377,0.7295639,0.3563341,-1.5251269,-1.5022753,-0.653491,0.2369481,-0.79341996,4.9575553,0.5360017,-2.2946355,-0.7892609,-0.46584624,-0.9881594,1.5162528,0.090671204,-1.830166,-3.2166443,1.139389,0.82045007,-1.9026247,2.244549,-2.4898639,0.9900647,0.1386872,-3.4175916,2.2759547
-1.7958091,-2.954418,2.7812443,-1.3196487,1.0960611,-1.2991651,0.119737126,0.081532136,-1.1062973,-1.1210821,1.8147532,1.8658708,-0.39265296,4.7887063,-2.3521526,-0.80449516,0.3214804,-1.4756861,1.0985682,0.7570411,0.28947428,-2.462294,-2.4157457,1.5601478,3.199506,-2.309863,2.595426,-2.5014262,0.63572645,-0.22002868,-2.8446207,1.7780272
-0.14098553,-1.0511103,0.8027749,0.5827164,1.806593,-0.7818008,0.19550307,0.48901436,-1.597754,-0.59709036,-0.10172452,1.1652379,-0.88626546,3.0910797,-0.34723312,-1.0885878,0.12313783,-0.8416588,-0.78620213,0.9366602,0.49299586,-2.1802583,-1.1128942,0.84686494,1.4019252,-0.67026883,2.7769067,-1.9651673,0.08723879,0.674056,-2.804512,2.1838198
0.14119492,-3.1226025,0.8455661,-0.056203693,1.0029778,0.93060696,-2.0211215,1.724097,0.6317738,-1.5454663,2.9354904,2.7216265,0.24290678,0.6423259,-0.8435609,0.09785896,0.084908485,-1.7273107,-0.06559177,-0.60253596,-1.1192667,-1.0325366,-1.400061,2.2057805,0.46378806,0.7431938,0.38593236,0.18006314,2.1092598,-1.2877549,0.5902318,0.47564965
-0.84506977,-1.8724554,1.9383777,-0.69253916,1.5049126,-1.451187,0.07809563,0.68963623,-0.40001136,-0.4145432,0.17926952,0.29496634,-0.5487766,3.631831,-0.46879327,-1.5215529,-1.407011,-0.55318785,-0.50147164,0.998659,-0.71075803,-1.825915,-3.169205,0.9117185,-0.07024147,-0.69747084,1.322652,-1.5075656,1.4835521,-0.16126367,-2.213964,2.6639538
-0.27420995,-1.8939956,2.1969657,-0.90452117,2.0103297,0.2808802,1.6205325,2.328413,-1.5109295,-2.1157131,1.6248662,0.7648474,0.70849234,5.562777,-1.0675995,-3.1123502,-0.8612204,-1.1965646,-0.63327754,1.5381328,-1.1147689,-2.0004544,-3.2977772,2.4020274,1.6856842,-0.60206306,2.314876,-3.4389503,0.97842467,1.096172,-3.136595,2.7704666
-1.5036931,-2.4939091,2.236062,-0.33179086,-0.81534344,1.3975463,1.7842901,3.466158,-0.94934154,-1.7771556,1.907882,1.5669379,0.7482594,4.786772,-0.38612026,-1.751363,0.42362303,-0.501981,-1.09149,1.6997184,-2.270792,-0.63842773,-3.0685132,2.2824397,1.4869058,0.35448122,1.5255157,-2.4465714,3.687082,-1.0817176,-1.8141383,1.1270267
-1.0377109,-2.3138907,1.2841704,0.5893708,0.89528936,0.3757708,0.050289292,1.1607034,-0.63954365,-0.6811244,0.72137475,1.8346362,-0.043160334,2.267222,-0.6591865,-0.18538687,0.099169195,-0.5261749,-0.64649975,0.019107983,0.14088869,-1.3743297,-2.5077882,1.6302161,0.587579,-0.1899811,1.0705812,-1.5311651,0.9093624,-0.5244649,-1.3621427,1.0109961
-1.8206958,-2.1892486,2.0813808,-0.742151,0.046592444,-0.9009645,0.8324012,0.32433447,-0.9195019,-0.18044168,1.1947093,1.834928,-0.3404245,4.435338,-0.5111602,-0.32653314,-0.49493194,-0.34481034,-0.30874872,3.1084008,0.61039484,-2.9680457,-3.6515834,0.17998308,1.7397871,-0.69956565,1.8955292,-1.663779,0.86637694,-0.85836387,-3.1732934,1.06401
-1.9782413,-1.6387204,1.7392365,0.530925,0.7565342,0.15458663,0.67737895,0.3254548,-1.0687473,-0.72060007,-0.014156863,0.39299336,-0.3894421,3.7705345,0.71975315,-1.2422236,-0.47942764,0.08606997,-0.78331244,0.8210636,0.560512,-1.2566293,-2.5779934,1.4006877,1.0469868,-1.5027956,-0.01051265,-1.850856,1.5841017,-0.8139069,-2.3139582,1.805695
-1.0953194,-2.4170852,1.9808369,1.1573097,1.5346503,-0.9000218,1.2435831,1.2618735,-2.3630433,-1.670325,-1.2500143,1.0135756,-0.9822786,5.8312516,-0.7968639,-1.923836,-0.12706725,-0.3823083,-1.2082388,0.10774824,-1.0865072,-1.1913455,-4.2703705,2.514944,0.04805523,-0.9818058,3.3961406,-3.952268,0.6248218,0.75334084,-3.3711712,3.5033674
-1.7920113,-2.225626,2.7590437,0.82233554,1.9059916,-0.4200576,1.6818724,0.8621714,-1.7521906,-0.7717787,-0.49991977,1.5306004,-0.7769821,5.399722,1.1413066,-1.1269361,1.3590761,-0.16210428,-2.0576227,2.4486606,0.92713845,-2.896871,-4.0050178,0.35739213,1.0973641,-1.6184068,2.2736154,-3.391629,0.9830939,-0.17592494,-3.637635,2.291585
0.16755842,-1.2845777,1.8179567,0.55778444,2.4662018,-1.7565252,0.9472444,1.075611,-1.6543652,-1.1136267,-0.27325967,0.5206759,-0.225056,5.4362717,-0.6500126,-2.8237174,-1.6866374,-0.619679,-0.9090889,1.3628244,-0.5413652,-2.555121,-2.991521,1.682617,0.42200756,-1.1116147,3.80249,-2.305527,0.7837322,1.1879821,-3.827933,3.9000552
0.5241143,-2.4140375,0.4871936,0.4667577,1.4163852,0.27097103,-1.9796968,0.98431313,0.026838109,-1.0009485,1.6327462,1.8900996,-0.571372,0.11988909,-0.4412526,-0.059238482,-0.45138443,-1.5450895,-0.28434843,-0.9821653,-0.6777482,-1.0605727,-1.4797252,1.8926502,-0.11007432,0.7285289,0.8725823,0.10851388,1.4973938,-0.89822054,0.20092632,0.91632247
-0.20581046,-0.6511428,0.09530509,-0.2521094,0.7473989,-1.7352232,0.05929711,0.67393255,-0.6684071,-0.9222503,1.1087132,1.5145495,-0.35634392,2.2165465,0.062496014,-1.4174794,-1.3514211,-1.2126349,-0.82134104,1.6017606,-0.39596704,-2.0491273,-1.1308959,1.2569627,1.1647546,0.028683454,1.7795978,-1.3628585,0.34698132,-0.4516916,-2.0915754,1.7263156
1.0424178,-1.1572492,-0.25646833,0.17818898,0.9882682,0.46594,-1.1016281,0.74940574,-0.25865412,-0.67457604,1.0742548,0.96279776,-0.30757025,-0.50420105,0.28714958,-0.5095465,-0.7148064,-0.74902546,-0.3926636,-0.4823853,-0.39438206,-0.5416823,-1.4943044,1.180519,-0.2387357,0.8172228,1.0358168,-0.56969535,0.5100135,0.08721427,-0.084566414,0.3561982
-0.008264696,-1.1875862,1.2505265,-0.19899,1.3422635,-0.070225134,0.5737065,0.9330036,-0.96173966,-0.75881445,1.5789267,0.9888587,0.18404305,2.4442172,-0.60128456,-1.3090566,-1.3009567,-1.0852988,-0.23127209,1.1503291,0.08720179,-2.0723646,-2.000247,1.684728,1.7920294,-0.4976419,2.0342739,-1.2611552,0.097431175,0.608873,-2.0429075,1.1718792
1.9818736,-0.35441086,-0.08550508,-0.26651812,2.2530138,-2.6369011,-0.9696597,-2.845784,-2.6917436,-1.583457,0.08830406,-0.17192316,-3.5887287,0.8350166,-0.08671592,-2.0861814,-1.4951164,-2.4254313,0.32114053,-0.76633924,-1.8816582,-0.092748605,-0.66843194,1.4190071,0.37173244,2.3116179,2.5697398,-0.37667376,-1.4667863,0.14070772,-0.9100052,2.486272
-1.3364681,-1.8967661,0.18851227,-0.35657662,1.0914848,-1.9298773,-0.78532046,1.8450836,-0.47339407,-0.95099795,0.55652785,2.1313007,-0.40043154,4.241282,-1.003837,-1.4564372,-0.19794531,-1.2188303,-0.52751714,1.2509842,-0.67451113,-2.823311,-2.0744972,1.5222313,1.9081869,-1.3293066,3.56533,-3.4081643,1.8930594,-0.65014464,-3.720761,2.7707906
-1.3161533,-1.9464784,1.7854859,-0.34343857,1.0387294,0.12812905,-0.20561853,0.8706119,-0.5481292,-0.80253077,1.5783272,0.9777453,-0.41258353,3.3247092,-0.8011753,-0.7005841,0.3891803,-1.2742965,0.48723793,0.66626304,0.16520123,-1.8922336,-1.1560987,1.1705661,2.2784817,-0.7826775,0.5247586,-1.1263632,1.6236956,-0.5926848,-2.171175,1.1957775
-1.5706743,-1.5710229,-0.2897597,-0.72760665,0.091914,-1.611954,0.5419441,2.111036,-1.409004,-0.76888955,0.7024506,1.7042146,-1.1437615,4.336474,-2.2818704,-1.9353396,-1.0780011,-0.80603915,-0.9463885,1.2543975,-1.9645033,-2.5681052,-2.2792685,2.4474564,2.8402655,-0.8364256,5.410173,-3.8868568,1.472811,0.3206384,-3.1010273,2.7721233
-0.5238935,-2.3684096,1.7113653,-2.4491599,0.98822725,-0.8899662,0.71683687,1.8262537,-0.5693372,-1.124922,1.9589329,2.0857859,-0.112667814,4.912421,-1.7600607,-1.8065829,1.0943396,-1.1774507,0.52314055,2.1711886,-1.0065824,-2.7464793,-0.7712108,0.2534774,3.3065958,-1.5067183,3.6070542,-2.4846213,3.051391,-0.62777305,-3.2966785,2.6209219
-0.8566781,-1.344989,1.8466562,-0.6264427,0.9811115,-1.1096159,0.97529805,0.681304,-0.88362443,-0.233309,0.3431025,0.533238,-0.5704745,4.026824,-1.4164107,-1.3726646,0.08595392,-0.8211455,0.3021968,0.773123,-1.0264939,-1.5797474,-0.48299834,0.75378597,1.8426278,-1.2448744,2.5514908,-1.3200613,1.3924197,0.1623807,-2.315522,2.2555504
-0.9188583,-1.1498771,0.6164664,-1.3663206,-0.84097195,-0.32991287,1.5207274,1.371928,-1.3437971,-3.779466,0.98269653,-0.34944865,0.46157455,4.2033105,1.069525,-3.2508595,-0.6696201,-0.5833192,-0.9579138,1.3971273,-1.445959,-0.3625733,-2.6541939,2.9715517,1.4344634,-1.7314265,0.47072634,-3.4380326,1.3087872,-0.79322547,-1.1947235,1.0513864
-0.6322887,-1.2819843,-0.8258241,-0.16856147,-0.31494766,-0.87905306,-0.119346716,1.4201007,-1.06155,-1.324346,1.5463848,1.9215797,-0.68457496,1.4957838,1.0471241,-1.3581526,-1.204548,-0.95292693,-1.4880954,1.7295996,-1.0462558,-1.4996867,-2.3156931,1.7786742,1.3418036,0.606436,1.773458,-2.2689931,1.5089159,-1.6083186,-1.8274736,0.9684918
-0.828592,-1.5191244,0.90687966,-0.15232028,1.1287518,-1.0594169,-0.20583656,1.4705176,-0.7008358,-0.6738495,0.73799974,2.0332723,-0.7337115,3.561976,-1.1906734,-1.0496517,0.25725698,-1.2414137,-0.6129906,1.2051793,-0.47618848,-2.3462174,-1.3057059,1.304166,2.087247,-0.6814391,2.7958205,-2.3218477,1.098094,-0.38829583,-2.874136,2.3726957
-2.0322654,-2.1546504,-0.5858655,0.74659526,-0.6178279,-1.9315602,-0.045776464,0.73562866,-1.6649029,-1.0909432,-0.90434456,2.3805783,-1.709031,3.7929223,-0.043583065,-1.4456013,-0.99048823,0.16811652,-1.4877503,0.9356601,-1.3596901,-1.6298945,-3.3915246,2.2131402,0.902891,-0.995803,3.8995044,-3.6849804,2.053506,-1.6177353,-3.286139,2.7674491
-0.39959514,-1.4756604,2.1192448,-0.9040945,0.9165742,-1.2702769,0.058856025,0.31343433,0.09561738,0.034185104,0.684054,0.8584984,-0.038056172,3.2503748,-0.8566869,-0.8024199,-0.5104437,-0.64783835,0.45993763,1.3434981,0.18737856,-1.9879408,-1.7212685,-0.19597292,0.7377023,-1.1043851,1.5385438,-0.41570264,1.4086604,-0.3880394,-2.2059262,1.6049491
0.49022153,-4.369045,1.0082974,-0.034683973,1.461205,1.1610475,-3.6039906,2.6809154,0.95384264,-1.8299434,3.8804672,4.0473213,0.18725267,0.3118211,-2.147251,0.03549304,-0.3771454,-2.6640246,0.30157387,-1.336743,-1.6168505,-1.3330642,-2.8635223,3.279839,0.49080616,1.1657741,1.3228848,-0.59614736,2.1311214,-1.1568136,0.5665578,0.80641794
-0.8487802,-1.2482034,2.3963928,0.11022779,-1.0688205,-1.1935637,0.4675359,1.0325907,-0.38729447,-1.1954805,1.9413801,2.626971,-0.30882266,4.938997,-0.9591462,-0.9839591,0.22540301,-1.8271695,-0.021149449,1.9986272,-1.2106318,-0.7792537,-1.8568978,1.4052707,1.5966628,-0.7306124,2.1412628,-0.7873044,1.5553765,-1.5839553,-2.081159,1.0329984
0.0024868771,-0.71379226,1.0680532,1.2023375,1.3683009,-0.51291645,0.09404252,1.5053279,-1.4869516,-1.146147,0.8853801,1.7008011,-0.30690935,3.8443408,-0.7542577,-1.5256516,-0.31317538,-1.683471,-0.5660643,0.562111,-1.2348455,-1.2749509,-1.21999,2.1853042,1.3042306,0.54578936,2.4481153,-1.9429519,0.41728908,0.3548277,-3.0908797,2.3654697
0.24142472,-4.71693,1.478381,-0.7086381,1.5572224,0.5607409,-3.7194908,2.5172653,1.5723394,-1.933341,4.2640753,4.37086,0.89671123,0.8350124,-2.4850838,0.27057257,-0.2122099,-2.7171419,0.7973903,-1.2343726,-1.1060631,-1.215126,-2.6590543,2.8155649,0.9062474,0.16432977,0.5961088,-0.70717734,1.6482708,-1.2958996,0.6149524,0.8279594
-1.0090631,-1.3518692,0.21739873,0.18389738,0.89741445,-1.1071315,-0.59514403,-0.116398744,-1.2244382,-0.65096647,0.74709857,1.4168172,-1.0674479,2.1496887,-0.31888455,-0.43233904,-0.3978001,-1.3067943,-0.102742165,0.400564,0.24348105,-1.8700377,-1.2433368,1.5404501,1.8978384,-0.5742492,1.602857,-1.4855096,0.10270921,-0.54021853,-2.5364242,1.1756829
-1.4473517,-2.119684,0.13766778,0.8422265,0.06330329,-2.1370447,-0.52499443,-0.4674069,-1.8918056,-2.0809393,1.1435177,2.2199993,-1.3463047,3.51533,0.117141485,-1.4343096,-1.5131843,-1.2953993,-1.1910293,0.5120316,-0.47345427,-2.0601575,-1.4094938,3.5066838,1.9432843,-1.6150625,2.5892668,-1.6569239,1.04799,-1.9703699,-2.2241957,2.2708955
1.1181272,-0.7361229,1.9140356,2.1215549,-0.017487422,1.0990614,0.4054143,1.8029495,-1.1120814,-3.041031,-0.3592743,0.48504975,1.1026568,5.5126705,-0.5900371,-3.6801512,-1.0526841,-1.1978171,-0.7836976,-0.63784677,-4.0989547,2.2901554,-2.4034657,3.5500946,-2.1007288,1.225792,1.5148935,-0.4956761,1.8966001,0.31614184,-0.78892094,2.3944132
-0.42958346,-0.43159324,1.6378225,1.4172939,-1.3236232,1.5084096,1.118095,1.5478635,-1.5060349,-2.4721563,1.119895,-0.017567523,0.6898065,4.6081915,0.7613092,-2.5945473,-0.3731625,-0.7614771,-0.2004787,0.45079252,-1.8457351,1.6241637,-2.0182862,2.7479987,0.97834295,-0.38590303,0.0576822,-1.5247833,1.7419866,-0.5816843,-1.5984423,0.22159593
1.1762458,-0.73631215,2.1699076,3.7574296,0.5084065,1.1300216,-0.44149798,1.22977,-1.572114,-3.141651,-0.5978982,0.63063323,0.68535256,6.160673,0.32830322,-3.8107905,-0.73159826,-1.0933547,-1.1556723,-0.6483573,-3.6705697,2.0660884,-2.5909832,3.493244,-2.59882,0.6289817,2.3209317,0.123011336,3.1244311,0.09713619,-1.2849596,2.63078
-0.38713458,-0.8575182,1.2792981,0.15629613,0.14609458,0.20521475,1.4020039,0.13966502,-1.7107774,-1.5857456,1.3463533,0.70257473,-0.91655385,2.5870721,1.2833512,-1.3059253,0.05937043,-1.3287805,-1.3249271,1.6538475,-1.4178215,-0.6983049,-1.3060223,1.4634666,1.0668263,-0.061041094,1.0077918,-0.86811095,1.134813,-0.5926525,-0.8240265,0.6991426
-1.394935,-1.2673241,2.244481,-0.618449,0.11048438,-0.02837729,1.5342438,1.4333442,-0.40331244,-0.39263695,0.35539114,0.8846879,0.17813581,4.639676,-0.7479266,-0.99281985,0.88138485,-0.11218065,-0.09878995,1.6852499,-0.95260483,-0.8764895,-2.1637459,0.043989293,0.99030095,-0.560391,1.6238425,-2.0733871,1.8034881,-0.21363732,-2.4499633,1.3770958
-0.4403408,-1.0459788,1.844259,0.5477114,1.9288938,0.19490732,-0.18648195,1.4062103,-1.0349541,-1.1902413,1.3975456,1.5397557,-0.2287416,3.9743013,-0.5195292,-1.510724,0.478871,-1.8542786,-0.07051539,0.8458228,0.31506792,-1.9244903,-0.8216972,1.7389486,2.631442,-0.8144573,1.4245915,-1.922698,0.82027805,0.34409222,-3.130142,2.2022276
-0.96408397,-1.8409741,1.294056,-0.11460897,0.7838649,-1.1572592,0.3025905,0.8784708,-0.896724,-0.99567366,0.69782054,1.4568874,-0.1669791,4.158939,-0.95992655,-1.339067,-0.06523982,-0.81611615,-0.11864667,0.61526775,-0.5154428,-1.3427464,-2.217356,1.5597322,0.9744924,-1.3307065,1.8335716,-2.3299413,0.7715911,-0.40365684,-2.2925167,2.0519855
-1.3020703,-2.7694244,1.1524329,0.08396212,0.798657,-0.5186023,0.23533174,2.4336631,-0.9480938,-1.0430213,0.48405227,2.9209752,-0.5650034,4.719653,-0.5849944,-1.3453941,1.2530966,-0.69391584,-1.3539805,1.650331,-0.35037813,-2.5716453,-2.0332942,1.1660985,1.782845,-1.1679537,3.67739,-3.153195,3.399512,-0.96201766,-3.2418666,2.9266493
-0.7237179,-1.2673389,1.2320116,-0.16291814,1.2807205,-0.52986884,0.09122615,1.373549,-0.5285435,-0.80684984,0.55425656,1.7237668,-0.009840943,3.6624796,-0.2866025,-1.1419667,0.47803205,-0.7933908,-0.3049261,1.844839,0.52716386,-2.266881,-1.3615185,0.52213335,1.5813296,-0.7299938,1.6550393,-2.0083723,1.3525689,-0.32342783,-2.975596,2.1079316
-0.8791927,-1.3959894,0.020429567,-0.56838554,0.27306056,-1.4076724,0.12807253,0.18665132,-0.74321425,-0.4223755,0.6483556,1.3317099,-0.6800288,2.397403,-0.52649885,-0.98238045,-0.5810891,-0.24614781,-0.34066594,0.74943143,-0.20021121,-1.5414875,-0.8342738,1.0144526,1.5636882,-1.3749932,2.205863,-1.7229856,1.3344117,-0.74747354,-2.0244725,1.7147405
-0.3085118,-1.2533596,3.5563064,-0.6444083,-1.9637759,1.4294287,3.2493474,1.8450583,-2.5602417,-3.713943,1.9852388,-1.4807657,0.39978683,7.4281974,0.94518644,-4.117464,0.26019815,-0.9628338,-0.7612627,1.5810637,-5.113904,2.231229,-2.879089,3.4541152,0.42954764,0.19546488,-0.0132808015,-2.2052066,3.7234979,-0.52946097,-1.4373003,1.1531436
-2.4063368,-1.8804097,1.7227008,0.23395175,0.7006677,-2.0721834,-0.075181864,-1.3532437,-2.2659266,-1.6976537,0.3090222,1.5517687,-1.4085763,4.8671165,-0.874935,-0.99659425,-0.3023377,-1.6280115,0.6207879,0.36031386,0.24086374,-0.95935297,-3.2913444,2.1316202,2.1152208,-0.75883186,1.0823077,-3.2182338,-1.5816001,-0.6315513,-3.5499117,1.9686664
-1.0883454,-2.8306031,2.7373075,1.0847249,1.3258798,-0.8321151,1.2463236,1.137387,-1.7093201,-1.0926201,-0.5713341,1.6153501,-0.78967595,6.3555846,-1.3845898,-1.5927343,0.3713987,-0.29472315,-1.1722813,0.29807517,-1.9495366,-1.161684,-3.1116817,2.2229607,-0.30678093,-0.97682893,3.7181046,-2.5410104,2.0791416,0.033343002,-2.6046386,3.8307946
-1.173204,-1.3471755,0.62687325,0.3491974,0.9652624,-1.2694935,-0.2089451,0.2827532,-1.4326333,-1.1333038,0.8235353,1.2141587,-0.6890593,2.9801087,-0.6997635,-1.1999706,-0.9314539,-1.4241959,-0.29751223,0.15161103,-0.26622018,-1.527359,-1.2485422,2.2786758,1.6999285,-0.4796137,1.1761632,-1.9290483,-0.04598876,-0.46947646,-2.3556905,1.9185481
-0.7645264,-0.9053256,0.25109598,1.1276165,-1.20665,-0.5977365,-0.24025509,3.4664302,-1.5114264,-3.0231147,2.7350821,3.079965,0.66906893,5.597397,0.3086336,-2.852951,-1.062023,-2.4745965,-0.6790341,2.8983173,-1.1215447,-1.3090335,-2.9290805,3.0758858,3.069744,0.14617586,2.321538,-2.7727616,1.9538655,-2.180821,-4.354722,1.1024152
-1.7405791,-1.6334971,-0.79436064,0.30699638,-0.49604303,-2.2069247,-0.79227775,1.2085395,-1.4208908,-1.4924005,1.469912,3.3121865,-0.8061472,4.449232,-0.5037082,-1.3528552,-0.21850383,-1.4601245,-0.25467914,1.8288795,-0.7449419,-2.1921637,-1.509034,2.0936043,2.6318882,-0.44538513,2.9790351,-3.092874,1.7246745,-2.4022417,-4.4232454,1.9839623
-2.1532824,-2.2067654,0.22609478,-0.33648336,-0.70268124,-0.74446243,-0.13062623,0.7471817,-1.1784462,-1.5149325,2.275618,2.7636898,-0.47450906,4.3517656,-0.6380488,-0.7991471,0.1115036,-0.9590633,0.022888526,1.7510132,0.24484171,-2.1418211,-1.5002089,2.1986601,3.5965261,-1.7546904,2.0926852,-2.7161345,1.577489,-1.7685301,-3.2150729,1.0722876
-0.8735651,-1.1574783,1.3835895,-0.52393556,0.9099523,-1.8590415,-0.0465732,-0.09251447,-0.9044378,-0.4842959,0.15235017,0.9237877,-1.0560647,3.134717,-0.39873493,-1.0935096,-0.44682214,-1.3018909,0.08913806,1.5456076,0.6748474,-2.121113,-2.1932018,-0.031978086,1.5761414,-0.8008075,1.6926669,-1.4083071,-0.20629635,-0.3752853,-2.6231363,1.4001528
-0.8691274,-1.2703146,2.2067494,-0.72610533,0.9072268,-0.2214637,1.3762681,0.94314396,-1.4432359,0.489999,0.20172329,0.50617826,-0.9388174,4.27853,-2.0734792,-1.2381697,-0.8571707,-0.82784754,0.12032026,1.611921,-1.5396069,-2.1131883,-2.469243,0.6338198,2.0810993,0.1689473,4.077259,-1.5243578,0.8137323,1.198848,-2.8560247,1.9308535
-0.46128875,-0.7355092,1.5198809,0.86608076,2.131724,-0.65279037,-0.05617877,2.764201,-1.5651928,-2.0699072,1.2334875,0.85447514,0.13028353,5.4552507,0.06354349,-2.9114327,-0.7525435,-2.1559978,-0.7256881,1.2763891,0.4560818,-2.326165,-2.3142672,2.805985,3.218194,-1.7665899,2.1445258,-3.9933093,0.48783246,1.4712977,-4.6279836,3.2962148
-0.68467623,-1.2171075,2.3733935,-1.1621697,0.7646411,0.30632216,0.82105917,0.7736169,-0.8768239,-0.4870481,1.5596517,0.34937197,-0.116039984,3.644114,-0.41557753,-1.7091385,-0.7861101,-0.8158656,0.3024248,1.8386612,-0.14212053,-1.7454872,-2.042007,0.6322293,2.0247548,-0.58345217,0.98189557,-1.0214285,1.761973,0.27929676,-2.5776155,1.611016
-1.8156209,-2.2079468,1.8702134,-0.6165313,1.3951337,-1.1259012,0.6993771,-0.8333803,-1.7034092,-0.1540165,-0.2738773,0.0057058632,-1.8568884,3.7886827,-1.0894083,-0.7841947,0.26731157,-0.21912412,0.021934025,-0.10151548,-0.27604756,-1.7766248,-1.1338571,1.0926158,1.985066,-2.1319559,2.2703824,-2.188629,0.9678507,0.5460264,-2.2516286,2.5115876
-0.5583913,-1.2109003,0.59333825,-0.17060594,-0.30093938,-0.73087627,0.85933995,-0.16480158,-1.3247182,-0.15010425,0.97651726,0.9416243,-0.97835034,1.7067909,-0.060516313,-0.94536763,-2.0298176,-0.007360652,-0.70060784,1.5131493,-0.9929334,-1.4902093,-2.5907276,1.3393257,0.77720493,0.3735517,2.8055747,-0.6381546,1.1197522,-0.42204812,-1.3708206,0.77928877
-1.1615537,-2.1180403,1.7487744,-0.24895929,2.45494,-2.1486304,-0.026221134,0.38910785,-1.6620136,-1.2062107,-0.001723893,1.3932631,-1.0219276,4.347912,-0.31903177,-1.37518,-0.12862869,-1.7059739,-0.36319202,1.3835762,0.7381773,-3.0553136,-3.77915,0.89051664,1.4464283,-1.1898054,2.493037,-3.1833546,-0.42079175,0.3571167,-4.0878863,2.5840116
-0.73769873,-1.8088377,0.553038,-0.20051144,0.9817265,-1.4971043,-0.13023356,0.28505424,-0.92984354,-0.54190594,0.9314552,1.1967437,-0.72397286,2.9824512,-0.32555342,-1.3773724,-1.8451887,-0.49917984,-0.689042,1.1941062,0.36249414,-2.6945462,-2.1929288,1.6119099,1.5122854,-1.4220253,2.3105695,-1.3187902,1.3027751,-0.7918462,-2.5345936,2.1991315
-1.3198452,-1.546776,0.79990256,0.25230527,0.58014256,-1.3983791,-0.22999865,1.4411631,-1.009541,-1.228791,1.1260635,1.8341027,-0.30191213,4.5537467,-0.13076629,-1.753419,-0.6777729,-0.8222659,-1.0022346,1.4726015,0.57904196,-2.3352637,-2.0585682,1.983627,2.2761142,-2.1818848,2.0545573,-2.856912,1.5483335,-0.8686448,-3.456336,2.465936
-1.4332795,-1.083967,1.633226,-0.40976334,-0.3944744,0.05742931,1.5247555,2.0678794,-0.5390386,-0.8371872,1.7360804,1.2812555,0.60742545,4.6877875,0.5374594,-1.6519241,-0.16432483,-0.31493762,-0.9226219,3.3069336,0.024727885,-2.1618927,-2.1417737,0.7225306,2.2372446,-1.342632,1.4362801,-2.0540118,2.5259912,-0.95347464,-2.913441,1.0749462
1.6325264,-0.795281,1.394902,-0.83111346,1.6571052,-2.1199708,-1.48204,-2.8168275,-2.3443136,-1.7944951,-0.19449335,-1.445939,-3.4983168,1.2783861,-2.0321503,-2.3162029,-1.8908725,-3.437784,1.6157691,-2.9262888,-3.8992147,1.8138927,-1.2238547,2.3192031,-0.07448112,2.4610984,1.4039311,0.20359895,-1.8317237,0.9657577,0.42425776,2.5154707
-0.6730232,-2.948792,0.8460737,-0.6117108,0.44697288,-1.8847191,0.23698819,0.91760397,-1.077129,-1.1442986,1.2954956,3.4339955,-0.5515192,4.4338303,-0.15636824,-0.85321814,1.3642263,-1.0442044,-0.5294748,2.95729,-0.7559111,-2.6357784,-2.7601678,-0.17453003,0.8497696,-0.5199718,3.5046575,-2.2702038,2.4092019,-1.9748753,-3.499128,1.8137478
1.5719852,-2.9560478,0.4955104,0.2710769,1.9799874,0.97350293,-2.4858227,2.1990216,0.5965189,-1.5677518,2.080984,2.0118861,0.09874194,0.060173996,0.5516954,-0.64856786,0.16682771,-1.4329197,-0.8001773,-0.30140215,-0.43871635,-1.5100268,-1.9639796,1.372053,-1.0627549,1.0544615,0.27219468,0.030073643,2.7948368,-1.0296082,0.582466,0.7474179
-0.5668922,-1.7879462,1.4655168,0.22039068,1.5895934,-1.1664821,-0.42361236,-0.24489994,-1.2688911,-0.5140433,0.79852134,1.3965398,-1.3522578,2.8464434,-0.061606586,-0.35465065,0.38209748,-1.3402759,-0.1743016,1.1436403,0.5141455,-2.1461518,-2.0666027,0.239577,1.0167016,0.11879349,1.266578,-1.087069,0.29425457,-0.47285265,-2.6061172,1.5001295
-0.2622484,-1.523589,1.5990014,-1.2715348,2.2115922,-1.93509,0.57825017,1.6146266,-0.26107582,-1.2998607,0.3960037,1.5498801,-0.1595828,5.0990276,-1.2813847,-1.9189316,1.1407323,-0.9458187,-1.0052519,1.6467338,-0.4502443,-2.6874132,-1.4202727,0.76344585,1.3234847,-2.192761,3.6163266,-3.5090377,1.4512681,0.71501005,-2.9507313,3.6802742
0.71587425,-0.8466545,1.3148991,0.29943025,2.4402847,0.20018184,0.87266105,1.0611084,-1.4518148,-1.4695423,1.0613146,0.6069944,0.13569552,2.8950436,0.30267048,-2.0415683,-0.9593215,-1.0939602,-0.94397473,1.0574614,-0.34807083,-1.8399938,-2.3892007,1.7974509,0.76016605,0.032925177,2.0284004,-2.0237525,0.24607548,1.3089056,-2.4282627,1.9899787
0.98405,-3.5381014,0.15818241,0.57461447,1.8786824,0.68910414,-3.4608512,2.3087974,0.66664815,-1.6189194,2.5037026,2.9415162,-0.028284349,-0.37138668,-0.9389233,-0.4711747,-0.48309052,-1.9271712,-0.5989663,-1.4916509,-0.84735686,-1.3352965,-2.5395262,2.43616,-0.22580823,0.5824292,1.2393861,-0.8009539,1.8914117,-0.8791952,0.6757248,1.0559511
-1.4441786,-0.46407408,1.189576,-1.2999125,1.0212662,-1.7975374,0.4190059,-0.17447022,-1.0820575,-0.9198173,0.18034798,0.7404508,-1.1286798,4.1227093,-0.98415357,-1.1266365,0.96104217,-1.690279,0.5589173,1.865946,0.0029488,-2.1722045,-0.7303812,0.21181364,3.0233777,-1.0595437,1.9150667,-2.5418873,-0.39838094,0.01569345,-2.964423,1.8543993
-1.3940082,-0.67009383,1.7037383,0.96783316,0.75268674,-1.3069526,1.2048986,-0.13530874,-1.8934572,-2.0500214,-0.3796585,0.23272175,-0.6869028,5.4985566,1.5526222,-1.8676493,0.6664878,-0.74681824,-1.1701454,1.8736173,0.7481005,-1.1873553,-2.767251,0.9580182,1.3061033,-2.1311462,1.3986554,-2.8386471,0.07795103,-0.1978248,-3.1906898,1.4619946
-0.64621973,-1.7506121,0.47605824,0.079234235,0.7535406,-1.2433394,0.103950106,1.7419025,-1.3567389,-1.7689008,1.4239267,2.4090984,-0.08371154,3.9518754,-1.069982,-1.6247785,-1.3079622,-1.5728663,-0.75678444,1.4423817,-0.8352165,-2.1256254,-3.6066487,2.6955063,1.4787834,0.6492998,2.4021428,-3.3113148,-0.4739747,-0.26321125,-3.147613,2.1975217
0.0344886,-0.8616581,1.1365951,0.3940782,1.5164735,0.58603716,1.396356,1.9481364,-1.3734832,-1.5059865,0.392551,1.0055797,-0.10967306,3.7585118,1.1835872,-1.7739199,1.5275159,-0.45730007,-1.7769957,2.2739265,0.093951456,-1.900673,-1.4867189,0.5732229,1.4836615,-1.0160013,2.7609293,-3.0211985,1.9969314,0.9625322,-2.7354302,1.8659387
-0.25002962,-1.4099063,0.14647406,-0.6894389,1.519455,-1.28477,0.2108663,0.77227813,-1.4595332,-1.2475783,1.3824863,2.2460785,-0.92167354,3.3778539,-0.052509785,-1.5220996,0.20659998,-1.4898838,-0.80426514,2.5800393,-0.4789685,-3.1461353,-0.70571923,0.7231728,2.4795227,0.23128077,3.2109468,-2.1297455,1.2209785,-0.77779657,-3.2356458,2.3288307
-0.76066345,-1.0807819,-0.2462506,-0.8011987,0.41826206,-1.5298618,-0.45699257,2.6155055,-0.42481148,-1.7037578,1.6277951,2.9370615,0.4392072,3.0923026,-0.20082448,-1.5103366,-0.44005054,-1.8069849,-0.6968199,2.6371965,-0.44361424,-2.4277167,-2.7257576,0.9381522,2.022613,0.5641518,2.2675335,-3.4882383,0.54439265,-1.0942377,-3.4669495,1.3221785
-0.42705637,-1.3764048,1.8300503,-0.80340207,0.5525423,-1.4298952,-0.020773694,1.6383765,-0.6311736,-1.2740529,1.0455363,1.2157958,-0.12094772,4.2529945,-0.506612,-2.0751321,-0.9495106,-1.800571,0.016415268,2.055863,-1.0460414,-1.5108504,-3.0509877,0.77541506,1.1953317,-0.1244914,1.5528746,-1.6664628,0.9036197,-0.67405516,-2.6570077,1.8673087
-0.8250588,-1.1173956,-0.3878016,0.13835926,-0.04919742,-1.8124926,-0.8214665,0.35383257,-0.7209195,-0.7881922,1.0687026,1.8236734,-0.8226777,2.173148,0.38615516,-1.0901077,-1.2669071,-0.84048206,-0.7530212,1.3043649,-0.13736977,-1.8410228,-1.2867285,1.339941,1.7886802,-1.0510999,2.0899737,-1.5187997,1.4486285,-1.5455459,-2.3903577,1.5513794
-0.62060255,-0.26026237,0.06699191,1.4867998,1.5156546,-0.62361205,-0.7518854,1.8489418,-0.9452784,-0.7177455,-0.50021905,1.0239134,-0.47921225,3.293045,0.09673558,-1.995177,-1.1790144,-0.93352383,-1.1958393,0.36423516,0.13213518,-1.8247025,-1.3616707,1.891943,1.346249,-0.6200243,2.145854,-2.2778044,1.069406,0.28494382,-3.559257,2.818318
-0.20040902,-1.3811486,2.766551,1.4606571,1.2122002,-0.70788825,0.46379212,2.3452268,-1.357565,-1.2118526,0.4721035,1.5421091,0.27213758,5.615358,-0.45081216,-2.1273196,-1.585733,-1.5638982,-0.7462102,1.2291098,-0.4946037,-1.5581969,-4.806817,2.3303404,0.29293808,-0.34677735,2.4669063,-2.2903187,0.29288432,0.47770303,-3.9022715,2.401817
-0.48346582,-1.201249,1.9891964,1.4935846,-1.6209395,0.98754406,1.5668132,3.6165583,-1.4013686,-3.8408527,1.0402639,0.70942265,1.3645806,7.2593246,0.81024915,-3.8026981,-0.430593,-0.86917216,-1.289837,1.3034958,-3.8419523,1.8924854,-3.7794657,3.5875893,-0.7634338,1.0103272,0.55049574,-2.195724,3.7666888,-1.6173589,-2.447571,1.5697802
-0.39716533,-1.0111421,0.10838381,0.09923569,0.5702858,-1.799305,0.097512424,1.8211412,-1.093498,-1.0635109,-0.033619598,1.4316283,-0.4564418,4.4720163,-1.2927349,-2.5480824,-1.2883162,-0.8040009,-0.56172997,1.0995775,-1.7535495,-1.7737306,-1.483851,1.7467847,1.3923885,-0.73521614,4.542762,-2.6313145,1.8395696,-0.015096987,-3.3747842,3.1528542
0.01785079,-1.9323679,-0.287455,-1.0248673,0.7509102,-1.6508136,0.37069514,1.679084,-0.77810705,-2.7346494,1.3144574,1.8498371,0.18955582,2.8133368,0.6104073,-2.256471,-0.75198114,-0.8208011,-1.7595968,1.6231823,-1.7289332,-1.516939,-2.5317664,2.0423923,0.39060777,-0.4005208,2.3072436,-3.6557376,1.1978871,-0.61927146,-1.299547,2.3452291
-0.36258653,-3.9619367,1.295337,-0.6885752,1.0625895,0.19178881,-2.8208003,1.9788346,0.89623594,-1.9183598,3.5364945,3.6276393,-0.062153056,1.3481574,-2.4184988,0.03058464,-0.12484641,-2.5796993,0.66986275,-1.592835,-2.029045,-0.9574635,-1.7305014,3.2444131,1.0526556,0.5537807,0.56878096,-0.78215843,1.7580372,-1.56066,0.37207484,1.3492695
-1.2312633,-1.921061,2.115034,-0.59419084,1.7393057,-2.548248,-0.18896186,0.7061819,-1.1599395,-1.1107122,0.6303641,2.167115,-1.6365244,5.7748156,-1.3512752,-1.7473525,-0.17976092,-2.4614367,-0.23572384,1.7704738,-0.45782688,-3.1418474,-2.0102556,1.5285051,2.438895,-1.1450853,2.8226926,-2.4400225,0.8712627,-0.53613156,-3.943244,3.8597386
-1.2810228,-1.0462344,0.836317,0.2226833,-0.38833994,0.17048173,0.19737336,1.1036199,-1.2666466,-0.80960137,0.9986161,1.744949,-0.74996835,3.4222608,0.22346766,-0.8837667,0.7288056,-1.0789758,-0.37779278,1.8353095,-0.020739758,-1.0321263,-2.248623,0.6520953,2.3196523,-0.057017013,1.7076432,-2.385287,0.9160651,-0.74760056,-2.7156944,0.48797783
-0.69990903,-1.3506576,2.1970015,0.25436813,1.0502931,-0.24567188,0.25683376,2.3354497,-1.1436989,-2.530246,1.2893301,0.665671,0.38959685,5.009076,1.0002794,-2.4906342,-0.29526836,-1.6018972,-1.1748238,1.325286,0.10466086,-1.0812845,-3.085085,2.236443,1.0541592,-0.67353845,-0.4310331,-2.8491285,1.120339,-0.49224806,-2.9052155,1.9919872
-0.3807623,-0.05376217,1.1514294,0.0047854856,1.5870833,-1.2961137,0.28749397,-0.5272567,-1.6241411,-0.6935801,-0.022208378,0.1656029,-1.4226114,3.3389962,0.16132614,-1.3094096,0.40443218,-1.5687706,-0.040455837,1.1995375,0.27761543,-1.3705502,-0.9991276,0.05700545,1.7343153,-0.5796467,1.490267,-1.8401773,-0.79725033,0.5734461,-2.9532905,1.369359
-1.9923717,-1.536336,3.2904334,1.1652129,0.87056214,-0.524349,1.0980885,1.1068426,-2.173992,-0.792864,-0.034646675,1.4551857,-0.43124047,6.663606,-0.23451741,-1.4090608,-0.018056422,-1.1973817,-0.18504505,1.5979455,0.0024624579,-0.84182715,-5.194671,1.385817,0.94698393,0.07881991,0.99050283,-3.5460017,-0.5446539,0.047667418,-4.788423,1.8916312
-1.5267389,-1.7731042,1.7680515,-0.08832036,0.39213568,-0.97358793,0.93249696,0.066087514,-1.4861842,-0.57060534,0.6581445,0.71923643,-0.62236905,4.387377,-0.5375159,-1.3550502,-1.0330536,-0.3956979,-0.2052365,0.76908976,-0.96217996,-1.0339792,-2.4144878,1.8084294,0.9665619,-0.7349465,1.3322507,-1.7295586,1.1374711,-0.7129389,-2.771814,2.0348766
-0.5012577,-1.1247848,-1.3031546,-0.30331153,-0.779704,-1.5057553,-0.17134014,0.90842646,-1.2733545,-2.1574738,1.4066054,2.5800693,-0.35591725,2.17106,1.0402936,-1.2852042,-0.19044805,-1.077085,-0.9413641,2.6828701,-0.6163941,-1.6835786,-2.283488,1.168011,1.5873783,0.39606434,2.2004135,-2.545543,0.6123568,-2.076257,-2.3909519,0.4007426
-0.98214096,-0.75124544,1.276426,-0.5795135,1.0856926,-1.9397398,0.75084513,0.41289204,-1.3990016,-1.0951291,-1.0252671,-0.67988575,-1.5943543,3.9049463,1.101949,-2.192889,-0.45699364,-0.8637084,-1.0791192,1.5444876,0.3881808,-1.7682462,-2.9336972,0.76348865,1.5614842,-2.2409918,1.983181,-3.0957444,0.41603258,0.43647268,-2.5343373,2.3740435
-0.6200931,-2.5434227,2.5270805,-0.5884037,2.3316092,-1.6087126,0.48605895,1.0013767,-1.6164149,-1.5867096,-0.0757743,0.50682557,-0.02206102,4.9993577,0.33496213,-2.2501326,-1.191896,-1.2595655,0.05674754,1.6791699,0.77658224,-2.4067948,-5.992913,0.7114774,0.11323841,-0.9139852,1.0859857,-3.2145689,-0.0909308,0.1704881,-4.4203925,2.2925355
-2.5665598,-1.9525234,0.71746075,-0.47667277,-1.1784902,-1.8379189,0.10673023,-0.09390745,-1.1879156,-0.3388124,1.0086324,2.0311007,-1.5009451,3.3317046,0.26429176,-0.57819337,-0.7411371,-0.39587802,-0.33895624,1.8445959,0.35366747,-1.8321213,-3.0843642,1.3698819,2.5235786,-1.7457076,1.7755237,-2.543372,1.3518447,-1.883923,-3.0306325,1.3545693
-1.4375418,-2.3886142,2.0884771,-1.6160724,1.9993055,-0.8223738,0.71043134,0.58160365,-1.4973558,-1.4478883,1.5506786,2.1608424,-0.8988828,5.1099496,-1.5079575,-1.0897135,1.4098607,-2.0377016,0.00078198314,1.7933245,-0.72572523,-2.8254142,-1.4129963,1.3209256,3.3018467,-0.9220955,2.4504561,-3.4216697,0.472061,0.0868706,-3.4959466,2.627859
-0.50174564,-0.87131494,1.5017886,0.3459801,-0.6931025,0.60634583,1.4076053,2.416086,-1.0554836,-2.6581302,1.8677632,1.0060184,0.694727,4.811846,1.3336544,-2.6047997,0.05100514,-1.1509249,-1.3353568,2.3185573,-1.1272621,-0.6965456,-2.1333067,2.2022605,1.5107969,-0.934513,0.6348132,-2.1274538,2.4979892,-1.2162101,-1.9004396,0.9283874
-0.8885076,-1.8281118,0.090253934,-0.70487624,1.0206437,-1.6483115,0.040064637,-0.016575139,-1.6982278,-1.8019371,0.24968863,1.0759091,-1.0637363,2.7356772,1.2916024,-1.7595664,-0.6210867,-0.8875366,-0.78533524,1.9031818,0.8574988,-2.4208307,-3.356276,0.67628515,1.7157927,-1.1064948,2.2754557,-3.071818,0.6048341,-0.87592924,-3.2181742,1.4009515
-2.0467505,-1.6932232,-0.39809078,-0.51287425,-0.61362374,0.13634063,-0.037925318,0.9762462,-1.0795641,-0.8331292,1.7436569,1.3826925,-0.7464866,2.3218992,-0.5240608,-0.93277794,-0.6077388,-0.09807952,-0.05888053,0.99281555,0.719872,-2.2268465,-1.8160037,1.9675363,4.126491,-2.007801,2.7246723,-2.9123342,1.8412647,-0.63590413,-2.7200377,0.553249
-0.36218816,-1.5220765,0.6634544,0.013827875,0.9162554,-1.4690571,-0.19659588,-0.5283428,-1.1141983,-0.8974818,-0.006076649,0.6786445,-1.1932719,2.1691391,0.16420323,-1.0937283,-0.7806665,-0.65325004,-0.31051967,0.5309327,-0.5753215,-1.2342465,-1.398726,0.9630337,0.650038,-0.84080344,2.4019039,-0.8978975,1.0391968,-0.69065696,-1.4832605,1.4163151
-1.2730482,-2.1762667,2.0939875,0.74340147,1.0346794,0.4319247,1.8260617,1.2114227,-2.9067473,-2.0704956,0.48367688,1.1720654,-1.2347919,4.9178705,0.805349,-1.3852754,1.6191138,-1.2585739,-1.6368417,0.87212914,-1.4626437,-0.5391251,-3.1356494,2.225629,1.0642571,0.5030081,1.2217807,-3.6329935,1.0007919,-0.32832137,-2.896664,1.9497682
-0.6511483,-1.3031816,2.2696862,-0.8217625,0.8022396,-0.5650996,-0.11900436,1.4315883,0.33399376,-0.102834046,1.1394665,1.3656123,-0.0050267354,3.8229117,-1.9899073,-0.916816,0.16101328,-1.4215376,0.76225555,0.80140126,-1.2431939,-1.9251761,-0.24664983,0.6058424,1.460881,-0.4075284,1.5098237,-0.27593863,2.2280242,-0.3847608,-2.021571,2.0544357
-0.3567769,-2.0941656,3.3498254,-0.8065881,2.5613542,-2.642436,0.21300331,0.61581796,-0.96765137,-2.0843854,0.64201134,1.4119773,-0.7327413,6.667006,-1.1644202,-1.9913431,0.55589557,-2.8832245,-0.2786996,1.9717382,-0.62112814,-2.8305392,-2.935519,0.9538486,0.8211405,-1.1026291,2.684353,-2.0289245,0.25423592,0.2868432,-3.3852556,3.1897197
-0.6696348,-0.7470088,1.6513213,1.0488789,2.1370947,-0.7392008,0.2207844,2.0439796,-1.7260101,-2.3460631,0.46028763,0.9386653,-0.10354592,6.1824603,-0.7398316,-2.8339264,0.27711546,-2.2539766,-0.4466312,-0.2551693,-0.9035055,-1.0616201,-1.2949607,3.2645714,2.0129387,-1.1069763,1.3393538,-4.1208897,0.16743004,0.85724676,-4.20707,3.6694717
-0.16269562,-0.3315628,0.42838186,0.49839014,1.4670198,0.013685111,-0.12487099,2.1673539,-1.1380767,-1.0648487,1.3218863,1.0360835,0.3062404,3.704735,-0.5960308,-1.9600496,-0.8302312,-1.474765,-0.18357101,1.6718185,0.6154601,-2.6914392,-1.7768191,1.7055526,3.3058388,-1.0008684,2.9413064,-2.5515206,0.45582792,0.95814973,-4.0338616,1.6317018
0.44291827,-4.7106624,0.75821584,-0.8437534,1.0849175,1.1757195,-2.340352,2.3687487,0.79161143,-2.7974331,4.667816,3.8875952,0.5859576,0.39302987,-0.733191,0.048249103,0.14029214,-2.2237554,-0.21647021,-0.60463625,-1.6417913,-1.1962848,-2.421009,3.2570076,1.0041299,0.78880286,0.33078235,-0.70680565,2.5533822,-1.9493283,1.3685132,0.2875733
-0.7006679,-1.4635907,0.2601869,-0.24583735,-1.2547948,-0.12567109,0.8428531,3.5712683,-1.0107181,-2.280628,2.7850251,2.9151373,0.7144068,5.1250305,-0.12616761,-2.479999,-0.40411937,-1.3609978,-1.1343756,2.9381359,-2.546534,-1.4744114,-2.3080008,2.600056,2.1524966,0.7750589,2.9585388,-2.81258,3.101524,-1.9831308,-3.1293337,1.5297579
0.48913985,-3.498146,0.6724662,-0.046910554,1.5009475,0.5834597,-2.5794454,1.4970903,0.24346653,-1.5190428,2.9649734,2.8079221,-0.65377563,-0.002935186,-1.0713745,-0.15314898,-0.7555497,-2.1075337,-0.07337572,-1.2363286,-1.5646191,-1.1052669,-1.6884257,2.9191952,0.48364395,1.4663984,1.0690188,0.016362898,2.1765404,-1.3671812,0.56383216,1.1579429
-1.3410064,-1.8693203,2.1321955,-0.9789586,1.6608443,-1.5179632,0.8742019,-0.23789342,-1.2663412,-0.84777313,-0.13800684,0.03866975,-0.7317228,4.5821347,-0.6526406,-1.6740355,-0.29253897,-0.28426203,-0.22368234,0.7672656,0.09444657,-1.4846777,-3.0021255,0.72860277,0.7367964,-1.9280785,1.2758025,-2.862514,0.38946643,0.46673265,-2.9789667,2.793048
-1.2955295,-1.2970871,1.2201239,0.31471008,0.73253435,-0.15728147,0.13230985,1.0368243,-0.6101686,-0.2126894,0.42972916,1.0501492,-0.27978194,3.3536978,-1.1079434,-0.6933473,0.08180553,-0.43487597,-0.35561132,0.5660218,-0.050212964,-1.6454417,-1.4144775,1.142066,1.7218982,-1.150157,1.9263859,-2.085184,0.772068,0.24794893,-2.3050792,1.4665699
-0.99600726,-1.4638977,1.5658534,-1.1468554,0.18401827,-0.92368203,1.5016614,0.34031025,-1.3513649,-0.25781903,1.2388045,1.4026494,-0.613948,4.857117,-0.9693709,-0.8657635,0.8581451,-0.3417585,0.14496423,2.478043,-1.1639218,-1.8005514,-1.7823316,0.19745688,2.4948392,-1.339512,3.7440624,-2.7903032,1.512896,-0.09847579,-3.5972638,1.4078275
1.06586,-0.36218122,1.6312153,1.7257942,-0.9156799,1.7838355,0.20769563,1.5816271,-0.87561953,-3.1345317,0.29706776,-0.48325288,1.1969674,4.9339876,0.41544557,-3.7364593,-0.5903018,-0.5723084,-0.35269755,-0.25224635,-3.5486445,3.039607,-1.7757953,2.890556,-1.5811044,0.8692948,0.24788943,-0.23755054,2.8168778,0.025117349,-0.70303106,1.1924568
-1.1588712,-0.9071554,0.4807482,-1.3582193,0.32189322,-2.1492114,-0.4948333,0.20329061,-0.8008872,-0.62865293,1.2917258,1.8770068,-0.74359226,2.951972,-0.15704404,-0.69896436,0.035302788,-1.7185504,0.51177907,2.6454172,0.38283014,-2.3933125,-2.140857,-0.106934726,2.9328609,-0.4191222,1.863474,-2.4148061,-0.25173607,-1.0931596,-3.681105,0.76393867
-0.48279813,-1.638191,0.696877,0.7525037,0.055128768,-1.1961428,0.575039,0.011703454,-1.6207589,-2.053881,0.41025066,1.847701,-0.8473119,3.5244477,0.13785744,-1.0211636,0.17131564,-0.97981787,-0.93950206,1.0363055,-1.219219,-1.1801171,-1.4717692,1.8763075,0.71452886,-0.48130706,2.9311225,-1.1836962,0.9425032,-1.0418198,-1.3683583,1.3727566
-0.88602096,-2.682284,2.655549,1.1767794,0.63529146,-2.8092368,-0.5017892,0.65354574,-0.992411,-1.6985273,-0.09174056,2.0973618,-0.3090322,5.455706,-0.7177399,-1.9558206,-1.8327245,-1.3917595,-0.1462802,0.6218355,-0.8766735,-1.4390278,-4.2881274,2.314809,-0.6250966,-1.0208334,2.455988,-0.9426677,1.4589638,-1.7564678,-2.8149526,3.0563772
-0.7218964,-1.9367365,-0.15074044,-0.41217208,1.825953,-0.6348497,0.008297324,0.2195286,-1.6469457,-1.2769796,0.7550323,1.7469612,-1.3504885,1.8641942,0.66962564,-1.0699283,0.28279966,-1.0309899,-1.1886655,1.4381621,0.37409785,-2.5422604,-1.7562022,0.80686164,1.5437461,-0.07918043,2.2800803,-2.5603487,1.1162229,-0.45781824,-2.0975635,1.8197223
-1.8968754,-1.8465014,0.36561486,0.47321963,0.25020272,-1.9039847,-1.0397298,0.49596623,-0.5515267,-1.7358198,0.40815368,1.3960458,-0.16506477,3.4534585,-0.20460813,-1.2010888,-1.8804308,-0.8890398,-0.26927155,0.7085785,0.77008116,-1.954742,-3.308416,2.1965115,0.7915408,-1.2030264,0.7286067,-1.975096,0.31555808,-1.0693109,-2.3477366,1.4945214
-1.6295242,-3.2960563,2.6521301,0.34269893,2.6863205,0.56412643,0.45471627,0.7545565,-1.6519531,-0.60590595,0.37943417,1.3478645,-0.9883497,5.065734,-2.1776755,-1.0098718,1.2215296,-0.27018902,-0.17168915,-0.655152,-0.7089184,-2.5139673,-0.88511217,2.218005,2.2273214,-1.9952695,3.6028771,-2.3905056,2.8877473,0.48696434,-2.6708536,3.7312968
0.46642837,-1.2756687,-0.6039946,0.011961624,2.0760696,-2.7633302,-1.7853546,-1.9910787,-2.2715452,-1.8303798,0.52498263,0.32743937,-3.344663,1.0816476,-0.3758719,-1.6047577,-1.5181894,-2.3525672,0.21947314,-1.8673456,-1.5101972,-0.3438903,-0.59605134,3.070503,0.7231163,1.4187478,1.1235126,-1.1918064,-0.87357396,-0.74921066,-1.4201726,2.8786945
1.0681785,-0.9238158,-1.0147285,-0.8371039,-0.47676265,-2.3922534,-1.8375983,-2.2154608,-2.332212,-2.8739715,0.7627456,-0.5446437,-2.9489298,0.22748649,0.13490228,-2.581597,-3.012854,-2.5326474,0.6173942,-1.617155,-2.8686664,1.3984505,-3.0064683,3.0309978,0.34667364,1.2382429,1.8816221,-1.288547,-1.5702521,-1.0045035,-0.053496897,0.8808285
-0.8420462,-2.4447505,2.0016718,-0.75159353,2.429369,-0.38826028,0.93444765,1.8209381,-0.7338811,-0.97063303,0.869061,0.44446692,0.65173197,3.87969,-0.35732454,-1.9435561,-1.7782307,-0.5689457,-0.680354,1.8976619,1.1791501,-4.1879716,-4.046117,1.0950155,1.8330886,-1.9198955,2.5105357,-2.009132,1.623219,0.5086053,-3.422081,1.8174804
-1.3129675,-2.5190737,2.607678,0.88985115,1.3651831,-0.76560444,0.8113332,0.28504124,-1.8916384,-0.6525821,-0.045490265,1.2645011,-0.9669941,4.8773217,0.09021179,-1.0194468,0.06383839,-0.584472,-0.54463714,0.58491904,-0.5136201,-1.379481,-3.1553762,1.3303337,0.5776631,-1.0341669,2.0282888,-2.0652938,1.5855944,-0.59488505,-3.2240796,2.4662564
-0.28324264,-0.88125515,0.4824064,-0.20893537,-1.0926135,-0.057865884,1.263261,1.0274388,-1.3723693,-1.25716,1.7811973,1.0571142,-0.0945606,2.609242,0.72205436,-1.8119001,-1.2495111,-0.6047707,-1.0842911,2.2322478,-1.9604361,-0.70993054,-1.9398917,1.4121035,1.3200045,0.22075325,2.2637262,-1.027829,1.8462919,-1.1965694,-1.2981889,0.45121035
-1.374836,-0.9857089,0.6207624,0.024907984,0.14777319,-2.1782436,0.014389195,1.5669138,-1.1757456,-1.0021138,1.1583909,1.901706,-0.5826104,4.9914455,-0.6637121,-1.8806145,-1.1242285,-1.6099955,-0.6018529,1.9817531,-0.7229336,-2.2132363,-2.5460484,1.9408356,2.4241037,-0.86876523,2.4916773,-3.3192115,0.34478948,-0.5446708,-4.172227,2.5998569
-1.1529843,-2.647533,1.036713,0.17455733,0.460346,-2.5492458,0.64629674,-1.1105651,-1.9414736,-1.1319612,-0.10507521,1.894048,-1.7631645,3.9185948,-0.24028648,-0.920691,-1.0774379,-0.2847151,-0.87626386,1.412481,-0.19983305,-2.7088017,-3.149295,1.5776184,0.7754807,-1.6544503,4.0710154,-1.664268,0.6883666,-0.7774158,-2.3169072,2.1888206
-0.75479656,-2.7473536,2.9984322,0.39712787,1.5461707,-2.2126005,0.087281555,0.7522773,-1.6589758,-0.965317,0.20568371,2.0614822,-0.8385278,6.0369134,-1.8757846,-1.5981889,-0.7914925,-1.864463,0.029596038,0.9971255,-1.9375035,-1.8881675,-3.871824,1.69542,-0.059311576,0.52268595,2.8597772,-1.4689205,0.5845503,-0.76755804,-3.432258,3.5683832
-1.948598,-2.5240319,1.8291196,0.2539087,1.2926204,-0.10038726,1.1045402,-0.152657,-2.0690427,-0.12031335,-0.53756785,0.6212022,-1.7081945,4.1144996,-0.20351027,-0.47257698,0.7938662,0.20080791,-0.77445287,0.2750978,-0.35374323,-1.7739608,-2.715833,1.2634234,1.3329595,-1.2449803,2.5092714,-2.8363922,1.6100004,0.06606761,-2.729113,2.2769318
-0.77492696,-1.9098021,1.6680226,0.055899017,0.10897171,-1.8689556,-0.101429306,1.3984897,-0.6796522,-1.618186,1.6943789,2.2890997,0.09920711,5.235933,0.23566857,-1.7457025,-0.30532885,-1.3572316,-0.49861032,2.2815669,-0.347923,-1.6973255,-3.1938286,1.1531943,0.9899611,-1.5040828,1.8126568,-2.178497,1.8697208,-1.5617571,-3.5093408,1.6350888
0.36221972,-1.6986954,0.8860328,0.54476714,0.6827669,1.4339789,1.7326161,0.916527,-2.2655182,-0.86285746,1.1053944,0.9763892,-1.1778917,2.03464,1.2032877,-1.1814721,-0.58653104,-0.2816646,-1.8511633,2.123628,-1.302176,-1.5959626,-3.3537488,1.1544774,0.8586465,1.2133598,3.8672943,-1.2545823,1.952624,0.48605898,-1.440591,0.32740796
-1.2474002,-1.1914377,0.8484974,0.19212794,0.2705574,0.18587293,0.2876151,0.9634734,-0.97278476,-1.1147143,1.1555134,0.95404816,-0.43543014,3.0409057,-0.005676031,-1.3186159,-0.62697214,-0.77122283,-0.63630164,1.3264048,0.2106682,-2.114546,-1.5168198,1.8271273,2.7354362,-1.4900954,1.974432,-1.49861,1.6974797,-0.4985215,-2.1921566,0.9736128
-0.4073918,-1.754857,0.09800184,0.5718792,-0.2594218,-2.2698984,-0.50507647,1.0222851,-1.2816039,-1.8881028,1.189906,2.8539512,-0.6410869,3.8559473,0.38762626,-1.6679411,-1.4675688,-1.4258274,-0.77653164,1.8553975,-0.9607101,-1.9018294,-2.9715521,2.3720117,1.0589367,-0.24983564,2.955358,-1.831905,1.5688183,-1.977661,-3.1954489,2.0768483
-0.6080736,-2.0090175,0.498593,-1.0539025,0.80063236,-1.3845394,0.14586008,1.0877252,-1.1544272,-2.245174,0.7561196,1.5221678,-0.51223356,3.3686044,-1.3210716,-1.8514752,-0.5009785,-1.4134358,-0.2618842,0.34771943,-1.7275457,-1.7710772,-1.2672387,2.4308608,1.8338171,-0.9591309,3.3050842,-2.5514765,1.2595228,-0.19155839,-1.779967,2.6199174
-0.63181794,-1.8089299,2.9591393,0.362401,-1.3117857,2.0827436,2.394072,1.8915153,-3.2295203,-4.5427265,2.8859923,0.072774954,-0.39092743,6.6507206,1.9826584,-3.5447967,0.9697151,-1.8406541,-1.4514103,1.3102416,-4.2644687,1.8575004,-2.7259092,4.315811,1.5778748,0.7219596,-0.45759937,-2.8588486,3.219322,-1.7855582,-1.6936555,0.76478624
-0.26634744,-2.5984313,0.19372697,-0.50439733,1.2209592,-2.0329864,-0.012951829,1.5813328,-0.83336973,-1.2610185,0.38564435,1.8499905,-0.52213734,3.9281156,-1.0367873,-1.9955634,-1.0820004,-0.368235,-0.86438525,1.2582146,-0.74437726,-3.107006,-2.02403,1.415533,0.981909,-1.5117407,4.4088902,-1.9296119,2.9476626,-0.76922786,-2.883287,3.1554253
-0.96419686,-1.6141474,1.9497049,-0.58210105,-0.55966,-0.027018405,0.88482374,1.1785808,-1.13398,-1.9824622,2.0028806,0.94515556,0.029590286,4.5070205,-0.23465751,-1.7119269,-0.042961,-1.2301637,-0.33280188,0.93699473,-1.8165069,-0.30490404,-1.7668995,2.4636102,1.4545128,-0.90690196,0.8554771,-1.8359437,1.7350738,-0.9033678,-1.4408293,1.2054636
-0.92579323,-0.8593618,2.5094614,0.7504834,0.8930714,-1.2068563,0.7760146,1.2602509,-1.291715,-1.3580021,0.6564701,1.2443131,0.012500949,5.761809,-0.36331373,-1.8949717,-0.0008031726,-1.3702064,-0.2536293,1.3767017,0.0018041115,-0.78320956,-4.1243987,1.308298,1.1874402,-1.2260867,1.5350782,-3.658235,-0.4860034,0.38128823,-4.1260157,1.711258
-0.13594736,-0.8241841,2.269349,0.5214237,2.458975,-1.1188341,0.6571864,0.57759243,-2.255561,-0.8355013,0.100079685,0.6320827,-0.95124614,4.62167,-0.491683,-1.8832992,-0.7603415,-2.046084,-0.17114934,0.74249905,-0.1106442,-1.5237254,-3.069586,1.7232018,1.5976025,-0.2549891,1.6959236,-3.1172252,-1.7762812,1.5231841,-3.9216933,2.7501287
-0.7577228,-1.8306051,1.387419,-0.6021312,1.9617987,-1.3719126,-0.29031232,0.32201886,-0.7216215,-1.3720653,0.74958736,1.6924428,-0.75643146,2.9553466,-1.4364499,-0.9083338,0.4273318,-1.6196934,0.08262558,0.07716546,-0.77784824,-1.7198123,-1.2392198,1.7832052,1.3208373,-0.44745597,1.7096965,-2.3119311,-0.027687617,0.14538413,-1.5886219,2.6995416
-1.0911987,-1.4028511,2.6321735,-0.16926205,1.305208,-0.058029104,1.4929452,0.8994325,-1.4140837,-0.6702987,0.5352748,0.0638794,-0.61525124,5.213013,-1.1336339,-1.6816189,-0.08089986,-0.65624666,-0.014983252,1.270302,-0.51542634,-1.8903314,-2.2929192,1.176913,2.1401951,-1.6516572,2.5984528,-2.2124014,1.190313,1.3238283,-2.9406452,2.1793213
-0.68630755,-1.617017,-0.33419183,0.22331643,1.2592628,-1.4588797,0.48512927,1.4539156,-0.8708501,-1.1046642,-0.09692809,0.92962337,-0.46215257,3.366803,0.22651955,-2.1611943,-1.764079,-0.0505463,-2.3167381,1.1976621,-0.34008253,-2.530241,-3.1233683,1.8675326,0.027404845,-1.2460599,2.9540854,-3.0205753,1.3842623,0.18624865,-2.3909495,2.8566992
0.13358124,-1.119039,1.178083,0.30403364,1.5853229,-1.4176686,0.45516762,0.64708996,-0.697876,-1.0473108,0.3813291,1.0230055,0.0605767,3.676459,-0.20162646,-1.7232236,-0.41693538,-0.29127723,-0.97902656,1.4052006,-0.06420195,-2.3104122,-1.5878291,0.88039684,0.4884676,-1.5259644,3.226975,-1.6709898,1.1688403,0.2820813,-2.1358767,2.331802
0.4387501,-1.4098463,1.0033333,0.58106375,2.5960872,-1.0003078,0.59571904,1.3094678,-1.7575412,-2.5647328,0.23533948,1.6984054,-0.14618328,4.402756,-0.12090652,-2.5030913,-0.7939704,-1.2911167,-1.3020763,1.160381,-0.19605927,-2.7175748,-2.9088073,2.6716564,1.4294343,-1.0963279,3.9653854,-3.598275,-0.016604021,1.1572564,-3.2097182,3.1528807
-1.6693738,-1.4793909,0.5923378,0.22198282,0.004019588,-0.20042539,0.6377147,0.7901437,-1.4660593,-0.8269582,0.039249636,0.9686108,-0.9193086,3.2146523,-0.25077498,-0.8175442,0.24909854,-0.25057435,-0.42398006,0.68747854,-0.9701785,-1.0207591,-2.0475667,1.4631443,1.6843411,-0.54402155,2.2722068,-2.4798636,1.5504626,-0.5144362,-2.4176548,1.1832002
-0.57054275,-1.3257736,0.27735066,-0.8474092,0.8318883,-2.8052526,-0.0612616,-0.10548139,-0.73461986,-0.9529073,-0.26505756,1.1209236,-1.212987,2.614354,0.25462547,-1.4894434,-1.6432259,-0.9516475,-0.8047846,1.6744703,-0.4312305,-2.281159,-2.9952145,0.758093,0.06519202,-0.40231398,2.1045582,-1.7547854,0.15700895,-0.7657797,-2.00572,2.288652
-0.6855749,-1.6884181,1.1887476,-0.5230006,0.6029563,0.31214705,1.4191868,1.0933117,-1.718206,-1.973161,1.4798924,0.43719608,-0.3279121,3.651379,0.70101994,-1.8789164,-0.06176628,-0.7691673,-1.179411,1.6653017,-1.0311075,-1.7598203,-1.8563818,2.0946422,1.7339177,-0.6176677,1.6083701,-2.172147,1.9334235,-0.4139347,-1.7871776,1.3354868
-0.29116592,-1.4383464,1.4437963,0.8289362,1.3663313,0.88357943,-0.06428472,3.3307178,-1.0952609,-2.2434747,1.6263299,1.5244222,0.21793848,4.7243514,-0.38055176,-2.4880366,-0.03215334,-1.7548848,-1.3519137,0.3431327,-1.9906517,-0.7181034,-1.8947344,3.223801,1.2282313,0.93047106,1.1216909,-2.833524,2.2110782,-0.29369572,-2.4967139,2.8790572
-0.353521,-0.76990134,1.3846157,-0.7626179,-0.066635355,-0.33673656,1.4865729,2.1312406,-0.7803539,-1.5721681,1.8113968,0.875627,0.18497655,4.1377254,-0.23988752,-2.0768232,-0.014297709,-1.2244022,-0.9192704,1.9783663,-2.2198343,-1.2025927,-1.0273551,1.6307915,1.4808356,-0.0052731037,1.7973702,-1.8948386,1.9403536,-0.42064512,-1.657432,1.6202201
-1.7857159,-0.97058696,0.8292729,1.3675278,-1.12503,-2.0635188,0.86693686,-0.76515734,-2.5636969,-3.5042627,-1.2979245,0.55411875,-1.1184258,6.2687044,1.1121906,-3.0827696,-0.23103997,-0.8322333,-0.5445601,0.4046154,-2.0045223,1.1412007,-2.9047358,3.054199,0.056156315,-1.7893064,1.8039284,-2.8031652,0.9428412,-1.7422845,-2.2276373,2.103213
-1.0165509,-2.7970853,3.201404,-0.54744935,-0.79723364,0.23314159,3.0268044,1.5267432,-1.7607976,-2.7308352,1.6307355,1.996172,-0.047543537,6.652753,-1.0729065,-2.0526845,0.58718145,-0.9916976,-0.7691014,2.1604905,-4.6610894,-0.23371369,-2.8003042,2.7678483,0.24397165,0.5357766,3.2038953,-1.3307874,3.3575423,-1.1104378,-0.7133759,2.0644577
-0.9829866,-1.711907,0.14075132,0.10355562,1.0311129,-1.208664,-1.084674,1.4858421,-0.5319923,-0.50573,0.85732806,2.212589,-0.0026255772,2.9574263,-1.255734,-0.84428465,-0.560344,-0.8882951,-0.05409829,0.8036274,0.5431669,-2.612404,-1.6343411,1.13709,2.0029128,-0.8190084,2.4565341,-2.0395324,1.164684,-0.78007716,-3.570296,1.9260923
-1.7976004,-1.2061138,1.0839121,-1.0409139,0.022704005,-2.799038,-0.36256808,0.36596957,-1.0646666,-0.567752,1.0049715,1.8652227,-1.0714138,4.3512297,-2.1669996,-1.0525856,-0.5370308,-2.0034266,0.8915029,1.1345556,-1.1264304,-1.6712092,-2.0704188,1.3983916,2.8467228,-0.39775315,2.2698984,-2.8873677,-0.8621997,-0.63850415,-3.700963,2.0090165
-1.5589246,-2.2555068,-0.45779705,-0.7333574,-0.01758647,-1.0680263,1.0805167,0.33770487,-1.9344745,-1.4718766,0.26713315,1.5564634,-1.1466407,3.7738907,-0.44245386,-1.7720703,-1.2635353,0.47950798,-1.1208291,1.4667988,-0.86844236,-2.5161002,-2.3398218,2.2818434,2.2128072,-1.3529123,4.175218,-3.5407307,2.0501916,-0.6583597,-2.8280196,2.4815679
-1.3251376,-2.600187,2.1389046,-0.5477451,0.72575164,-2.6527138,0.3243414,0.8668432,-1.5551001,-1.6400086,0.85463023,3.0917366,-0.80754954,5.8963814,-1.5928488,-1.3865037,-0.093955375,-2.4574313,0.4259175,1.705414,-1.8908918,-1.9334443,-3.7514079,1.7642286,1.198061,0.7747971,2.3330197,-2.8833954,-0.023520254,-1.5879854,-4.054604,2.7492404
-1.1595098,-2.1224315,2.050697,-0.25653243,1.1790631,-0.3344081,0.5103833,0.3907985,-1.0741758,-0.17269939,1.1604309,1.6656505,-0.60809994,3.5396516,-1.3027453,-0.2546962,0.22387639,-1.0790119,0.023440458,0.77448213,-0.07400553,-2.0087235,-1.6663122,1.2262238,1.7707076,-0.4150554,1.728405,-1.358242,0.6856981,-0.15584366,-2.2978482,1.6362828
-0.5746208,-1.1103208,2.3635645,1.7492722,1.7188051,-1.1689796,-0.036010414,0.2533427,-2.1715853,-1.0956849,-0.011453554,1.7119926,-1.1333033,5.200164,-0.8561557,-1.2735678,0.387183,-2.2511346,-0.08441726,0.3425526,-0.77133024,-0.77417433,-2.3487866,1.7857382,0.64531046,0.6157191,1.7046909,-1.751336,-0.9888523,0.1635457,-3.8047204,2.5197601
-1.4998485,-2.6345928,1.0022275,-0.010330059,-0.4532231,-3.4684968,-0.09548441,-0.4207041,-1.2767357,-1.4010738,0.9661958,3.3307178,-0.9866649,5.4222217,-0.64408237,-1.0774753,-0.6427758,-1.0181805,-0.2679428,2.4662962,-0.08659374,-2.5890045,-3.1170652,1.2930853,1.537695,-2.114725,3.7539058,-2.1050892,1.096965,-2.351306,-3.5722485,2.034489
-0.2626114,-0.57595664,-0.23841327,-0.6191375,-1.1409571,-0.6665958,0.6457459,2.4371793,-0.39223978,-2.578377,2.4346628,1.8450503,0.48876393,3.130224,0.89419967,-2.7968652,-1.3735272,-0.9720293,-1.2748625,2.9912121,-1.1421809,-1.279264,-2.3935483,1.7714031,1.9100075,-0.313404,2.0572171,-2.4668152,2.2885466,-1.3591187,-1.7981435,0.9876913
1.5469284,-0.24926099,0.37265787,0.64827037,1.365119,-1.9852394,-0.29907262,-2.425685,-2.4962897,-1.4146912,-0.6323463,-0.5175881,-2.5111363,1.2675085,0.36744338,-1.5285246,-0.83373976,-1.6252414,0.18447946,-0.9176025,-1.7615689,1.0025009,-1.5507519,1.3291429,-0.75521743,1.0936867,1.9040252,-0.6387371,-1.7569288,0.72632074,-0.6545567,1.7819296
-0.86556166,-1.7011153,1.41755,-0.33766252,1.1813893,-0.02123664,0.7111196,0.53877026,-0.8734586,-0.42037535,0.29178423,1.172946,-0.12953772,2.4107034,-0.28972888,-0.50669986,0.029853806,-0.42811543,-0.31899682,1.1946794,0.30317527,-2.0393314,-2.3542979,0.41124868,1.0496507,-0.36019748,1.5900409,-1.525267,0.7586498,-0.122835115,-2.0423744,0.9675466
-1.1354016,-2.1519594,1.3800417,0.05749526,1.3451693,-0.9299672,-0.20302519,0.06383194,-1.6150243,-1.7093818,0.32321554,1.5979694,-0.53696,3.5917807,-0.66816956,-0.91125023,0.3510695,-1.437092,0.2149884,0.58627445,0.46654367,-1.510597,-3.6225853,1.3327289,1.4881521,-0.525854,1.618743,-2.9865541,-0.9836944,0.097438835,-2.7403185,1.2862535
0.3705396,-0.61068016,1.7568444,1.0319977,0.17705896,-0.3331222,0.7056082,1.0049714,-1.7789341,-2.3109057,0.8325462,0.17406805,-0.04443272,4.2448545,0.6935682,-2.2963736,-0.8715664,-1.6284494,-0.43284065,0.49525106,-2.1198173,0.54738426,-2.2506306,2.6347594,-0.08507899,0.83166087,0.4509404,-0.9175875,0.6331606,-0.51117396,-1.6494149,1.3624126
-0.94135237,-1.1441885,0.70575553,1.1981038,0.7403384,-1.5304731,0.04560429,0.4599225,-1.6810269,-1.2392899,-0.6753611,1.4432847,-1.1314642,3.9208322,-0.5260316,-1.1356238,-0.24888709,-1.0812652,-0.62886196,0.14677379,-0.6297464,-1.0503217,-2.6012354,2.2119024,0.87609184,-0.37682924,2.761202,-2.7682948,-0.27198932,0.06511554,-2.866682,2.2226932
-0.43712205,-0.975348,0.076856665,0.6260937,0.27083325,-1.0878648,0.1528403,1.5509691,-1.0234947,-2.508834,1.6380092,2.4055185,0.4501751,3.598197,1.4593781,-2.1056595,-0.70321995,-1.4717636,-1.296974,2.7496188,0.16624098,-2.2694988,-2.4379678,2.0384095,1.7303137,-0.6368327,1.7907044,-2.2347991,1.003535,-1.6512625,-2.9948514,1.1816224
-2.2281501,-3.0038202,3.2013717,-0.14810987,1.5380046,-1.7723663,1.4774915,0.46862942,-2.009618,-0.35505474,0.34185934,1.9634407,-1.083795,7.2948318,-1.7168233,-1.0845139,0.84403586,-0.6703322,0.011651434,0.7942934,-1.1886894,-1.5442313,-3.3375573,1.6040218,1.2360715,-1.4391806,2.4162822,-4.1837196,1.0934079,-0.13479438,-4.840479,3.8904114
-0.3807333,-2.0754876,2.1734462,-0.41631353,1.6882114,0.06586899,0.40650797,2.470712,-0.8779725,-1.3024077,1.0434296,1.2950541,0.2802296,4.6426373,-0.5850148,-1.9454659,-0.75417304,-1.5432743,-0.6274815,1.9647274,-0.5267077,-2.7390242,-3.659197,1.2800672,1.350629,-0.3261582,2.5517461,-2.0488057,1.5948727,0.097143255,-3.2072997,1.8374752
-0.58430815,-0.8364443,1.1153877,-0.17069799,1.1509902,-2.0092623,0.8057966,1.6256746,-1.1888889,-1.7152507,0.07285811,0.25744307,0.20543265,5.75871,0.19798733,-3.3487914,-1.5881883,-0.7658508,-1.0444273,1.9523188,-0.49933845,-1.6254569,-3.6459308,1.4333308,0.36252862,-1.7981913,2.1966994,-3.616981,0.6871954,0.53144133,-3.9345324,2.9419336
-1.5300727,-2.3563917,1.4713756,0.6404174,1.3934879,-0.5089227,-0.5327046,0.94248694,-1.0750515,-0.8798181,0.9022661,1.7386441,-1.1476799,3.8472824,-0.7890916,-0.54288775,0.58368844,-1.3671808,-0.5589034,0.08007665,0.047429968,-1.9707967,-2.0112178,1.937997,1.9128428,-1.1917824,1.5699981,-2.2402084,1.0430669,-0.4400997,-2.696393,1.9334743
-0.43950704,-0.17538407,1.8512883,0.7817535,-0.8659223,0.4702333,2.5915084,-0.13853763,-3.2574518,-3.8721159,1.057261,-0.62321323,-0.5429436,6.2848825,1.6501229,-3.7379808,-0.24250421,-1.1248751,-0.8080668,1.3859313,-3.1190755,1.481817,-1.9203633,3.375328,1.3354447,-0.8865346,1.2052188,-2.3303454,1.2345709,-0.37178892,-1.6811451,1.113619
0.5218194,-1.2153639,1.2927665,0.27681908,1.1867306,-1.3031049,0.28453535,1.2808193,-1.5334116,-1.2582276,1.2220211,2.5137115,-0.64676195,3.386918,0.20010662,-1.5919336,-0.4145767,-2.0715437,-1.2227966,2.0195513,-1.409374,-1.5130994,-2.8048217,1.2412999,0.6984512,1.2105252,2.7296467,-1.7722707,0.061996844,-0.6708588,-2.839945,1.9880661
-1.8375714,-2.2164345,2.347423,0.7900639,1.5903187,-1.1171757,0.93312764,0.24516128,-2.2549326,-0.26063502,-0.7549281,1.6273497,-1.6089573,5.2783,-0.9427375,-0.37583476,1.158892,-0.7667333,-0.7555352,0.92579204,0.25717777,-1.9726348,-2.9704678,0.7599609,1.5083562,-0.8468485,2.8464658,-3.2105348,0.1096658,0.51355505,-4.006168,2.5401974
-0.35080642,-1.1711285,2.2997236,-0.12576942,1.6217294,-0.8904984,0.050371945,1.5143753,-0.4983292,-0.8405573,0.47724515,0.75283885,0.8489366,4.915979,-0.58784175,-1.9535657,-0.6362927,-1.0348912,0.48404056,1.9031452,0.3674363,-1.8916565,-3.605533,0.07522025,0.6050386,-0.9550655,1.5913858,-1.8898556,0.9087499,0.47853747,-4.074645,1.8629205
-1.4944032,-2.1757042,0.78361565,-0.42244256,-1.5893207,-1.7427038,1.211605,2.7414281,-1.1967264,-2.182888,1.6279451,3.5182753,0.580413,6.257128,-1.1865197,-2.3150792,-1.0969942,-1.0915352,-0.6805383,3.3595645,-2.9581063,-1.714432,-3.8689077,2.2442205,1.4553667,0.7487766,3.955738,-2.962631,2.050643,-2.1862025,-3.589237,2.0999653
-0.8282054,-1.9729258,0.82086366,-0.98287654,1.290734,-1.2206078,0.5874275,-0.09943543,-0.9949634,-0.3971228,0.9464056,1.6449974,-0.7886866,2.4380033,-0.7073575,-0.6232364,-0.039662555,-0.7094042,-0.39531857,1.1341027,-0.111189134,-2.4968474,-0.92144644,0.8505726,1.6845739,-0.7923723,2.0680487,-1.6231345,0.6655745,-0.5371783,-2.0368001,1.9208751
-0.6800764,-1.6347461,1.9363018,0.7654032,2.1601367,-0.40622568,0.39845464,1.0141091,-1.6318955,-0.2951365,0.5676057,1.1036032,-0.64622134,4.557475,-1.3535857,-1.3521794,-0.34380165,-1.0193211,-0.2899623,0.14609113,-0.37176064,-1.9432343,-1.5072955,1.851723,1.6659139,-0.6446001,2.1307588,-1.9718912,0.88699895,0.7276323,-3.7301717,3.0801232
-0.62713385,-1.9544926,2.167842,-0.08109282,1.5342884,-0.78411764,0.17955601,1.0997896,-0.8436816,-1.1547018,1.8410923,1.7828518,0.22637859,4.524393,-1.0158075,-1.1060046,0.21479583,-1.5152196,0.060055584,1.1636199,0.23952596,-2.0823686,-2.6478443,1.3421812,1.5294564,-1.2234993,1.6119962,-2.2560797,0.17515068,0.1981493,-2.9254293,1.6963854
-0.76656324,-1.3577397,1.9989012,0.38688862,0.25828248,-0.6985675,0.37415966,-0.052921593,-1.0136415,-1.1369822,0.9998565,0.9798303,-0.24696726,3.5583136,0.061466314,-0.9342695,-0.17810623,-1.0889666,-0.06916547,0.8430706,-0.6580122,-0.73133147,-1.8755147,1.2180046,0.80615735,-0.7296962,0.8830229,-0.6974345,0.89885676,-0.955323,-1.776286,0.77432823
0.110910125,-0.9231449,2.2366638,1.1910981,-0.54884976,1.5638852,1.0662934,2.3712718,-1.7126535,-3.5472329,1.3659555,-0.24764171,1.1686605,5.6135178,1.1059096,-3.402633,-0.033244103,-1.1625261,-0.633571,0.53632057,-2.5508711,1.3929362,-2.158936,3.2818973,0.22265115,0.19285485,-0.23245573,-1.5493152,2.903746,-0.94145405,-1.8711394,1.0041763
0.9283573,-0.48575488,0.99030066,-0.74178004,2.0921607,-2.8223846,-0.14324233,-3.398723,-2.8252044,-1.0897003,-0.56101286,-1.4986662,-3.5448916,1.8536818,-0.8224742,-1.7850901,-1.3818079,-2.3055203,1.2029777,-1.4870133,-2.256523,0.25365093,-0.194283,1.8590745,0.6139212,1.2738035,1.4577775,-0.05920592,-1.6196165,0.7436847,-0.72070336,2.761487
-1.0914944,-2.327742,1.3227586,1.2111365,2.0720572,1.1846371,0.56294554,2.4649498,-1.3888172,-1.777694,-0.18878746,0.93582594,0.6610909,4.472139,-0.998969,-2.1147578,-1.0625775,-0.25278145,-0.96068627,0.23305911,0.64541596,-2.6299245,-4.0127554,2.7378068,1.4355649,-1.4407753,3.1141155,-3.1581213,0.97183585,1.3044893,-3.1447306,2.049359
1.7928685,-1.071604,0.80245817,-0.7786714,2.3195221,-3.4978044,-0.20337185,-3.9648035,-3.4460661,-1.6744837,-0.6711845,-1.1003377,-4.5407085,1.7158856,-0.12632494,-2.2122867,-1.3000774,-2.434247,0.83562094,-1.2099729,-2.9104073,0.25345483,-0.8206731,1.7322128,0.16903782,1.7148323,2.7966983,-0.39964658,-1.4071472,0.32058656,-0.71857786,3.1940207
1.0457969,-0.93452877,2.613781,1.7305447,-0.65699494,2.1153283,1.8558117,2.7059612,-1.9210143,-4.6452,1.5223588,0.9842144,1.7552317,6.952202,1.0031401,-4.4874134,-0.12546791,-1.385606,-1.4488807,1.7225298,-3.7548153,1.531081,-2.7653677,3.8773928,-0.197238,-0.13495457,2.0810225,-1.6897655,3.1249883,-0.11653903,-1.3832698,1.4850012
-1.5980511,-2.0224214,0.2949723,-0.82626027,0.016558856,-2.5309336,0.009253934,-0.45067668,-1.4326022,-0.97200346,1.3698522,2.483706,-1.1128223,3.007946,-1.1228358,-0.8690793,-1.8175063,-1.207277,0.024513632,1.8135736,-0.6646119,-2.6551726,-2.6299484,1.9883949,2.3800635,-0.28619337,2.9812362,-2.086897,-0.0539907,-1.3595135,-2.9056466,1.7581538
-1.11675,-2.4206529,1.0367252,0.14239798,1.6488802,-1.6283104,-1.2643319,1.9399799,-1.6177938,-2.0445647,1.9179213,2.575169,-0.050138433,5.2849545,-1.0080395,-1.9133806,-1.1952229,-2.6972256,0.08958477,1.2473524,0.16187619,-3.042549,-3.5196788,2.9582455,2.6943574,-0.51604366,1.6059982,-3.2837305,0.2081981,-0.93684435,-5.1877685,2.550708
-2.2088947,-1.1684638,2.7766743,0.2757296,-0.027480304,-0.8778515,0.66013646,1.2158501,-1.0708301,-1.0457984,0.27983928,1.0924127,-0.5185177,6.631514,-1.0709354,-1.9559355,0.2967002,-1.0957732,0.18679233,1.5150743,0.30054083,-1.3120248,-2.9359488,1.3721865,2.4255774,-2.2826853,1.3752466,-2.866646,1.0359645,-0.41984826,-3.6100008,2.282848
-0.49712667,-1.9674202,1.8731582,-0.11681481,2.2579155,0.122615844,0.33378673,1.4879085,-1.0461248,-0.7865444,1.0570607,1.2496167,-0.19239092,3.582894,-0.3418793,-1.094507,0.18087888,-1.5981328,-0.5795902,1.2797693,0.19007088,-2.7297673,-1.9813426,1.0028664,1.5926042,-0.19823498,1.3386003,-1.5891232,0.9127598,0.09049184,-2.783898,1.7203673
-1.9095359,-2.735093,1.8945984,-0.9848498,1.0437376,-0.79301083,-0.36187816,1.5111333,-0.47259638,-0.46762204,1.2720003,1.5498538,-0.80525833,4.1464806,-2.0633771,-0.8963185,-0.45937017,-1.4634252,0.14412,0.3943774,-1.0335206,-1.9752381,-2.4395747,1.8695569,1.9789954,-0.5446129,1.3722492,-2.2476985,1.5753521,-0.48466086,-2.6058457,2.4927008
-0.09617355,-5.429018,3.9537034,-0.30665916,0.4320982,2.423796,-3.4392653,2.4400363,1.3120526,-2.5089445,5.5892572,4.6847277,1.0785168,3.3891947,-4.7745385,0.18806222,0.8465837,-3.9072764,2.5021443,-1.9568946,-4.278435,0.34855154,-2.27061,3.8731554,1.0830132,1.5491447,0.03275768,1.0451684,2.7916782,-1.8673903,1.0604438,0.5218383
-1.5952293,-1.2905892,0.86782974,0.41805685,-0.05940734,0.044497952,0.36515173,1.0726875,-1.5474201,-0.46582043,0.37219772,1.3831742,-1.1339506,3.2112548,-0.85386914,-0.6345104,0.13746125,-0.9345422,-0.34491998,0.34402385,-0.83032614,-0.4499376,-2.5749624,1.699349,2.0597801,0.0034524277,1.8793229,-3.0969343,0.1178116,-0.026209397,-2.330927,1.1126312
-0.24022779,-1.9613025,1.4998121,0.05871856,2.2319267,-0.29722092,0.8358628,0.9077993,-1.0062377,-0.45968235,-0.15278912,1.0326637,-0.037827224,2.7722933,0.05589977,-0.9943783,-0.24855503,0.21400349,-1.185998,1.5031475,0.47859386,-2.929946,-2.6326606,0.28037584,0.28189275,-0.50902575,2.981976,-1.6796383,1.626523,0.429028,-2.3194697,2.1941643
-0.43898246,-1.3541626,2.060777,-1.2426218,1.3276768,-0.9916863,-0.17524093,1.4829243,-0.081057325,0.07192874,1.751541,1.9387491,0.57263213,3.9715567,-1.9473672,-0.8987766,-0.5598831,-1.5428933,1.003083,2.674942,0.6839678,-3.1646223,-2.8919706,-0.23891538,2.3983233,-0.29343835,1.9802679,-1.6296985,-0.12175683,0.31254527,-4.1350355,1.1712677
-1.9913007,-1.1371251,-0.37566024,-0.24183436,-0.51176566,-2.7593265,0.04479252,-0.54665637,-1.5073656,-1.4922824,0.3897038,2.3249087,-1.1096433,4.146849,-0.21095212,-1.4632368,-0.71973044,-0.8072042,-0.5964777,2.6567972,-0.26160964,-2.3156126,-2.4330056,1.2099932,2.234589,-0.92322487,3.0142493,-2.9040158,0.05249607,-1.7026039,-3.4079123,1.7933035
-1.3992159,-2.7693088,0.0135805905,-0.00577718,0.3979791,-0.8933973,0.047545936,2.0243406,-0.45337144,-0.99477625,-0.1614604,2.3456366,-0.493708,3.643596,0.18551865,-1.0870368,0.69044256,0.3418451,-1.6674885,1.7861733,-0.06725902,-2.9050145,-2.7706206,0.7966641,0.5997254,-1.1840756,3.18545,-2.8174136,3.4602098,-1.5619295,-2.64551,2.291057
0.018307451,-1.2493675,2.1939054,-0.5250505,2.050712,-0.65338606,0.76833206,1.8805778,-0.8801117,-1.2410406,1.0961663,-0.009230286,0.26028165,5.404868,-1.7203023,-2.853771,-1.8153486,-1.220447,-0.21014433,0.71530694,-0.571863,-2.206239,-3.585944,2.5363894,1.3708826,-1.8217285,2.6647644,-3.1687822,0.26566622,2.2082577,-3.2889526,2.9839373
-1.2369223,-1.6922816,1.3324327,-0.7876815,0.4154422,-1.0604032,0.33016086,1.2667872,-0.4314652,-1.3566767,1.110058,1.4479852,0.04926134,3.5087361,0.61673445,-1.4730347,-1.0446897,-0.91291785,-1.1054765,2.336065,0.095939964,-2.1072729,-3.2600834,1.2574016,0.8753187,-0.52360314,0.37426093,-2.061858,1.0798539,-1.2121221,-2.1437771,1.8149338
-1.3873334,-1.944197,2.3951726,-0.7917908,0.97156036,-1.627408,0.42358354,1.3093466,-0.51429915,-1.2326107,1.4126881,0.34477663,0.33049005,5.574404,-1.0858276,-2.740137,-2.2761986,-0.92198944,0.17755215,1.0677625,-0.3972156,-2.157392,-3.2638001,2.3684716,2.1491435,-3.082427,1.8183417,-2.4660711,1.6415071,-0.12922527,-3.4182281,2.8447466
0.0679248,-1.2294829,1.8505425,-0.9103856,1.7260869,-0.69857955,0.77468497,0.5613138,-0.38572252,0.54066837,0.07687811,0.75364876,-0.3300125,2.8635836,-0.9416836,-0.9689677,0.14231527,-0.3762161,-0.11084084,1.6159292,-0.41691718,-2.0930917,-1.4981726,-1.0072346,0.28153598,-0.21182162,2.3853583,-0.7005546,1.4081372,0.5005289,-2.3296456,1.9613397
-1.0416348,-2.4130538,2.4245248,-0.22882606,0.011611253,-0.70252603,0.7576311,1.197257,-0.95421004,-0.89431036,1.3109099,1.2621418,-0.11680014,5.0625777,-0.8093133,-1.27295,-0.67436796,-0.8029593,-0.004939705,1.3389828,-0.73733866,-1.3372653,-3.166107,1.629515,1.1544437,-1.4320127,2.0075047,-1.3917136,1.841803,-0.64368695,-2.591046,1.5278925
0.108510114,-0.68686223,-0.14805228,0.7478238,0.42415103,-0.08797024,-0.06537547,0.41528818,-0.99911344,-0.7799471,0.81514126,1.1357013,-0.6254897,1.0596237,1.1263925,-0.94526047,-1.1201565,-0.65291727,-1.3196138,1.4395998,-0.05877146,-1.3086019,-1.8659694,0.9355924,0.33585143,0.7242144,1.3180828,-0.7107415,0.42768115,-0.60382056,-1.2112726,0.34809312
0.15923376,-2.7408602,0.6237891,0.37384522,1.2042098,0.83951837,-2.2656903,2.1679883,0.5747405,-1.3284076,2.2563944,2.5503309,0.09792092,0.665699,-0.96391684,-0.283917,-0.47184172,-1.5781482,-0.35876137,-1.0557063,-1.1827055,-0.96021485,-1.8601679,2.6068892,0.33316293,0.68432516,0.6297262,-0.7046639,1.9227413,-0.9386017,0.06098686,1.0521683
-1.0327458,-1.9674072,0.6193329,0.031832222,0.73133206,-0.4582848,0.29600555,0.7971182,-1.4367949,-0.8461261,0.40465048,0.812488,-0.5904605,2.605123,0.06518831,-1.4732549,-1.9928379,-0.30966038,-0.8612743,0.9428942,-0.2487321,-1.9748504,-2.863261,1.8280396,1.0957085,-0.45701554,2.1683292,-1.6057582,1.5052764,-0.37590995,-2.1220531,1.74253
-1.3836566,-0.71799374,-1.0930797,0.953202,-0.78619385,-1.0119581,-0.6296148,1.4559126,-1.6400088,-1.8605958,1.0144643,1.3621147,-0.28740057,2.9711916,0.6417656,-2.1801689,-2.5653307,-1.1786604,-0.8108199,1.1910409,-0.5385077,-1.3218316,-2.9563599,2.8952541,2.1845412,-0.38965198,1.830882,-2.586249,0.90063745,-1.2631384,-3.4551127,1.0412477
-1.4998723,-0.71688324,1.2276164,-0.08574243,0.29238474,-0.8839768,0.2584535,0.50470006,-1.3808702,-0.9113966,0.7535461,1.1409832,-1.2009231,3.9930487,0.8194751,-1.5009205,-0.28101927,-1.4036837,-0.64522445,2.581725,0.16664729,-2.034903,-2.2238774,0.8025906,2.58906,-0.76397204,1.0245107,-2.2283807,0.8491561,-0.8574812,-3.3930318,1.5477425
-0.589403,-1.5305053,1.3311987,-0.5945684,0.0009889603,-0.9402714,1.0480882,0.40513346,-1.3508193,-0.26390374,0.69325864,1.308225,-1.1131052,3.139414,-0.87275356,-1.0555681,-1.0313994,-0.5453823,-0.54365,1.62083,-1.4665155,-1.6449333,-2.280799,1.2409292,1.2498116,0.1442431,3.3254054,-1.2449651,1.1891099,-0.28226718,-1.732482,1.7608545
-0.30203986,-1.1839222,0.62049156,-0.2745453,1.1498618,-0.9937319,-0.32000077,1.2325792,-1.2854832,-1.6900338,1.6445353,1.247389,-0.30588332,3.6625907,0.24975774,-1.953885,-1.0858155,-1.8881706,-0.3007146,1.7341244,0.33777538,-2.3061986,-2.591398,1.7590854,2.6544738,-1.2939824,1.9345852,-2.6425793,0.5767316,-0.30310667,-3.743294,1.4038111
0.48266253,-0.42747015,2.0206327,1.803045,0.057242982,1.0478708,0.51714975,1.0361685,-1.5275933,-2.8481028,0.73559976,-0.27549115,0.5854595,4.71836,1.3032441,-2.9577491,-0.39688635,-1.0444812,-0.8502632,0.24740535,-2.3646138,1.3277452,-1.8073628,2.7628148,-0.5742011,0.27094314,-0.10321617,-0.31353557,2.2512236,-0.54283845,-1.2202181,1.1692564
2.0754702,-1.9785856,4.063326,-1.9025681,-2.1837907,3.3472023,-0.69771045,-0.13232335,-0.03236474,-1.2329167,4.236355,-0.106282994,2.955356,2.718188,-3.7642205,-0.90629613,0.35871714,-0.80585265,4.2855806,-0.53250796,-3.2470922,3.8047352,-3.0354452,0.67028224,-0.14150634,0.19406036,-1.4273149,0.5855208,0.0076007172,0.7772581,1.3157605,-2.4925325
1.6043049,-1.6094326,0.18675701,0.17023295,2.950605,-3.9020858,-1.0523859,-3.2653103,-2.8482306,-1.9624629,-0.70157623,0.13455538,-4.1011353,2.1203134,-0.9155156,-1.8763694,-1.2852223,-2.2538407,0.35607034,-1.8910826,-2.1692514,-0.42565027,-0.9905318,2.81686,-0.52073425,1.5362247,2.8989246,-0.76482564,-1.3221228,-0.0037169307,-1.1146986,4.268109
-0.8370986,-1.7237211,1.2237545,0.3199594,2.0659552,-1.4710844,0.4548493,0.928611,-1.5119568,-0.891343,-0.4244758,1.0350683,-0.92460686,4.12327,0.92572284,-1.5331933,-0.35384065,-0.78412443,-1.386801,1.882007,0.57687247,-2.815332,-3.503212,0.67775464,0.5895044,-0.58511615,2.0896895,-2.666608,0.72967243,-0.2372691,-3.625487,2.6866026
-0.09985894,-1.7407622,0.9668408,-1.289864,1.0666353,-2.054188,0.99921143,1.5174274,-0.7188051,-0.39661402,0.81974125,1.5507673,0.046451516,3.6308947,-0.7346061,-1.8181529,-1.823719,-0.79941636,-0.8048822,2.9235368,-1.2698867,-3.0107274,-3.8386579,0.29637608,0.23133212,0.49345908,3.4879866,-1.946239,0.87853914,-0.22454914,-3.0622635,2.1282313
-0.07269155,-0.7858338,1.4957345,0.5026668,-1.8445578,1.4032836,2.2571034,2.460104,-1.55838,-3.6070318,1.024322,-0.045489714,1.1742053,5.7986207,1.3958547,-3.940305,-1.0315875,0.16763444,-1.1552134,1.8905764,-3.1674619,1.5493517,-4.0108933,2.8981276,-0.15516776,0.18501729,1.4181336,-2.5076358,3.1258645,-0.78198475,-1.8031845,0.6633804
1.265451,-1.5086926,1.438149,-1.209515,2.7560363,-3.3735602,-0.16858354,-3.9465432,-2.8885121,-1.2056575,-1.0040841,-1.4188936,-4.2099814,1.9948757,-0.73002946,-1.8265398,-0.9657504,-2.1924808,1.1808062,-1.5299202,-2.5840418,-0.059523255,-0.79601943,1.3385239,0.010315806,1.2762134,2.2859557,-0.10464512,-1.1334676,0.501373,-0.50897056,3.2891586
0.19598077,-1.5024003,0.17171073,-0.6634702,1.1472552,-1.1339059,0.9725917,0.5683151,-1.1922572,-0.7345225,0.7733017,1.6015784,-0.75700325,2.5789874,0.46172166,-1.2034432,-0.27453226,-0.54823333,-1.3873174,2.3786247,-0.4909764,-2.5418937,-1.394874,0.3437609,0.87697655,-0.07349857,3.2000268,-1.5572547,1.4195057,-0.3963008,-2.1897933,1.7340425
-1.0978599,-1.3423446,0.86083,-1.4786597,0.35052747,-0.69511485,0.60933393,0.5945509,-0.54781723,-0.6245924,0.7498636,0.21450146,-0.7271705,3.155816,-0.6188965,-1.2704808,0.43659902,-0.38772815,-0.23089415,0.75786877,-0.7590633,-1.0192152,-0.8278942,0.9084619,1.7395734,-1.5611768,1.3727598,-2.4076543,1.3302445,-0.044721343,-1.3999866,1.8619167
-1.4026341,-1.4715929,0.50838304,-0.0133029595,0.012733534,-1.1419454,0.19047597,0.025427386,-1.3432097,-1.3168949,1.0124112,1.6775817,-1.1061497,2.7501657,0.37304926,-1.0855998,-0.58146596,-1.2207525,-0.67295873,1.5149914,0.029994573,-1.8244839,-1.6298732,1.6994079,1.9400349,-0.47760227,1.2532345,-1.6323092,0.67925894,-1.5249109,-1.8601571,1.2485677
-1.7546238,-2.6745915,1.1824397,-0.36191255,0.53895617,-2.2795212,0.60598904,-0.48698783,-2.3142061,-2.2833536,0.6125343,1.0725257,-1.2908386,5.159384,0.5083594,-1.8918989,-1.2182413,-0.8797555,-0.93826103,1.7150265,-0.9431829,-2.626188,-3.4354815,2.353262,1.7184088,-2.072693,3.3366625,-2.4942846,1.6583865,-1.4889394,-3.2811062,2.1449423
-1.778813,-1.5541371,2.5669136,0.8310565,-1.8220096,1.5663571,2.0219753,2.9656498,-1.7311336,-2.559083,1.6387435,0.9345111,0.4793691,6.4490576,1.0117357,-2.4491215,0.30603528,-0.7756472,-1.5643569,1.6889682,-2.4706779,0.7977177,-3.492152,3.1510992,1.5614576,-0.3047628,0.28417146,-3.0509045,2.963455,-1.4179314,-2.428118,0.8053665
-0.3123923,-1.6280048,0.49771887,0.4272769,0.07289848,0.14653909,0.24953872,1.9536002,-0.7062737,-0.94370925,1.0361215,1.7258073,-0.006701611,2.0858629,0.028839558,-1.1268324,-1.6038208,-0.46673274,-1.4494851,1.0291475,-1.2050358,-1.1571068,-2.8371959,2.0705214,0.27842915,1.0434316,1.8647245,-1.2971618,1.576357,-0.75970787,-1.0422102,1.45442
-1.0940716,-1.5541776,1.8977045,0.12748188,1.1546082,-0.075200096,0.14655173,2.0613015,-1.1658803,-0.6205157,1.3155104,1.3304027,-0.19623998,5.3028145,-1.6143214,-1.5839261,-0.044034004,-1.379112,0.105201036,0.91731125,-0.72235465,-1.9395003,-1.4435369,1.8697335,2.554828,-0.7059521,2.0276127,-2.474207,1.6530555,0.2628458,-3.8854494,2.7654963
-1.310813,-1.6255699,1.9163692,-0.9561908,1.5811503,-0.18416512,1.8131986,0.16025496,-1.0873584,-0.4610216,-0.553377,0.32110316,-0.5716875,4.2201853,0.7315354,-1.4634262,0.6525743,0.37678128,-1.3691298,2.8609908,0.603179,-2.695225,-2.7669153,-0.66357696,0.85042185,-1.697354,2.18438,-2.3443496,1.5919918,0.3191004,-2.5252824,2.0321634
-0.5171836,-2.171975,1.2137493,-1.6442661,1.1997426,-2.1829453,0.57217926,-0.12596944,-1.160867,-1.5532997,0.7700873,1.4774982,-1.4102325,2.7747343,0.59720796,-1.2226589,0.65484685,-1.1435053,-1.257714,1.7260655,-1.0244756,-2.226585,-1.8597808,0.8127029,0.88746774,-0.7915694,2.0371072,-2.5564067,1.2413346,-0.98401254,-1.4052435,2.462821
0.77360165,-3.9716394,1.0386941,-0.14541993,1.6458712,1.1637197,-2.656177,2.1310859,0.68575907,-2.1852937,3.6606774,3.165226,0.33814338,0.5809833,-0.12769313,-0.17695487,0.059963048,-2.0540404,-0.3677668,-0.51002383,-0.68483853,-1.5039939,-2.158477,2.3601868,0.0859976,0.9355445,0.17305335,0.21048994,3.007672,-1.6763223,0.91151255,0.5436057
-0.59118325,-0.88278043,0.17478824,0.18461712,0.8412468,-1.359238,-0.052613594,0.4185934,-1.1585288,-1.0139608,0.17409343,0.7882191,-0.4616448,2.7319489,0.038572505,-1.8192551,-1.7676257,-0.5206214,-0.8323271,0.8336977,0.0582349,-1.725758,-2.3848174,1.6105657,1.0013871,-0.7552385,2.0734038,-2.13535,0.33479592,-0.241115,-2.3932521,1.9875681
-0.6448958,-1.8023605,0.5035708,0.26060927,0.8338089,-1.3376971,0.44753626,-0.23667648,-1.8740551,-0.7865617,-0.025033742,0.6157401,-1.0415027,2.9369478,0.24979118,-1.4835993,-1.6100049,-0.060962494,-0.5567563,0.84714943,0.08233335,-1.9893643,-2.5556772,1.2996786,1.2900333,-1.744006,3.2907586,-1.6616203,1.2108337,-0.36463952,-2.7633798,1.6205883
-1.0127064,-1.4770477,1.5017477,-0.44528353,1.2496037,-1.128913,0.30551264,0.20459265,-1.2516863,-1.1640313,1.0472617,1.5854086,-0.57751733,3.2044032,-0.55584174,-1.0800154,-0.32183117,-1.682729,-0.139241,1.0425503,-0.5579017,-1.6432021,-1.6175377,1.6173273,1.4081724,0.39253294,0.7370007,-1.7389684,-0.22417054,-0.56031424,-2.2489243,2.0668397
-0.3540861,-1.2167473,1.1988746,0.030619185,1.0169256,-1.6853158,-0.6741003,-0.04729944,-0.813897,-0.5425313,1.0960405,0.912558,-0.44962355,2.909746,0.22163737,-1.5053595,-1.9676957,-1.1720285,0.50073415,1.4702226,0.86930066,-2.4635355,-2.384124,0.8979858,1.3914255,-0.8062178,1.1058879,-0.4467352,0.7565456,-1.0117185,-3.1958683,1.4911966
1.912335,-0.010055564,0.71021193,-0.77867925,2.3050165,-3.6903627,0.18974231,-4.4125686,-3.6164443,-2.1315734,-1.0948249,-2.0300405,-3.602039,2.41334,-0.38470745,-2.8810015,-1.256202,-2.224643,1.3532141,-1.6034294,-2.228617,1.215909,-1.373116,1.5758541,0.21308637,0.46362662,2.606556,-1.670931,-3.2181332,1.6906812,-1.2906716,2.902978
2.0440567,-1.5390121,-0.04218644,-0.85220987,2.179882,-3.329387,-0.96775603,-3.362284,-3.0329041,-2.0654888,0.2644298,-0.83053577,-4.3442187,0.55208033,-0.071847096,-2.2917118,-2.4292722,-2.5547879,0.6074768,-1.5024387,-2.9167717,-0.041454747,-1.7782905,2.3323715,-0.17356619,2.4639826,2.4118013,-0.12150656,-1.2798305,-0.27898332,-0.3679649,2.6068027
-0.7047748,-0.33326915,0.5680363,0.008764565,0.51804453,-0.29260147,1.1904143,1.2821671,-1.3674654,-1.1330256,0.5049789,0.41125792,0.053474404,4.503897,0.5733533,-2.089637,0.02596116,-0.24507032,-0.928616,2.7954714,0.7650862,-2.3995748,-2.1147997,0.292307,2.8368201,-2.4845853,3.3907578,-3.133081,1.0758942,0.7508732,-3.7231252,1.2371322
0.7947953,-1.7925239,0.34405923,-0.040599346,1.1621687,0.34230527,-1.2922405,0.8125904,-0.052222997,-0.7372593,1.4973444,1.36082,-0.27509448,-0.10276429,-0.017059103,-0.35029298,-0.53996736,-1.0921601,-0.12408243,-0.32658556,-0.5753281,-0.7580919,-1.2149547,1.2833135,-0.021278605,0.7847136,0.5032603,-0.088122636,1.1342707,-0.49024498,0.16195546,0.5442461
-0.40738547,-3.5347595,1.467925,-0.41707635,0.80725473,0.8936564,-2.5818825,2.1019409,1.012529,-1.5435915,3.298363,3.3354125,0.3291611,1.3397124,-2.3860385,0.14784032,0.18155834,-2.4582746,0.65855885,-1.2207093,-2.0498946,-0.6952168,-1.3826785,2.7203226,1.1246797,0.6813078,0.4403496,-0.15406032,1.8419683,-1.2877338,0.35741466,0.72048473
-0.88970774,-1.354538,0.5440631,-0.1428323,-0.48455834,-0.014112044,0.59422183,0.896698,-1.347203,-0.80974406,1.3590964,1.4802746,-0.6435527,2.2734764,-0.13833825,-1.075855,-0.7948431,-0.6892638,-0.5997482,1.2169079,-1.1191489,-1.2766109,-1.802201,1.6944131,1.7274507,0.30138028,2.1295497,-1.4166199,1.4824169,-1.0317752,-1.5617857,0.7121036
-0.6989655,-1.2306921,1.3460749,-0.6157002,1.6655233,-0.15111212,1.0973363,-0.00950092,-1.8420393,-1.640292,0.8059266,0.9821887,-0.6430246,3.4080572,0.15596616,-1.2728398,0.70486003,-1.2031778,-0.5762464,1.3598108,0.33037677,-1.6166815,-1.7512606,1.3438436,2.3796713,-1.1935924,1.4180188,-3.1155992,-0.6819279,0.7079944,-2.409775,1.5371093
-1.4618726,-1.8431969,-0.08133729,0.420201,0.05615373,-0.9575498,0.88496906,1.3920518,-2.1736076,-1.6292081,0.52700347,2.3588316,-0.94131964,3.3977628,1.5613532,-1.549129,-0.55039304,-1.113216,-1.9789823,2.933282,-0.24534093,-2.3337674,-3.8486345,1.3255161,1.3217169,0.85929036,2.0056906,-3.2788239,0.9567579,-1.6469243,-3.2564492,1.3074894
1.0052654,-0.83737934,0.14223939,-0.75972587,2.7069395,-3.5650926,-0.7877921,-3.6718657,-2.956886,-1.6129245,-0.7378731,-1.014822,-4.2484593,1.1378248,-0.4443847,-2.1178982,-1.6127816,-2.1746008,0.907058,-1.656171,-1.7978042,-0.3758598,-0.6244667,2.0763977,0.6170099,1.0228449,2.3462026,-0.8226615,-1.555987,0.26576102,-1.0122542,3.2383504
-0.30197567,-1.2682455,1.0768448,-1.50435,0.9163596,-1.9585859,1.3926241,0.022425896,-1.2489166,0.36453602,0.23172283,0.043631252,-0.8670868,3.3370945,-1.3141441,-1.706298,-1.9904307,0.11124323,-0.180404,1.922166,-1.260694,-2.5212421,-2.7254927,0.08928253,1.143091,-0.5438757,4.4755692,-1.7715336,0.9597765,0.8488387,-2.9709954,2.2601607
-0.40357852,-1.7339844,2.1848474,-0.75767446,2.4474986,-0.8804126,1.0652797,0.4830048,-0.9213946,-0.9302982,-0.62526405,0.43022683,0.11435094,3.8266542,-0.16706489,-1.3948499,-0.12097229,-0.38794506,-0.70431155,1.6177282,0.29853725,-2.2239265,-3.8374603,-0.16988292,-0.31110713,-0.9108484,1.8267577,-2.3645277,-0.15245718,1.1275446,-2.631657,2.0505493
-0.69513565,-1.2320658,0.59014916,0.8876882,-1.5225983,0.44945577,1.9187276,1.2328479,-2.1631463,-3.5396466,0.43574607,1.0631125,0.10115484,4.8937993,0.9831118,-3.2208164,-0.5960229,-0.3434558,-1.4486219,1.2678324,-3.9445152,1.7043315,-3.0101464,3.279069,-0.499075,1.1347479,1.8781672,-2.2413726,2.1093574,-1.4511197,-0.917768,1.1685289
-1.2690325,-2.6326153,2.9425764,0.6806943,1.011654,-2.0470877,1.61777,1.4866952,-2.5358114,-1.8859429,0.94380885,2.8893101,-0.87690353,7.593524,-0.69611245,-2.0956523,-0.070457116,-1.8887755,-1.2420042,2.3340604,-1.7302768,-2.4435833,-3.722937,2.446109,1.4370219,-0.22171643,3.9563923,-3.1620507,1.3162537,-0.74340475,-4.471551,3.7003925
-0.2425268,-0.9945165,3.32761,-0.80998945,1.3707976,-1.296495,1.978641,2.106405,-1.0642436,-0.4261408,0.7719217,0.70736647,0.21919963,6.9223785,-0.24952711,-2.4237607,0.6142621,-1.0260174,-0.38325125,3.2241046,-0.8716994,-1.5153141,-3.8000023,-0.89140296,0.8840161,-0.7971304,2.5379803,-3.433719,1.3077717,0.7969933,-4.8741746,2.5681338
0.40152964,-0.28901103,2.3053374,0.6673082,-1.5391655,0.6298212,2.660327,2.4987578,-1.6850358,-3.8836148,0.18151164,-0.65116704,1.6596984,7.5704207,0.94234234,-4.6229486,-0.1911163,-0.5376241,-0.7132895,2.0228686,-4.197186,2.3845348,-3.8273113,2.0985076,-1.156154,1.0234363,1.4678785,-2.178364,2.7268343,-0.068810746,-2.3068662,1.0850114
1.6283988,-0.46826425,-0.14346093,-0.45642358,2.4128792,-3.3755653,-0.37214902,-3.7904694,-3.166311,-1.4067703,-0.71938705,-0.59421307,-3.994986,0.96228194,0.049796537,-1.9692802,-1.2685152,-1.7459832,0.4804591,-0.8532121,-1.8342842,-0.5296409,-0.09240733,1.1794103,0.40455553,1.1308655,3.2795742,-0.73665005,-1.4948742,0.36059704,-1.0915853,2.657791
-0.055809252,-1.1984121,0.7967234,-0.6291248,1.2947357,-0.19277541,1.0315832,0.11238492,-1.4686172,-0.5234293,1.4178919,0.9206082,-0.67491275,2.3033288,0.14913003,-1.2541419,-0.67815304,-0.39797485,-0.51136917,1.7970431,-0.29820147,-2.1484857,-1.1906883,0.877702,1.8436781,-0.20771721,2.5783453,-1.489477,1.1992451,0.29416698,-2.216678,1.464146
0.038174752,-1.7211334,2.211555,0.20316248,0.41480815,-2.5958302,0.81914794,1.0763144,-1.3196057,-1.6581866,1.5621651,3.0129986,-0.13959375,5.346768,0.7926493,-1.6457003,-0.23043399,-1.737133,-1.0448327,3.8467405,-0.09868869,-2.397924,-3.978847,0.38708287,0.68663806,-0.34533346,2.8844967,-1.7730108,0.80749726,-1.5276344,-3.9665794,1.5938643
1.1731861,-0.18083426,0.7431726,-0.05214621,3.3663013,-4.3586497,-0.68674153,-4.0852203,-3.800757,-2.0126984,-1.7136151,-1.5295596,-4.9739175,2.9400444,-1.177998,-2.9106193,-1.4335194,-3.0047188,0.98662,-2.4811954,-2.7530634,0.40010104,-0.31828535,2.7487936,0.37964574,1.5632625,2.5391448,-1.6270187,-2.719427,1.3299246,-2.0297122,4.7628493
0.20669778,-1.8088508,3.3793526,-0.6624517,2.5941262,-1.4197607,1.6858772,0.5185249,-1.7631613,-0.4997077,0.06610179,0.1860758,-0.60428476,5.949712,-0.7256909,-2.1698687,-0.33424175,-0.950906,-0.3901754,2.0456269,-0.53210235,-2.3775682,-3.3487427,0.07577576,0.68171513,-1.6510026,4.076487,-2.2511241,0.95793647,1.6401993,-3.743077,3.1940877
-1.9113617,-1.47921,-0.57861817,-0.31216162,-1.0766411,-2.1244977,0.8102583,0.44791976,-2.2290027,-1.5291164,1.7095637,2.5018663,-1.1227083,3.947517,-0.5516634,-1.6749054,-2.5219862,-1.1189346,-0.6848888,2.6330009,-1.2780349,-2.3582425,-3.7023005,2.9549127,2.813393,0.3935816,3.526574,-3.2153242,-0.06942252,-1.2567469,-3.5121617,1.4421377
-0.81026506,-0.93152,0.23762034,0.94555825,0.42801446,-1.6983211,-0.889093,0.44600993,-0.9375466,-0.92804456,0.8126966,1.5815718,-0.7455839,3.0094073,-0.10984145,-1.1719053,-1.2911689,-1.2242289,-0.32162595,0.7973736,0.4613271,-1.9532468,-1.2619212,1.8952857,1.9892926,-1.5036706,2.0633597,-1.370278,0.80036855,-0.7921566,-2.8608265,1.660648
-0.9209339,-1.6885009,1.7007302,-0.3200631,0.50909734,-0.67386794,1.0458231,1.3869761,-0.8541665,-1.184451,1.3546354,2.3035026,-0.096838795,4.212496,-0.42859614,-0.9375104,0.8158028,-1.1260949,-0.67497826,1.6992652,-0.41840562,-1.8457812,-1.5465233,1.3354255,2.133752,-1.0819176,2.2806976,-2.3803697,1.3754088,-0.6651598,-2.5164375,1.613214
-1.2483625,-2.302478,1.7155298,-1.141445,1.6801903,-0.77998203,1.0129495,0.21926175,-1.7075186,-0.55264044,0.571424,1.3377218,-1.0949357,4.5943117,-0.75103545,-1.1590859,0.8089011,-0.51457214,-0.23610553,1.9199997,-0.13915095,-2.9980595,-1.533754,0.668591,2.8230932,-1.4622704,3.1859286,-2.7144706,1.6121634,-0.007866358,-3.6237073,2.763339
-1.2319915,-1.6959167,-0.13469729,0.18408892,0.42591897,-2.2396905,0.014381647,-0.27130806,-1.5820312,-1.8542353,-0.10204962,1.8504922,-1.400408,3.2748244,0.2835347,-1.5027018,-0.6925247,-1.0864861,-1.190323,1.1054914,-0.36236176,-1.8312132,-2.59272,2.0080492,1.0381624,-0.6842793,2.442349,-2.9109414,-0.08374096,-1.2534326,-2.053087,2.033856
0.23484643,-0.73111445,-0.111629486,-0.2868089,1.0421677,-1.8543311,-0.58543545,-1.6415558,-1.9798211,-1.1284297,0.2035495,-0.049131706,-2.63611,0.6385696,0.22656065,-1.2717142,-1.4089327,-1.5264816,-0.14730164,-0.46072754,-1.4585336,-0.41891396,-0.48131153,1.7283552,0.6123656,1.3828288,1.1793993,-0.45129645,-0.32572907,-0.6162339,-0.74181217,1.7136493
-1.2196454,-1.8758658,1.3560765,0.09124876,1.6116283,-0.8188343,0.06880081,1.1923466,-1.2201985,-1.0423967,-0.0535402,0.8649884,-0.47744018,4.048482,-0.460446,-1.750632,-0.8715706,-0.8898634,-0.32464382,0.88163024,0.06158463,-2.5468912,-1.869697,1.745949,1.8607464,-1.0794809,1.8619243,-1.7377887,1.8205054,-0.50156355,-3.1240811,2.7439384
-0.650195,-1.1420846,1.4516689,0.52517086,2.1630456,-0.6608025,0.13108832,0.90471214,-1.3601426,-0.7419126,-0.017483816,0.659506,-0.502542,3.604398,-0.007986814,-1.3786048,-0.3035769,-1.0957518,-0.50279635,0.73179024,0.37836894,-1.9207102,-2.3504589,1.1997998,0.9050097,-0.23154053,0.89211047,-2.2596135,-0.1353145,0.5150339,-3.1819947,2.2661939
-0.69455284,-1.6153486,1.981825,0.23831356,2.2585683,-0.87933975,0.49718484,1.7641718,-1.1691177,-1.7827228,0.79262495,1.946117,-0.47137183,5.755303,-1.053779,-1.908501,1.4009905,-1.4456773,-0.8658284,0.5010059,-0.30178154,-1.985326,-0.9392919,2.4190252,2.2207024,-1.7903042,2.4504778,-4.0389953,0.99046826,0.7599372,-3.4811566,4.022326
-1.4825432,-2.336417,2.1363468,0.01762892,1.9657364,-1.451841,0.96838415,0.038176533,-1.7862636,-1.2099589,-0.45049918,0.4881853,-1.2968806,4.968817,0.089709446,-1.6782963,-0.5996301,-0.64431524,-1.1288152,0.7474269,-0.5093764,-1.9840033,-3.6314871,1.7589269,0.37500364,-1.3561865,1.6352514,-2.9544828,0.9413078,0.028935133,-3.0878458,3.300817
-1.3945749,-2.226064,1.7021315,-0.2854365,0.22778475,-0.46958745,1.2008305,0.50372213,-1.850268,-1.2432928,1.234714,1.6358278,-0.9643611,4.0986323,0.48951292,-1.4717386,-0.61632967,-0.7695713,-0.7881367,2.1319563,-0.7081571,-1.6403977,-3.2547762,1.573968,1.6009388,-0.23610008,2.0914416,-1.9231172,1.7081947,-1.2588078,-2.609669,1.5979749
-1.0812019,-1.3028486,1.5931482,0.1629372,0.39365458,-0.7160301,-0.13423845,1.686703,-0.64874566,-1.0461539,1.6310539,1.7893741,0.0220811,4.2192006,-0.030909225,-1.2789924,-0.31485784,-1.629038,-0.27849978,1.8000233,0.1375265,-1.8451412,-2.565751,1.5605531,2.0288837,-0.9675212,1.128827,-1.8438871,1.2360919,-0.94460213,-3.2020624,1.4521979
-0.6462763,-1.2423857,1.3150127,0.07568228,1.334022,-1.44108,-0.36334625,0.1622195,-1.2566851,-1.0565537,0.8126965,1.3636588,-1.1576849,3.3673155,-0.2655902,-0.9132552,0.52704203,-1.6401365,0.2041213,1.0008183,-0.0205302,-1.7963903,-1.4759896,0.70799315,1.7521278,-0.6431452,1.7116058,-1.8331243,0.6604776,-0.47012028,-3.0336616,1.6048299
-1.3412117,-1.4581875,1.2093759,0.4380204,1.0089679,-0.28657886,-0.24524471,0.7391284,-0.5960028,-0.3643986,0.7636565,1.1524848,-0.3351467,2.9234283,-0.693541,-0.89217234,-1.0434883,-0.5235736,-0.40562892,0.68103105,0.8853217,-2.2999215,-1.901778,1.5686843,1.4975454,-0.8396697,0.993016,-1.1655896,1.0054318,-0.288014,-2.197,1.7256001
-0.19655949,-1.0204618,1.868944,-0.103888735,2.621791,-1.0514873,0.67030275,1.9338926,-1.360918,-1.2285676,-0.11398694,-0.038787127,-0.2009857,5.7949777,-1.1405567,-3.2293885,-1.1378992,-0.6573048,-0.6205137,0.9245185,0.14175023,-2.8616257,-2.7318475,1.8700807,2.1281455,-2.451863,3.7534356,-3.8876202,1.1356219,2.2383614,-4.3282495,4.299798
-0.41888136,-0.72205275,1.7791877,-0.10605937,1.7194064,-1.0750235,0.7211877,-0.32149884,-1.6326666,0.2556474,0.045578204,-0.07365014,-0.8739938,3.6357524,-0.25861323,-1.0878398,-0.25109294,-0.7108951,0.11852361,1.4810396,0.30549335,-1.9167461,-2.2222552,-0.36083177,1.3787489,-0.8884385,2.1384897,-1.534813,-0.3526242,0.8127595,-3.5514107,1.4799334
-0.7816628,-1.794953,1.632862,-1.0042723,0.41726807,-0.9888819,0.76059866,-0.09786092,-0.9005394,-0.116964966,1.1140914,1.2892286,-0.35219204,2.928316,-0.67495847,-0.76488155,-0.6884116,-0.29509008,-0.2062473,2.127148,0.38664353,-2.5570626,-2.6716127,0.23699039,1.481606,-1.070911,2.5324543,-1.1931015,0.42107034,-0.3989085,-1.9100817,0.9542452
-0.3548181,-1.2018744,1.13605,-0.379713,1.2084284,-0.2827273,0.7577677,0.6720532,-1.1438049,-1.2489849,0.9051272,1.2692735,-0.40196663,2.7225208,0.9186402,-0.94446653,0.23716909,-1.267481,-0.88231647,2.2937748,0.109080635,-1.9739283,-2.2616348,0.33293384,1.1269596,0.6193716,0.84820616,-1.603626,0.27021253,-0.5401694,-2.292658,0.8306308
-1.4441855,-1.2645421,0.7780321,0.32137388,0.968217,-0.77602285,-0.10405826,0.24991629,-0.6361023,-0.2752423,-0.21215394,1.3856916,-0.5912177,3.201735,-0.47805464,-0.8145391,0.08833766,-0.25945008,-0.4910643,0.6531994,0.60249436,-1.8176754,-1.1225036,0.8763665,1.1641488,-1.1628065,1.2630911,-1.7310793,0.8436523,-0.6360645,-2.3538108,2.0826032
-1.1355267,-2.0408409,0.74579847,-0.32295698,1.1971505,-2.2976577,0.279107,1.6556937,-1.1759888,-1.1422837,0.28769317,2.3958492,-0.23321164,4.8079967,-0.6257666,-1.7674035,-0.6288471,-1.0278668,-0.709902,1.9523202,-0.9439365,-2.727103,-3.3791037,1.2577417,1.0686747,-0.36882225,3.1766334,-3.7142668,1.2644694,-0.70881945,-4.4565644,3.1891778
-1.2579362,-1.316413,1.9868113,-0.2696615,0.6453388,-1.2943944,0.11076054,0.4825739,-0.97325253,-1.5287436,0.45386532,1.4225769,-0.24933103,4.363118,0.7392822,-0.94334066,1.0521111,-1.8005798,-0.09535312,2.4367597,1.860852,-2.3954067,-3.111418,-0.13610026,2.5081658,-2.299603,1.1415446,-2.692253,-0.37827525,-0.62099713,-3.2921286,0.5473005
1.3267038,-0.44728345,0.3271783,-0.45975834,2.3248746,-2.714113,-0.596374,-3.0719335,-3.203711,-2.278088,-0.8671583,-1.2884198,-4.0027013,1.8177578,-0.6854345,-2.5005786,-1.0881011,-2.518449,0.8208934,-2.2150078,-2.7031639,0.8039998,-0.19432096,2.7368648,0.7372385,1.0809096,2.224909,-1.3720444,-1.8712615,0.97326064,-0.7711327,3.3145728
-1.5723935,-1.7126114,1.2671608,0.5461205,0.45671946,-0.11012398,0.21950197,0.99029106,-0.873631,-0.50122076,0.5188847,1.4551893,-0.6055108,3.396612,-0.9362312,-0.71776605,-0.13665023,-0.63344526,-0.36952633,0.07637845,-0.8198348,-1.0207527,-1.7052145,2.025772,1.128129,-0.22483999,1.6333398,-1.6927955,1.5723023,-0.57908845,-2.0029907,1.873082
1.3521073,-0.07454579,-0.59174365,-0.5722964,1.9515224,-3.382902,-0.73599356,-2.6920192,-3.0137765,-2.4903746,-0.7021946,-1.023956,-3.584054,1.6627805,0.0756675,-2.9780033,-2.0928502,-2.2960417,0.3830198,-1.4687448,-1.8839877,0.3204007,-1.2995691,2.7898226,0.5322583,0.6936085,2.4762492,-2.2802198,-2.2420273,0.8254165,-1.4033898,3.1614337
-0.23369128,-1.7639902,3.7629113,-1.1719655,-0.3752041,-0.5504784,2.6130283,2.2349007,-0.81264496,-0.80788344,1.2540193,0.77975273,1.2741202,6.898489,-1.248419,-2.2350125,-0.77871126,-0.40589392,-0.1537108,3.3428676,-3.1287856,-0.9456651,-5.0586624,0.13605076,-0.25417107,0.12134075,3.5827067,-1.8436106,2.22196,0.14803775,-3.1343994,1.6133012
-0.90315986,-1.5847838,1.3939794,-0.108901024,0.29687908,-1.4733754,0.54956925,1.237233,-1.2696064,-0.53575397,0.4143521,1.4870123,-0.23050496,4.601654,0.44437307,-1.5985249,-0.8849769,-0.38711238,-0.63521016,3.090862,0.19104429,-2.8217022,-4.133231,-0.21614948,1.4126304,-1.0244384,3.3227823,-2.2218544,1.834361,-0.94226295,-4.467858,1.3979003
1.0643613,-1.0408779,0.8290806,0.25990754,0.2878988,-1.2437443,0.24497399,2.3009768,-1.5528837,-2.0875158,1.7867846,2.3822453,0.051893957,3.7024522,0.3333606,-2.0271878,-0.9018825,-2.4463737,-0.70212126,2.609934,-2.4191623,-1.0055561,-4.0811496,1.0942997,-0.28256628,2.8568826,2.0971456,-1.8034657,0.17246252,-0.6685468,-3.1352365,0.98026466
-1.7453561,-2.7860932,2.0754154,0.21707916,1.2647429,-0.8626103,0.95352507,0.04008894,-2.0723336,-0.7687818,0.009392254,1.8882128,-1.0648781,4.48073,0.7812876,-0.45037022,0.9366126,-0.46852332,-0.9341667,1.9999194,0.38581052,-2.4594278,-3.2105427,0.48015222,1.3128684,-0.8025941,2.0564902,-2.4821346,1.4051571,-1.1747857,-3.5688555,1.9190924
-1.5084635,-2.211773,1.4491242,-0.37632936,0.5699094,-1.3217973,-0.07115466,1.4091469,-0.5883014,-0.83350146,0.40260726,2.3556826,-0.9248501,4.4635415,-1.5448192,-0.65144604,1.0360823,-1.3301158,-0.12816486,1.0547414,-0.47256902,-1.4356194,-3.0573971,0.96534204,1.1382848,-0.1700894,1.7016873,-2.9145892,0.45047688,-0.75518966,-2.6504102,2.1096172
0.36353353,-1.5713481,1.8466313,0.28152752,1.3903909,-1.2739108,0.5257482,0.9381183,-1.0327885,-1.0757623,0.30739474,1.5349796,-0.25147134,3.7348304,-1.1253382,-1.5560161,-0.69169784,-1.1082746,-0.45389903,0.7882052,-1.6631637,-1.2924393,-2.249582,1.4195772,-0.2615503,0.47074318,3.2288141,-0.99967575,1.0774869,0.06927504,-2.0743513,2.5692885
-1.0020772,-1.9758868,1.4146966,-0.23590444,0.6590512,-0.68952,0.078751914,0.7378735,-1.1882662,-0.87504065,1.0049958,1.6945225,-0.6016471,3.9905996,-0.6768854,-0.9111925,0.6758936,-1.1371851,0.2515205,0.9797829,-0.48563695,-1.395223,-2.0730083,0.8178128,1.9671701,-1.2385031,2.5978088,-2.281837,1.5127747,-0.65122306,-2.990907,1.2364774
-0.061001845,-4.5122175,1.6256154,-0.32256436,1.3368249,0.8595363,-3.273269,2.6299028,1.1918645,-2.2191315,4.1851883,4.0892925,0.481982,1.364553,-2.5396144,-0.0054084063,-0.214313,-2.9186606,0.5567295,-1.4688897,-2.123139,-1.1783065,-2.3275414,3.5909057,0.8640934,0.9075662,0.62381756,-0.416196,2.287384,-1.683747,0.41107035,1.0407081
-0.88820726,-1.292186,1.3553178,-0.17615066,0.363528,-2.0856793,0.6649279,0.547791,-1.5565213,-0.7866918,0.3421954,1.4516569,-0.84759206,4.132991,0.4163649,-1.6149672,-1.3225687,-1.2618021,-0.7795252,2.636314,-0.62811446,-1.8740988,-3.9594734,0.8362771,0.7585243,0.3848296,2.1651711,-2.437344,-0.030361168,-0.7437153,-3.3770099,1.8351583
0.14093333,-3.3449755,1.442348,0.6918046,1.5686712,0.6955018,-2.5287292,1.8751972,0.2509825,-1.1048462,2.5013542,2.8237975,-0.26079848,0.93876463,-1.1131581,0.007346578,-0.8513426,-2.074175,-0.14472364,-1.1429383,-0.8067619,-1.5689541,-2.178478,2.814209,0.38641584,0.8765867,0.7371564,0.2804822,1.9802848,-1.1633507,-0.3138578,1.1690209
-0.90569085,-1.2803063,0.6362114,-0.13631806,1.6358113,-1.0730596,-0.10822249,0.98871696,-1.3034887,-1.6883693,0.9758323,1.0817772,-0.26302335,3.642041,-0.531883,-2.0750515,-1.3471354,-1.2006505,-0.49639267,0.5538197,0.73959005,-2.3163502,-2.2830496,2.6977265,2.6112382,-1.4927323,1.8092213,-3.3842893,-0.27105227,0.3740826,-3.0938013,2.634999
-1.037309,-1.5679255,1.6204352,-0.4561866,-1.2012169,-1.3112307,0.8778757,2.3070776,-0.6989254,-2.421575,2.8772464,2.6585398,0.8002532,5.5412745,-0.038232595,-2.2468686,-1.050847,-1.8397084,-0.78473175,3.3990457,-1.5067577,-1.7607908,-3.725432,2.0362587,1.7036783,-0.43492648,2.1636245,-2.196024,1.5792669,-1.7758372,-2.7603333,0.98595774
-0.58414996,-1.3058131,0.9235103,-0.7709819,0.8281356,-1.3262084,0.09152549,0.27144396,-0.8014909,-0.63067603,0.9445827,1.908642,-0.77513236,3.4532187,-1.5605578,-0.96870303,0.19444335,-1.1499761,0.24164726,0.9296889,-0.2983205,-1.7675244,-1.0448678,0.88353276,2.0799627,-1.2696449,2.981459,-2.0835495,0.6730355,0.043103136,-2.5210981,1.9680729
-1.4666489,-2.514278,3.637525,-1.2912694,2.3873653,-1.3926219,2.46641,-0.29832932,-1.8891407,-1.7826365,0.04083568,-1.3933959,-0.47966528,6.58737,-0.0015133768,-2.6801894,-0.6530938,0.0075107142,-0.9777164,1.6143928,-0.07587458,-2.7121112,-3.9278162,1.1459086,0.6489415,-3.4503465,2.1291351,-3.0177052,1.3120359,1.3921059,-2.472001,3.1291933
-0.81468475,-1.6375421,1.8364347,-0.2892955,0.5290529,0.2158379,1.7824115,1.10506,-1.1203437,-0.08320038,-0.07442364,0.28124285,-0.331075,4.1142335,0.21546459,-1.321667,-0.13879439,0.36989427,-0.94911236,1.9943199,-1.079001,-1.5154326,-2.8147,0.13248754,0.1944011,-0.31807277,2.2794383,-1.5152231,2.3934112,-0.11067888,-2.3299441,1.6824353
-0.35585788,-1.6980314,0.9124626,-0.48644698,-0.65226245,-0.8319056,1.1089941,1.6268789,-0.9921473,-1.5537761,2.0397053,2.7123778,0.13973936,3.4571185,0.59716475,-1.3766288,-0.39751303,-1.060791,-1.2743653,3.6363463,-1.4024144,-2.266551,-2.5575652,0.79606915,1.1349918,0.71532655,3.0361724,-1.3039863,2.1255858,-1.770521,-1.9912255,0.8549937
-1.2598778,-2.07731,1.542391,0.1255838,0.9695742,-1.4354917,0.4618853,1.2510628,-1.403057,-2.1041899,0.92106056,2.5416558,-0.26363784,5.559475,-0.3220269,-1.5220242,1.0786773,-1.1840929,-0.58642143,2.153882,-0.077711955,-2.4053488,-2.487858,1.2554204,2.0719514,-1.2805191,3.3755713,-3.3261824,1.1711957,-0.5526834,-3.5911396,2.206068
-1.1223158,-1.1914232,-0.15870309,-0.8424426,-0.61014426,-2.0022888,0.16748244,0.34013224,-1.5070475,-2.200178,2.3688133,1.5917364,-0.39728004,3.92034,0.43101496,-1.95477,-1.4740255,-1.6173412,-0.3282795,2.722531,-0.09374352,-2.149396,-3.4321089,2.0291865,2.9802437,-1.332996,1.8701162,-3.2498791,-0.10057505,-1.2049509,-3.5193605,0.50935024
-2.223985,-1.8382924,1.3554893,-1.3962978,-0.28342003,-1.278656,0.25434616,0.5574281,-0.90376556,-0.30006552,1.8444071,1.6467856,-0.8351685,4.1328034,-0.9123693,-0.45563048,0.4825843,-0.8982319,0.38294768,2.130967,0.5338455,-2.124204,-2.3968322,0.40011686,3.362227,-1.5447484,1.438571,-3.0894122,0.8855746,-0.8650132,-3.5001707,0.86872303
-0.79816014,-1.9338994,1.7721906,-0.04388199,1.8848271,-1.2378584,0.5169757,0.12413707,-1.4777619,-0.73445725,0.5588038,1.7909101,-0.78918695,4.527272,-1.5429415,-0.96290386,0.2624779,-1.1901517,-0.11942953,0.56258994,-0.7522379,-1.7545137,-2.0230591,1.5169573,1.0299627,-0.29917976,2.2901127,-2.3775668,0.03992962,0.17461674,-3.1376565,2.9529915
1.0214064,-3.8117998,0.6414833,-0.18480246,1.9921863,0.61469764,-3.348696,2.3737934,0.7175082,-1.6139956,2.5455146,3.2496333,-0.42124167,-0.42371792,-1.3555046,-0.021838173,-0.20426618,-2.3305705,-0.2422252,-1.518247,-1.2175026,-1.5335454,-2.4077387,2.3673964,-0.27168193,1.3902136,1.3999864,-0.49162394,2.2720046,-0.83150905,0.6512976,1.3935634
-0.46219444,-1.7452639,0.6900487,0.55624855,0.7839216,-2.4372842,-0.99112964,1.3250625,-0.14602128,-1.4786655,-0.41576982,1.959166,-0.1945993,4.3323755,-0.090433076,-1.4278368,0.39131474,-0.76495093,-0.42392153,1.1548991,-0.43377316,-1.6124092,-2.3645136,0.33620828,-0.18259168,-1.7033073,2.8785877,-2.2260275,2.3110988,-1.1025132,-3.235467,2.3640826
-1.4867426,-1.488742,1.066916,-1.1744441,0.98340863,-1.6937838,-0.14556795,-0.13117687,-1.0749831,-0.9838748,1.1177739,0.5489783,-0.64239186,2.9326084,-0.84000665,-1.2056328,-1.3737327,-1.6458539,0.75217307,0.82033074,0.7169114,-2.321098,-2.7182412,1.7277476,2.4771767,-0.99666655,0.4506102,-2.2371137,-0.6979383,-0.33226758,-2.8994915,1.2634511
-1.1697195,-1.4893404,1.9462532,-1.1391343,0.5181751,-1.7546513,1.2292134,1.2387731,-0.16337341,-0.38727683,0.033387303,1.5114866,0.059049346,5.3885784,-0.5591219,-1.538292,0.25566176,-0.17929491,-0.23205656,2.9106054,-0.12544502,-1.7402623,-4.3868256,-0.8210499,0.0956805,-1.1325997,1.9577307,-3.3298466,0.7728686,-0.19044687,-3.715155,2.013332
-0.8039843,-1.631736,2.2760558,0.36145318,0.70622253,-0.4469758,0.37801206,1.1467878,-1.2750435,-0.6622645,1.5181062,0.8607221,-0.058902934,4.220311,-0.78728336,-1.4076278,-1.1273594,-1.1443522,0.27524257,0.8240351,-0.8340377,-1.0557655,-3.584057,1.6877629,0.6993379,0.032035407,0.94436,-1.5771608,0.5893015,-0.11721118,-3.016155,1.422618
-0.80511945,-2.5305347,3.581005,-0.33838117,2.4516098,0.13928205,1.0131942,1.5724876,-1.5925972,-0.7748951,0.97024643,0.49252945,-0.13287327,5.620792,-0.868743,-1.7619956,-0.32945138,-1.4233655,-0.33649272,1.6337227,-0.13881685,-2.537173,-4.1917257,1.1978309,1.4290006,-0.8432341,2.054245,-2.1450047,1.0368316,0.8525163,-3.5364425,2.3244224
-0.0033403113,-1.9790205,2.7957292,-1.2222258,2.349982,-1.5257668,0.5834626,0.54535264,-0.74940777,-0.61698526,0.9904049,0.7409355,-0.35482508,5.315266,-2.1567233,-1.9001632,-0.5886121,-0.98172754,0.42112064,1.0893283,-0.30448762,-2.8325775,-1.9201834,0.90454376,1.5088063,-1.9161721,3.5190525,-1.7327646,1.3940629,1.2266167,-3.0334318,3.423906
-0.31425482,-1.1953702,0.8203461,-1.0602038,0.74968827,-1.2516704,0.09550957,1.950007,-0.63024396,-0.98041916,1.3319414,1.9193735,0.0144954845,3.2704914,-1.3898761,-1.8235209,-1.1270858,-1.6376458,-0.4238943,1.3259919,-1.2646965,-1.832333,-1.7026718,1.7276579,1.8891863,0.20606136,2.568913,-2.4383962,0.85014856,-0.32111284,-2.592434,2.4752111
-1.776878,-6.529138,4.470362,-0.30425626,0.70340806,1.3450899,-3.82932,2.4538822,1.2242963,-2.943038,5.391448,5.4667754,0.25343704,4.940825,-6.4335957,0.16451168,0.5966786,-4.608723,2.5650904,-3.3090334,-5.144172,-0.10292548,-2.2431457,5.722456,1.5764474,1.5491544,0.25679383,0.34507006,2.7445934,-2.301458,0.39787316,2.3624878
-0.5631435,-1.0389123,0.38092166,-0.3498215,0.86613166,-0.81444263,0.086763695,1.3502463,-1.0754914,-0.7924589,0.31686002,1.0966566,-0.28939644,3.153027,-0.7298883,-1.7917092,-1.0167553,-0.77011496,-0.109377846,1.1428546,-0.27476072,-1.6616143,-2.153515,1.1362951,1.6028152,-0.18338886,2.2098434,-2.5070488,0.33726513,0.17256644,-2.972662,2.062336
-1.7854556,-2.9232118,1.0926578,-0.42215925,1.0103602,-0.56848866,0.46255466,1.4889151,-0.9249952,-1.4767696,0.29615328,0.741724,-0.15754014,3.6962712,-1.0232706,-1.7314484,-1.4233141,-0.017072909,-0.88044864,-0.021515563,-1.143901,-2.0813773,-2.8248496,2.758246,0.6019316,-0.9052006,1.7734497,-2.39511,2.2663617,-0.29832795,-1.6297374,2.912916
-1.4199966,-1.8724712,0.2783847,0.8946292,-0.3911547,1.0922024,2.0592513,1.2164673,-3.2271328,-2.7740102,0.4332301,0.30731577,-1.266713,3.5119727,2.236043,-2.3331819,-0.36530107,-0.21331036,-2.516758,1.2282846,-1.7504833,-0.50596243,-4.002449,2.905779,1.1909844,-0.00949268,2.2734735,-3.7044878,2.5090396,-0.7246501,-2.0954092,0.7988478
-1.450165,-2.4750788,0.8533792,0.3530674,0.44469923,-1.1879162,0.1655229,0.804202,-1.7465276,-1.0661509,0.42315012,2.961095,-1.6782115,3.0392373,0.57621765,-0.72719896,0.36824656,-1.1698362,-1.5633422,1.8407612,-0.69878423,-2.0525172,-3.527601,1.1249355,1.2371528,0.56874925,2.5329733,-2.90091,1.1914752,-1.8133358,-2.741959,1.9675257
-1.4253685,-2.8994198,1.800478,-1.5096262,1.5696895,-0.061910804,1.0688632,1.5389063,-1.0648938,-0.8213321,1.1690137,1.6780899,-0.44441438,4.23773,-1.5098194,-1.0923022,0.6227044,-0.85376364,-0.29960763,1.0114233,-1.2954752,-2.5459166,-2.1728077,1.6779743,2.2483463,-0.8340668,2.6971881,-3.14495,2.0628781,0.0774243,-2.6460836,2.710549
0.1798462,-0.2549099,2.1633763,1.669127,-1.5463843,1.3248583,2.32407,1.8585936,-2.2212677,-3.3224862,-0.66884804,-1.2392354,1.0226095,7.3463264,1.1616668,-4.180458,-0.069012225,0.03604442,-0.4940697,0.8707756,-3.4298801,3.202797,-4.004572,2.434195,-0.849331,0.029218893,1.1834176,-2.7280986,2.1544428,0.51667506,-2.5638204,1.0351994
-0.8090871,-1.5689191,1.1852288,0.45054477,1.3586884,-0.7593891,0.3992657,1.0314711,-1.6639516,-1.3813124,0.29241955,1.37817,-0.9910083,3.8754632,-0.374241,-1.4911047,0.31489623,-1.3365955,-0.91696554,0.2830285,-1.2514553,-1.4053662,-1.2255584,2.3146002,1.449601,-0.32880294,2.1679761,-2.6093876,0.99630237,-0.12199861,-2.5075781,2.7828844
0.8119071,-0.63699543,1.8266498,1.7133086,-1.308959,1.7002882,1.3499632,3.487557,-1.3838958,-3.9789474,1.4336126,0.46200103,1.4695284,6.788474,0.6565179,-4.445835,-0.5738137,-1.1852574,-1.1508098,1.2834764,-4.248117,1.9272442,-2.3948333,3.763851,-0.17545974,0.69429684,1.6367567,-1.5620334,3.8490338,-0.4785385,-1.9148026,1.4563414
-0.2913995,-0.8838587,-0.28074232,0.8775718,0.6205038,-0.6400499,-0.5181201,1.197278,-1.2056324,-1.640601,0.71888465,1.6698688,-0.369121,2.3702767,0.36929184,-1.2447164,-0.37073407,-1.265527,-0.87928945,1.1560073,0.18365213,-1.9760865,-0.84127676,1.6796254,1.8580716,-0.54352015,2.0897257,-1.4052397,0.84181446,-0.78904754,-2.3175235,1.1097898
0.97500265,-3.878559,0.88026667,0.35575122,2.0616927,1.1354767,-3.3517952,2.3237321,0.8047862,-1.956763,3.1646233,3.2834573,-0.16113356,0.32951492,-0.50212485,-0.18264297,0.048370555,-2.3838089,-0.4421186,-0.8186338,-0.6141158,-1.8329792,-2.0889595,2.2666998,-0.20813277,1.3546143,0.7057332,0.44017446,3.142609,-1.4938207,0.6795228,1.0612305
-1.1259809,-2.9564166,2.8305454,-1.2863128,2.170874,-0.48166803,0.57588595,0.68405527,-0.79262555,-0.76176935,1.4057387,0.17288569,-0.63196194,4.415328,-1.4720266,-1.47991,-0.5934148,-0.67185104,-0.08987976,0.6053646,-0.66497654,-2.7013884,-2.1778486,1.6305296,1.6012031,-2.0636218,2.0064542,-1.5111881,2.4977326,0.5116392,-1.6865488,2.733221
-1.4514941,-1.9057202,0.8018149,-0.7883963,1.1882498,-1.0478275,0.03373515,0.34846774,-0.7680106,-0.70717597,0.7866338,0.73072493,-0.5691158,3.2080543,-0.3523941,-1.3840181,-1.2668953,-0.6185335,-0.2616614,0.990609,0.43310472,-2.5898583,-2.8351188,1.4211366,1.4955657,-1.2414063,1.1441317,-2.3142688,1.31515,-0.5968906,-2.7013538,1.9196953
-0.9367438,-1.0468689,-0.26604185,-0.38103127,-0.7059773,-1.0456793,0.631629,0.70856035,-1.057641,-0.7237902,1.2600497,1.1366075,-0.5382889,2.0166554,0.2593424,-1.2471945,-1.8363711,-0.4528823,-0.8056974,1.9864365,-0.6816107,-1.8642516,-1.8826991,1.5380647,2.1239169,-0.35848737,2.582192,-1.4561039,1.1255611,-1.041895,-1.821623,0.7597306
-0.24851197,-1.6194046,-0.33714744,0.32048365,0.48862273,-1.9258727,-0.8256068,0.68597376,-1.1697999,-2.2423642,-0.31146526,1.5301578,-0.79475135,1.95995,1.5335913,-1.630115,-1.0100348,-1.1202271,-1.416675,1.3218231,-0.3324638,-1.3557442,-3.6733644,1.2643869,-0.48928273,0.38023874,1.4945703,-2.2889197,0.61422,-1.588582,-1.5248106,1.666198
-1.311266,-1.24856,-0.016262218,-0.571827,-0.49780965,-1.5037326,0.49922532,-0.007106057,-1.4054575,-0.10326882,0.49644744,0.8945159,-1.308391,2.3612795,0.8588406,-0.956039,-0.9058372,-0.084769286,-0.57498944,2.1696246,-0.6759703,-1.7728859,-1.6770762,0.3154692,1.7923961,-0.64075416,2.3980415,-1.4450089,1.991078,-1.5484574,-2.7387729,1.1732106
-0.9287258,-1.184846,2.9084496,0.64753926,0.82477885,-2.4044805,0.26859817,2.361626,-0.5551283,-1.6627471,-0.3445583,1.399076,0.043482848,7.712041,-1.1944193,-3.1874046,-0.8552527,-1.5848453,-0.75767744,1.1256152,-2.2467766,-0.6828139,-3.6451263,2.1642268,-0.47228026,-0.80868435,2.4044363,-2.779231,1.6207788,-0.46569926,-3.6067271,4.35346
-0.45674133,-1.6850321,0.98899186,0.2020945,2.3749645,-0.8835756,0.9862249,0.5393363,-2.2826574,-1.1784649,-0.6408001,1.0533817,-1.342402,3.6837049,0.8417219,-1.1520696,0.92038405,-1.1612712,-1.4245398,1.8396734,0.172658,-2.5944371,-3.1422918,0.2572604,0.8856255,-0.17491752,2.9406455,-3.3297522,-0.060359366,0.5043297,-3.516669,1.939797
-0.75437236,-0.9296465,1.9504886,0.42637473,-0.29089704,0.21264043,0.7178413,2.4033606,-1.0048078,-1.5248507,1.4400462,0.8348239,0.21943209,4.502038,0.39904755,-1.967789,-0.05188416,-1.211713,-0.6916208,0.94901454,-1.5029397,-0.043967135,-1.9534662,2.2632332,1.5296742,-0.44056615,0.47769678,-2.3187087,2.2265003,-0.7512112,-2.6604466,1.662968
-0.4700695,-1.3938576,2.0649917,-0.6378356,0.2719087,-1.9039254,0.74432975,-0.42356527,-0.7603624,-0.64595723,1.1779047,1.4793825,-0.22471902,4.172899,-0.12896465,-0.8980028,0.2643843,-0.7673159,0.38339394,2.1170914,-0.029094001,-1.539146,-1.8475341,-0.13988826,0.8824283,-1.0539435,1.6147435,-1.035129,0.70222867,-1.1634328,-2.670868,1.23449
0.22599153,-0.26784948,1.547468,1.5397829,-1.2357497,1.1120639,1.5199704,2.3023195,-1.74695,-4.0102253,0.38662502,-0.44013536,1.2044741,5.962471,1.8488404,-3.9293408,-0.7135416,-0.7284713,-1.3141723,1.4527898,-2.5790489,1.7244095,-3.4467478,3.1176693,-0.42714393,0.18417476,0.65627193,-1.9856105,2.2733266,-0.5345984,-1.7705922,0.6990793
0.6874289,-1.6434537,2.1123638,2.025098,-0.8549305,1.3878065,0.089465186,3.786272,-1.3706617,-4.635684,1.6430594,1.4716774,1.1018713,7.2752867,0.7934984,-3.9052453,0.68725425,-2.0355408,-1.5817077,0.49836814,-4.615436,1.9563911,-2.3897269,4.5285244,-0.58200127,0.6951332,0.94167006,-1.5817083,4.6111073,-1.9929937,-1.7853533,2.0950701
-1.2526658,-1.8100401,1.2953196,-0.40129924,1.1581717,-1.1288537,-0.4600804,1.0553048,-0.9461428,-1.2393346,1.7561373,2.6614156,-0.6470792,4.0023065,-0.22204678,-0.62858087,0.8739383,-2.1179898,-0.611089,2.2582502,0.28666177,-2.825564,-1.7517623,0.974141,2.8234608,-0.90967655,1.999491,-2.60048,0.72416407,-0.85015833,-3.3730571,1.4880782
-0.035573088,-2.1352174,0.98540026,-0.23653115,1.648886,-1.1994975,-0.11424822,1.9907312,-0.6155716,-1.3483123,1.4591918,3.111951,0.111008696,3.8210697,-1.4608487,-1.5196145,-0.1843867,-1.6126316,-0.68409884,1.2959815,-1.4232341,-2.3431406,-1.6136813,1.781396,1.0673571,0.24831867,3.3028803,-2.2285104,1.4643586,-0.3904686,-2.6951976,2.9485962
-2.262624,-1.7952648,0.9890306,0.24439102,-0.4213925,-0.73945016,0.4126522,0.85518104,-1.6863081,-1.0955427,0.7904786,1.396815,-0.9029684,4.3256664,0.52960753,-1.4227319,-0.81570745,-0.5827238,-0.6432796,1.6029471,-0.1370084,-1.4265393,-3.3257093,1.7310648,2.10103,-0.92670155,1.4036051,-3.2081113,1.6040221,-1.2456017,-3.4697766,1.6554378
-0.5582362,-2.3768396,2.7015877,-0.67652106,1.3461449,-0.35023862,1.6821667,0.9835565,-0.816766,-0.49333388,0.70301616,0.7609493,0.021405451,4.3193326,0.30061787,-1.1680049,0.0099954605,-0.4044972,-0.98174566,2.0380797,-0.43860638,-2.0716803,-2.8266275,0.2686774,0.29068428,-1.0445185,1.5196924,-1.0872991,2.0115807,-0.4625035,-2.0342,1.7456166
-0.72747624,-0.8405698,0.1694333,0.2045563,1.2827401,-1.0498677,0.3285728,0.566716,-1.0330769,-1.3390661,-0.21926174,0.69605327,-0.7555551,3.1787488,0.79481494,-1.5327847,0.06255373,-0.4487493,-1.5137017,1.3086331,0.6434523,-2.1854737,-1.2472155,1.1127489,1.4400631,-1.8493084,2.3019414,-2.537987,1.1592003,0.1948632,-2.261558,2.0305707
-0.7592496,-1.2837583,0.28101403,-0.1173031,0.5675038,-1.9555238,-0.82167965,0.34169847,-0.80721545,-1.2719458,0.9390418,1.5066319,-0.5810734,3.719877,-0.6753634,-1.8013942,-1.0509484,-1.1904815,0.07964395,0.78707033,0.32910788,-2.047308,-1.6084863,1.8243479,1.891735,-1.9115243,2.186891,-2.0975995,0.9197437,-0.8454896,-2.9805746,2.17761
0.23335783,-1.117394,-0.21903262,-0.3555169,0.8798694,-2.1606743,-1.1660397,0.9789326,-0.15930153,-1.5298628,-0.13459557,0.8014095,0.5892138,2.8327742,-0.49116796,-3.086164,-3.5966778,-0.3787195,-0.4201091,0.7135616,-0.21825637,-1.5493938,-4.467426,1.4803636,-0.48401135,-1.0823381,2.8983314,-2.3807688,0.47683287,0.02782173,-2.7787356,2.4727895
0.31005606,-0.7123979,2.712192,0.88572615,-1.0481558,0.70893216,2.2169576,2.3517454,-2.8397753,-4.540801,1.2419232,-0.7555879,0.02082897,7.6856313,1.6390293,-4.480649,-0.22648203,-1.7497369,-1.9455861,1.1257057,-4.7513447,1.5866517,-2.661679,4.376324,0.43900135,0.053054735,1.1988411,-2.7988145,3.040297,-0.42012304,-1.9800053,2.3074205
-1.4482938,-2.4418929,0.2717791,0.9719907,0.57639754,-1.0741422,0.05807239,0.8690037,-1.8166866,-1.8283015,-0.07416035,1.6859115,-1.2367896,3.6070316,-0.4632436,-1.2446785,-0.35503346,-0.6864322,-1.3396666,-0.42627284,-1.5675838,-1.0052303,-2.0893645,2.951772,0.66364473,-0.38268125,2.630918,-2.716297,1.6690334,-0.71798635,-1.8748535,2.7591422
-0.8036001,-0.86017174,1.7471453,1.3600943,-1.282762,1.8210511,2.011197,3.0922673,-1.5595154,-3.3128972,0.6350923,-0.0734033,1.303019,6.1615806,1.4985915,-3.3601196,-0.38942116,-0.03308919,-1.4991485,1.7336947,-1.9296288,0.59379935,-3.210509,2.8877833,0.62003964,-0.82143503,0.95769334,-2.162384,3.4537895,-0.7637952,-2.2711349,0.79332626
-0.37483734,-1.1975497,-0.96899354,0.102534056,-1.3831589,-1.243253,0.20768368,2.3144736,-1.3293532,-2.3988166,2.314227,2.8190703,-0.19939923,2.8348167,1.1849602,-2.0137057,-1.1105473,-1.4994978,-1.5837859,2.97323,-1.7680475,-1.2217796,-2.8240683,1.997954,1.808187,0.8537215,2.8682497,-2.5617316,1.8366117,-2.2506092,-2.466653,0.49098852
-0.8634469,-2.0573435,1.7007349,-0.08755785,1.9770975,0.21659814,0.39269832,1.637299,-1.736386,-0.9435158,0.7949622,0.2125366,-0.39624557,3.8962681,0.07988583,-1.9896489,-1.5013329,-1.0496439,-0.7944748,1.3113326,-0.34286752,-2.6639392,-3.305924,1.8774265,1.6247617,-0.44905785,2.1194437,-1.9789398,1.6948801,0.36960593,-3.0164642,2.0567517
-0.75259703,-2.2811208,1.7054025,-0.87339246,1.5289102,-1.155172,0.65371823,1.0497172,-1.2354838,-1.5809306,1.13955,1.1827424,-0.13087137,4.746953,-0.93982524,-2.112386,-0.75511754,-1.1592098,-0.1783829,1.2410825,-0.91767466,-2.2473733,-3.2011878,1.8352445,1.6601261,-1.1909784,2.558617,-2.8610744,0.9603763,-0.030219624,-3.2325401,2.6420481
-0.98421365,-1.5072464,1.0866699,-0.87709624,-0.15717146,-2.088915,0.009571165,-0.11888744,-1.1399318,-0.6061321,1.7849717,2.079431,-0.8398409,3.9172785,-0.70265377,-1.0785888,-1.2297063,-1.5686319,0.27823442,2.3123338,-0.5110731,-2.0445986,-2.9252079,1.0365087,1.6971222,-0.10863007,2.0057502,-1.5302366,0.2889191,-1.1940755,-3.2099202,1.2040675
-0.3447443,-0.93384457,0.021667287,-0.6660312,0.38259605,-1.3451216,-0.4084407,0.46379519,-0.73522687,-0.92910063,1.2800742,1.9500605,-0.24183974,2.4007952,0.56510603,-0.74853075,0.439754,-1.2895564,-0.068353556,2.6292531,0.22547652,-2.0659676,-1.8023956,-0.41409478,1.8520004,-0.26963627,1.8684435,-2.0102656,0.6434134,-1.2319064,-3.111871,0.26389107
-0.8210302,-1.9108213,1.6031723,1.0042456,0.7081449,-0.38643467,1.5145297,1.445737,-1.7752061,-1.2230467,-0.34287947,1.4070747,-0.46247244,4.3560567,0.11071869,-1.6495795,-1.0013797,-0.050306782,-1.7544154,1.5052164,-1.4770286,-1.457215,-4.8607907,1.763382,-0.32792115,0.38509434,3.3564718,-2.8079572,1.0713726,0.12688524,-2.6357698,2.006619
-0.8995861,-2.1812036,0.45450357,0.39909482,1.3701572,-2.4896886,-0.15828031,0.47114986,-0.9528098,-1.3143381,-0.5640031,1.9348304,-0.7417603,3.6265585,-0.6626213,-1.4280368,-0.63720286,-0.35454625,-1.0221889,1.035442,-0.047452755,-2.6020503,-3.1061876,1.1048319,-0.050612472,-1.21476,3.9626534,-2.5610816,1.088309,-0.587418,-2.5090644,2.6989465
-0.5124174,-0.9785537,0.23222849,-0.037234664,-0.038313925,-0.9243923,0.6293025,-0.086612694,-1.5259467,-1.2123672,1.5829397,1.6318098,-0.7474873,2.8774128,0.54444313,-1.389232,-1.1960433,-0.5389132,-0.9865978,2.4618797,-0.060632296,-2.2249467,-1.7355694,1.423578,2.195816,-0.82290065,2.8795083,-1.4870683,0.98024976,-0.952601,-2.263897,1.0043665
-1.3280281,-0.93979996,0.96242887,-0.0676516,1.5534279,-1.8722992,0.28958,0.95502967,-1.4783252,-1.5084659,-0.6693671,0.16845012,-0.87844074,5.00139,0.30984384,-2.4355004,-0.65654474,-1.0446098,-0.6796278,1.2230684,0.51570135,-2.0123014,-3.337947,1.4377964,1.4096437,-1.7326938,1.5404524,-3.9407842,0.123532414,0.5229847,-3.931917,2.8876448
-0.76442474,-1.8925358,1.8144472,0.2798265,2.2606852,0.9278041,-0.09025886,1.5913262,-0.9280642,-0.2054598,0.7485643,1.4135731,-0.57303905,3.6020231,-1.5293229,-0.7816441,1.0332099,-1.0342481,-0.26896828,0.3698125,-0.37999237,-2.1741283,-0.85809314,1.1598147,2.001665,-0.3098938,2.6952322,-1.9362991,1.8258592,0.8338041,-2.4761086,2.2437751
-0.8082459,-1.7433939,0.44089165,0.35460782,1.5149331,-1.9439178,-0.61066496,0.27842087,-0.805665,-0.6994151,-0.036096364,1.7856807,-0.75874263,2.7883081,-0.11460693,-0.9595137,-1.324175,-0.8608887,-0.8218875,1.2991368,0.4636873,-3.224409,-1.7777013,0.981148,1.0237998,-0.8155149,2.7693717,-1.0515482,1.2945831,-0.9875882,-2.8836834,2.2886076
1.8444778,-0.77431387,1.0167539,-1.2889383,2.772676,-4.006774,-0.73881316,-4.670703,-3.2259398,-2.122675,-1.231364,-2.0698328,-4.749504,2.1622493,-1.5087379,-2.8584766,-1.7454967,-2.9159038,1.7939271,-2.3108737,-3.546711,0.7951344,-0.8056025,2.0904875,-0.010005556,2.0117755,2.4358559,-0.32370615,-2.1344182,0.9539463,-0.4345981,3.765284
-1.6666925,-2.3186672,0.92059815,1.3363179,1.6411033,-0.68539447,0.35044104,1.2626164,-2.3332798,-1.5430194,-0.38623297,0.49772325,-1.172762,4.754264,-0.65844876,-2.008815,-1.2155921,-0.5205733,-1.3970895,-0.8714754,-1.4319998,-1.193089,-2.5951512,3.6550078,1.2651758,-1.2686576,2.754988,-3.600143,1.4249065,0.32520127,-3.1508684,3.5510292
0.97811466,-0.72316945,-0.42191988,-0.6132356,2.0752475,-2.6451192,-0.509959,-2.2010238,-2.6750457,-1.4228355,-0.13119695,-0.43408734,-3.3472083,0.7738134,0.05128336,-1.8948644,-1.6197962,-1.7752112,0.118065685,-1.0724247,-1.6030822,-0.4909635,-0.45493183,2.2612507,0.86952865,1.0698752,2.1314325,-1.2905356,-1.0381588,0.14489876,-1.2118078,2.7909408
-0.54101163,-2.2124796,2.1826963,-1.2230644,1.556462,-1.0270401,1.71596,0.65266156,-1.3282783,-0.027651832,1.1141964,1.8524824,-0.5700369,4.260218,-0.3450662,-0.95346504,0.02601868,-0.7585865,-0.77765465,3.4124157,-0.4103034,-3.410421,-3.67524,-0.36934963,1.0652206,0.3251862,2.930589,-1.9437642,0.7962137,-0.18698138,-3.537533,1.6441641
-0.8306324,-1.9529513,1.9476173,-0.066149384,0.8593626,-0.8132542,0.67687315,1.8709893,-1.042633,-0.64513487,1.9004654,1.5968385,-0.21783039,4.059336,-0.41989994,-1.2557493,-1.4654554,-1.4287782,-1.0642614,1.858141,-1.2319628,-2.0549164,-3.3210664,2.0814338,0.80574733,1.0613934,1.1198076,-1.6211389,0.7815698,-0.5262532,-2.5654726,1.9554453
-1.2169904,-2.637354,2.9416356,-0.95512795,0.9581214,0.2819194,0.9648817,1.440697,-0.85522413,-0.08874115,2.3428946,2.5112805,-0.0066637844,5.0924244,-1.7043655,-0.47349438,0.7209696,-1.3754357,0.28607225,2.3030622,-1.0606164,-2.5335765,-2.295688,0.55379903,2.222266,0.18091902,2.3795953,-1.59147,2.0204923,-0.4965698,-3.7027178,1.5762943
0.2170933,-1.6628675,1.3479956,-0.79024386,1.5482235,-2.3797553,0.39713404,0.98816204,-0.95685697,-1.7838539,0.41827047,2.377245,-0.67727023,4.073948,-0.56118655,-1.3980994,0.6082075,-2.0057518,-0.66364086,2.2152925,-1.5909781,-2.042646,-2.6826305,0.43758562,0.076969504,0.887247,3.007747,-2.4056513,0.05296448,-0.34593585,-2.4530923,2.3327503
0.5951304,-1.8802242,0.42215624,0.036161777,1.177429,0.21225579,-1.7710295,0.8594153,0.3048044,-0.51691186,1.3181847,1.6137949,-0.23319045,-0.2822896,-0.6365109,-0.017820597,-0.54213417,-1.027902,-0.0965757,-0.73054445,-0.249606,-0.89849126,-1.3278152,1.1001415,0.054297544,0.33395067,0.6691617,-0.23732977,0.86419976,-0.27046686,0.20054577,0.57063305
0.28426924,-1.3233639,1.0359185,0.5398209,1.5799909,-0.51557374,-0.24003428,0.5426067,-1.0651599,-1.7449754,0.99426425,0.9984897,-0.3891107,3.308894,-0.21944498,-1.7461367,-0.24870244,-1.1169751,-0.5232015,0.1697937,-0.7984487,-1.2474625,-1.0741081,1.9520463,0.843649,-1.1196225,2.255347,-1.4181588,1.4056939,0.058960333,-1.6935893,2.242223
-1.0988942,-2.0019374,1.8631645,-0.89314145,1.053777,0.616297,1.6471401,0.9454344,-1.3333137,-0.8445333,0.82861775,1.2629342,-0.4287624,3.3590024,0.3361442,-0.967418,0.44825727,-0.3827724,-0.63045835,2.6876037,0.51113904,-2.5183437,-3.2655118,0.21550149,2.276559,-0.7296239,2.4107118,-2.4326928,1.190021,0.053609103,-2.4968443,0.66621494
-1.373532,-1.7731247,0.2732519,0.6265923,1.9640696,-1.3723332,-0.20519876,0.8557442,-1.88077,-1.2099795,-0.9606756,1.940847,-1.7551813,4.6131506,-0.43943357,-1.3728149,0.72092384,-0.9456456,-1.4993913,0.73183095,0.55464745,-2.5361729,-2.6577806,1.7200413,1.854169,-1.682899,3.2536948,-4.730177,0.22828528,0.4419718,-3.9590101,3.5668032
0.9878554,-2.6401365,0.14095771,0.03286603,1.2901168,0.6518099,-2.1070144,1.6782812,0.58678985,-1.4986392,2.220575,2.5890183,0.20345733,-0.13312578,0.07721907,-0.2386646,0.40096557,-1.4432153,-0.5625072,-0.22717232,-0.22658792,-1.1999784,-1.7264217,1.292403,-0.3133816,0.5573981,0.6143646,-0.37021512,1.647565,-0.97684664,0.6952619,0.33238512
-0.44924045,-1.2002596,0.93637526,-1.4646251,0.21400794,-2.2673397,0.556731,0.8561785,-0.7339262,-1.5085286,1.4889908,1.7360885,-0.23858303,4.446216,-1.1775558,-1.8637325,-0.19282573,-1.4885633,-0.18357602,2.1370032,-0.9801886,-1.8968738,-1.7450141,1.1518359,2.0260384,-1.4664588,2.9888887,-2.6081412,0.5274595,-0.34965745,-2.5662744,1.892689
-0.8568392,-1.0334204,-0.023209155,-0.23997484,-0.40964538,-0.8151655,0.22929913,0.9236476,-1.2323112,-1.6217784,1.5001757,0.80812943,-0.2502264,2.6198087,-0.34436107,-1.7121544,-1.8489122,-1.1560336,-0.44077396,0.8045839,-1.0902327,-1.1668702,-1.3717614,2.5620039,2.081945,-0.5827712,1.7019386,-1.40782,0.99984246,-0.6757918,-1.6626754,0.96847034
-0.32539472,-1.1949241,1.8533759,0.31052032,1.9585135,0.015527087,0.5438614,0.23971887,-1.618996,-1.1691675,0.7772784,0.864599,-0.6046031,3.750119,0.17503719,-1.1000189,1.5540471,-0.94409263,-0.5257096,0.88488513,0.082074836,-1.3420489,-0.94875515,0.7401118,1.4404981,-0.8597275,1.9093901,-2.4401357,0.5956544,0.69848806,-2.3580968,1.7692399
-0.95369583,-1.9737184,2.0067236,0.10042042,1.020302,0.4310469,0.6378511,1.4246626,-1.3389362,-0.80021614,1.3228618,1.916121,-0.20443183,3.6437473,-0.63934386,-0.4732899,0.60274786,-1.5339404,-0.088434726,1.4982883,-0.41755027,-2.004593,-2.103374,1.0891271,1.849318,0.5189102,1.7617346,-1.410905,0.9991295,-0.35505152,-2.7106173,1.0455967
1.2176318,-2.9797807,0.6046466,0.01589518,2.244264,0.13418494,-2.6351972,1.2444658,0.20357054,-0.8699534,1.8774817,2.0645542,-0.6291463,-0.3295749,-0.22323625,-0.0073814765,-0.4731395,-1.6855724,-0.345271,-0.9553655,-0.4938413,-1.5823991,-2.286368,1.4641708,-0.3911662,0.72259814,1.0911038,-0.38224202,1.6836474,-0.49856997,-0.05864253,1.1227132
-0.5764129,-1.0287114,1.6854888,1.2809072,1.5653129,0.5850146,0.42995855,1.0481673,-1.7587496,-1.0004123,-0.07960096,0.8355054,-0.9163545,3.6120167,0.5548915,-0.87665176,1.256306,-1.1523433,-0.741107,0.6238276,0.12769622,-0.9081578,-1.2137126,1.0612237,1.1891541,0.14261311,0.90350866,-1.7728288,0.5356531,0.21518631,-2.4615927,1.622215
-0.8009339,-1.732711,2.0687954,-0.10896675,0.8516892,-0.31160334,1.524214,0.8063869,-2.035794,-2.44473,0.56129146,0.05635138,-1.0012447,5.231998,-0.6126199,-2.7782521,-0.6253096,-1.0566047,-1.0434964,0.19525433,-3.272884,-0.5074605,-1.4281276,3.3242567,0.94897354,-0.3074036,2.5001595,-1.8916366,2.5500085,-0.09539551,-1.3283148,3.4179716
-0.04557851,-1.6077442,0.89452124,0.05810025,1.0060501,-1.619918,1.1038421,1.5568509,-1.5669957,-1.556186,-0.022148132,1.5773084,-0.36139247,4.6791325,-0.39392573,-2.611228,-1.3203274,-0.8378318,-1.7504939,1.7657878,-1.52734,-1.970544,-3.200545,1.806011,0.01811982,-0.037071824,3.5780172,-2.6622963,1.0420753,-0.22297958,-2.8052812,3.2371075
-0.8200227,-2.1131556,0.73413765,0.39983886,1.0966353,-1.0155897,-0.75347567,1.0142845,-1.0354749,-0.76218784,0.9929397,2.3125672,-0.4069233,3.585794,-1.3692757,-0.9643355,-0.54297996,-1.1475345,0.116311654,0.40262923,0.39671063,-2.2943254,-2.1588194,1.7550268,2.0440235,-1.1557223,2.4344723,-1.9909508,0.664802,-0.6925336,-3.3948402,1.7824832
-0.6621263,-1.8782058,1.8133806,0.0062323287,-0.19455513,-1.1447568,0.46952444,2.5469937,-1.0663484,-1.9162996,2.092636,2.5800414,0.41972655,4.9116583,-0.69401884,-2.198638,-1.221527,-2.0106237,-0.68205005,1.8935019,-2.6859503,-1.299152,-3.0170627,2.6621249,0.8343973,1.1515523,2.1972764,-1.7662965,1.8906857,-1.6947551,-2.6994278,2.0995336
-1.9955837,-2.4201922,3.3560185,-1.0757794,-0.43649298,-0.59893227,0.6693575,0.63253933,-0.6341598,-0.3281251,2.8803198,2.4118803,-0.52769494,5.8646684,-2.8215456,-0.73362404,0.38557684,-1.4907635,1.0715265,1.3393126,-1.4048518,-1.5270141,-1.5207047,1.745538,3.2351794,-1.3560777,2.2714252,-1.5099251,1.5220523,-0.9138351,-2.6308467,1.7614856
-0.881984,-2.374865,1.2557162,-1.3034348,1.0587095,-0.97776526,0.100531355,0.95504713,-0.07092029,-1.0309825,0.9897461,2.022615,0.10237088,3.0727892,-1.0495783,-0.73024476,-0.09319672,-0.88390726,0.18986402,1.7766472,0.1074954,-2.6283753,-2.609823,0.5619088,1.2611017,-0.358326,1.6429945,-1.4225438,0.9603713,-0.8310674,-1.9955875,1.4507577
-1.5692924,-1.5352006,-0.061115503,-0.19902574,-0.61512786,-2.827275,0.27487034,0.5441272,-2.2595627,-2.912247,1.052141,1.8026981,-1.0248498,5.0385795,0.5036806,-2.71736,-1.8722297,-2.0244322,-0.7144383,2.0581858,-1.4636881,-1.4662819,-3.6148474,3.0683494,2.239144,-0.92149013,2.4343352,-3.64042,0.22096938,-1.8697695,-3.6532001,2.0267904
-0.5885991,-1.7253002,2.4571252,-1.4457946,1.5919886,-0.6290488,1.2263665,0.20426585,-1.0330476,-0.21370074,0.535207,0.9382847,-0.36019814,3.7100885,-0.6502872,-0.91842014,0.5562573,-1.0701597,0.23478825,2.1547587,-0.10570186,-2.1693885,-2.140427,-0.54996836,1.5067449,-0.23095733,2.0170884,-1.4006386,0.7438473,-0.038135663,-2.526496,1.3499483
-0.7991902,-1.4679542,2.3211718,0.36918217,1.6541781,-1.6987711,1.2417439,0.09053912,-1.62111,-0.60595113,-1.3753401,0.10983624,-1.2019019,5.7084394,-0.27278614,-1.8124601,0.49136442,-0.1808502,-0.6069864,1.4262464,-0.59508395,-1.66998,-2.968036,-0.13296252,-0.10054404,-1.2201558,3.1761897,-2.252112,1.3308655,0.3710386,-3.4173117,3.0291815
-0.53428257,-1.8912901,1.9465371,0.16351222,2.0408106,-0.79824394,0.022842962,1.2645088,-1.0858604,-1.1726642,0.06674459,0.8533626,-0.3020202,4.347691,-0.7870634,-2.1116138,-1.4622141,-1.0174766,-0.36655647,0.6908145,0.04027073,-2.1875658,-3.9205928,1.8629892,0.9334241,-0.88162047,2.5587623,-2.5706565,0.86472964,0.6088308,-3.1450121,2.8064425
-1.0665613,-1.3936162,0.30485773,-0.5468321,0.3876984,-2.287494,0.3851496,0.008716121,-1.5595696,-0.51016307,1.0709515,2.1186686,-1.483833,3.6798143,-0.67931616,-1.1545087,-0.9940354,-1.0589206,-0.7008672,2.1869917,-0.61423886,-2.7716491,-1.7235706,1.4760377,2.3579829,-0.52201015,3.633582,-2.3446383,0.5980139,-0.68804497,-3.181526,2.3195832
-1.80463,-1.2939185,0.03454168,1.1853582,0.026733875,-1.3396524,0.034044642,0.13137415,-1.5532115,-0.8548615,-0.5013017,1.9835736,-1.672843,3.0992148,0.18330516,-0.6973169,0.10285264,-0.32464826,-1.463756,0.7885896,-0.18915078,-1.533127,-1.6329648,1.749597,1.5899698,-0.9861896,2.6252737,-2.6180093,0.9965575,-1.1642213,-2.3985755,2.0818589
-1.0697763,-0.9962909,1.9826287,-0.8035918,-0.4569857,-1.6672934,0.78348315,0.34441203,-0.9835168,0.10562081,1.1837322,1.120546,-0.781369,4.7885184,-1.5209848,-1.2342641,-0.9048419,-1.1669968,0.73934776,1.9844737,-1.7304931,-1.1845849,-1.8252529,0.75153184,1.9496437,-0.40681693,2.6136305,-1.0854412,1.0318042,-0.5681681,-3.0339868,1.722287
-1.6013817,-2.2538753,0.85090756,0.21622817,1.4034581,-1.4040828,-0.6692125,0.07356186,-0.70579994,-0.5504472,-0.49648887,1.6299118,-1.4176702,2.6031637,-0.41677707,-0.4725085,-0.29224497,-0.657885,-0.68576884,0.093266755,0.1502441,-2.0223117,-2.2173722,1.309422,0.6092234,-0.46884277,1.2006462,-1.9166515,0.8598379,-1.0889505,-2.1175516,2.6588783
-0.45884946,-1.4224087,0.697113,-0.43885797,-0.4754498,0.0070439307,1.2779645,0.86346227,-1.7245265,-2.747689,2.095815,1.1874211,-0.6116747,3.1345506,1.5811242,-2.0291085,0.16562298,-1.1718775,-1.564957,1.6591626,-2.3504152,-0.15121351,-1.6683838,2.3092442,1.0991064,0.18763119,1.2059789,-2.1454751,2.5099864,-1.5619988,-1.0137119,1.1113933
0.19406496,-4.032231,0.9590365,-0.6898271,0.87257,0.7919062,-2.8293757,2.1892884,1.0922768,-2.2310286,4.1174994,3.7593026,0.36631748,0.7601424,-1.8580205,0.026923187,-0.086696096,-2.5225945,0.36761707,-1.0044552,-1.9769914,-0.7342514,-2.044323,3.2059405,0.9234417,0.70737946,0.63987076,-0.6006231,1.8880255,-1.5066812,0.98708886,0.58828604
-0.85666317,-1.9383577,0.7546879,-0.65543044,0.8716576,-1.182821,0.43526772,1.1499195,-1.3866307,-2.1789312,1.8336942,2.1372705,-0.33461946,4.0638833,0.46446943,-1.820968,-0.03104727,-1.5073736,-0.9417534,2.0548894,-0.20033388,-2.4223242,-1.948794,1.9571185,2.6102355,-1.4200047,2.266578,-3.066694,1.3937916,-0.88201493,-2.9429104,2.020813
0.08314945,-1.1932677,2.2277098,0.9988661,2.1795185,-0.63775396,0.734416,1.580752,-2.040592,-0.58840954,0.36393732,1.6066021,-0.6829303,5.0589194,-0.82678044,-1.6045321,-0.008800894,-1.6761836,-0.79642856,1.3620154,-0.26113743,-2.261344,-2.8758528,1.2085395,1.7919481,-0.31501138,3.6037364,-2.7781541,-0.18451211,1.399325,-4.48529,2.6023078
-0.14806083,-1.4187078,1.3400731,-0.14787458,-0.68364614,0.9982033,1.2613012,2.092061,-0.6752858,-3.1024344,0.87932545,0.75687784,0.9968791,4.552667,-0.5642465,-2.8443937,0.2254239,-0.23253919,-0.763105,0.832895,-3.0246997,0.8529247,-1.9533125,2.7323794,-0.346197,-0.031462684,1.7209798,-1.7645434,2.747841,-0.30316037,-0.3836808,1.4620496
-0.45349392,-2.339218,1.454992,0.5843607,2.1985202,0.34782502,-0.26313087,1.2774336,-1.0093994,-0.51859885,0.8732505,1.3679899,-0.03436058,2.8231785,-0.61237305,-1.0734102,-0.9594861,-0.47693837,-0.4942515,0.44286454,0.73601764,-2.6495605,-2.5033147,1.4292775,1.2178773,-0.82472324,2.1623921,-1.3877723,1.6061964,0.25168687,-2.8423743,1.9424049
0.60547996,-1.5374572,0.6975214,-0.25646782,2.5503404,-2.345424,-1.0377582,-2.332348,-2.908642,-1.6761574,0.09088768,-0.91554487,-3.8223999,1.7097833,-1.5789225,-2.2226462,-2.384586,-2.6294563,0.8253065,-2.6946795,-3.13138,-0.2898196,-0.0075773224,3.7604938,0.95699817,1.8263211,2.0752296,-0.14174558,-0.27274114,0.28045395,-0.7774455,3.7460918
-0.69978285,-1.0771518,1.2273605,-0.03970264,-0.42797923,-0.60377085,0.43872353,1.0719041,-1.3423612,-1.5858343,2.0730753,1.6992556,-0.22407162,3.6588016,-0.72521263,-1.5483396,-0.998344,-1.614916,-0.17341882,1.3839564,-1.47043,-1.0463349,-1.5521843,2.2627301,2.3464508,0.17157713,2.2329412,-1.3614432,1.0474482,-1.045132,-2.043453,1.1110966
1.5855018,-0.7350226,0.048405588,0.0080293715,1.6780105,-2.066358,-0.69681,-2.0528176,-2.7155955,-1.6970806,0.27588856,-0.56374186,-2.8158534,1.0409515,-0.11005382,-2.219355,-1.8567961,-2.2795558,0.35097986,-1.4765157,-2.2288158,0.5691887,-1.0781132,2.4529786,0.28890136,1.4997965,1.8551759,-0.6684875,-1.3381759,0.3935351,-0.76839566,2.2745163
-1.4064032,-2.105691,0.7744662,0.20114762,2.1794474,-0.5073165,-0.10951235,1.4497257,-1.1126015,-1.6140075,0.11189658,1.0903991,-0.44971597,3.802071,-0.7694251,-1.866939,-0.52667665,-0.67795247,-1.0585421,-0.15629348,0.2325995,-2.421628,-2.3208225,2.6345358,1.43863,-1.0574197,1.704805,-3.4365373,1.0471781,0.13376556,-2.7916224,3.3338032
-1.0311532,-0.59695107,1.8910909,-0.018512994,0.13044477,-2.2833428,0.30370086,0.18126284,-1.004973,-0.8591934,-0.19594216,0.75950384,-0.739083,4.793888,0.30305445,-1.8125447,-1.1236929,-1.0975753,-0.4191727,2.3346875,-0.35843563,-1.4073706,-3.1641345,0.3368989,0.63230044,-0.6101733,1.7900969,-1.6087626,0.35846555,-0.5883434,-3.1276073,2.1368861
1.3211702,-0.9394524,2.2435136,-1.6295072,-1.2657218,1.6865269,-0.25273195,-0.7963528,-0.12600207,-0.4748822,2.120974,-0.2533279,1.6054808,1.4275165,-2.1649182,-0.24641055,0.66932636,-0.3083772,2.624694,-0.13378876,-1.653656,2.3487468,-1.449829,-0.37405393,-0.014244981,-0.0030101463,-0.7614467,0.17215818,-0.5052985,0.767258,0.58271,-1.3503323
-1.271189,-1.9977523,-0.20697767,0.18519819,0.57922053,-1.1229182,0.71874994,0.47440356,-2.1221728,-1.6904666,0.4756985,2.5417004,-1.3336622,3.4071598,0.36234677,-1.2249497,0.3288446,-0.731489,-1.4285722,1.3371187,-0.87666184,-1.9618422,-1.9144138,2.1281126,1.8113749,-0.21122861,3.1488535,-3.3953989,1.034649,-1.564821,-2.9255319,2.2741623
-1.4921855,-2.1869817,-0.0387249,-0.2868322,0.38299385,-2.1097963,0.36593443,1.0929974,-1.0199653,-1.7309076,-0.5322341,1.7219568,-1.0689007,4.5843735,-0.74278396,-1.8733906,0.035818398,-0.26120567,-1.381143,0.6064263,-1.3650086,-1.5474195,-2.6803327,2.0799398,0.26233298,-1.628868,3.254208,-3.9266045,1.516853,-0.51638055,-2.4374576,3.1383703
-0.779307,-0.632525,1.2943318,-0.09217805,1.33255,-3.2809103,-0.10686115,0.32336435,-0.9752785,-1.4924487,0.106545545,0.25591674,-0.44850266,6.061755,-0.50015074,-2.9864836,-1.7207655,-0.980234,0.092886046,1.5875336,0.6215659,-2.6420991,-1.7450361,1.4291943,1.7186613,-3.2654786,2.5084343,-2.4275239,0.9880451,0.27305397,-4.4312053,3.6242232
-1.2369884,-2.2240896,1.6853054,0.8303739,1.8790417,-1.741157,-0.042660855,-0.0895661,-2.4329674,-2.1181293,0.21124873,1.7737056,-1.182098,5.865196,-0.8967851,-2.1888564,-0.25057283,-1.1514481,-0.07290257,-0.04920862,0.38412854,-1.5741149,-2.6774228,2.8913658,1.9841622,-2.4565315,3.0659714,-3.8478065,0.3554119,0.07238781,-4.2789464,3.5975065
-0.8221925,-1.4551936,1.9940878,0.96449876,-0.28420642,0.5539969,2.6494641,1.668401,-2.2221346,-2.9666233,0.16932204,0.31909156,0.02567736,5.5667615,0.8498376,-3.0075638,-1.0288287,-0.57261,-1.921861,1.4053969,-2.794017,0.0077657998,-3.807836,3.5164406,-0.058823682,-0.16393474,2.043112,-2.3440063,1.8324234,-0.2052113,-1.4216379,1.8751523
1.7281821,0.26707232,-0.36369145,0.20697092,2.431483,-2.9753048,-0.5249645,-2.9826062,-3.3210812,-1.9000494,-1.4376112,-1.5370547,-3.7683327,1.4024973,0.486445,-2.610276,-0.88145775,-1.983911,0.30893856,-1.6945484,-1.7404866,0.8873608,-0.6907215,1.7938299,-0.025582448,0.8426341,2.207337,-1.7759651,-2.3090036,1.1392156,-1.3396707,2.864106
-0.97984105,-1.3738263,2.6313329,-0.029108837,0.6726473,-1.0683231,1.4257275,-0.0018873046,-1.4855182,-1.0322315,-0.1313267,0.68640906,-1.0292499,5.7705708,0.2507072,-1.3406161,1.7681713,-0.73856354,-0.42390275,1.7112377,-0.85195297,-0.76372564,-1.8013618,0.06537483,1.1563001,-2.1018023,2.5411525,-2.0506744,1.609522,-0.3551269,-2.7725704,1.9873435
-0.8803457,-1.5142459,0.2947546,-0.17225046,-0.091589704,-0.5896378,0.13027737,1.0968088,-0.542358,-1.2711167,0.6960511,1.3832076,0.04661224,3.1408303,-0.7491687,-1.8369547,-1.5584334,-0.01906494,-0.7671627,0.6198674,-1.1827768,-1.3129579,-2.032699,2.3354676,0.54085267,-0.5263418,2.2059946,-1.7463347,1.8624195,-0.8719683,-1.4878942,1.9979929
-0.83128273,-1.1892638,0.43928754,0.8030727,-0.9879239,-0.4463556,-0.091759644,2.4529617,-0.8110112,-2.749657,1.595417,1.0699121,0.2740932,3.972741,1.2671776,-2.6858075,-1.1151474,-0.94466317,-1.467401,1.04329,-1.2653229,-0.2263606,-2.5742168,3.21887,0.72323394,-0.61724,0.48078012,-2.3004966,2.8930836,-1.9496313,-2.0623608,1.5063239
-1.1229116,-1.2963105,0.9067551,0.41055876,-0.13951871,-1.1580578,0.4906858,2.2711692,-0.78383887,-1.6504656,0.6142783,1.9065583,0.2554313,4.8277564,0.52879906,-1.8594074,-0.32715768,-0.7494442,-1.131516,2.1722143,-0.0963987,-1.6453748,-3.3385093,1.4716847,0.99920076,-1.0438216,2.0643394,-2.9174936,1.7546158,-1.225633,-3.3678153,1.6138445
-0.074189305,-0.5550483,0.5638462,0.27966017,0.7878118,-1.6643475,-0.12413942,-0.090355605,-0.89030707,-0.36524153,0.032939784,0.89297014,-0.46484882,2.3596034,0.042690307,-1.454971,-1.8387198,-0.77551395,-0.36880553,1.1493992,-0.06426461,-1.3556083,-2.3925285,0.6328099,-0.08202738,0.06136329,1.66431,-0.84054875,-0.22197041,-0.13025306,-2.10702,1.7797965
-1.1240466,-2.2766926,1.3487203,1.0017035,1.5858939,-0.43262762,-0.50424653,1.9670496,-0.9455372,-2.140649,0.9348227,2.1713283,0.064537816,4.3207817,-1.1360953,-1.624636,-0.71180487,-1.3867913,-0.6432826,-0.38793892,0.13753548,-1.9068725,-2.7383368,3.5880132,1.5863228,-1.2757956,2.2071302,-3.163562,1.1362056,0.10561757,-2.7734427,2.9744985
-1.0374606,-2.0653355,2.2100368,-1.1265368,0.7415438,0.4534552,0.99670255,1.1230536,-1.1472964,-0.5363003,2.283817,1.0895822,-0.53625715,3.4693336,-1.0301435,-0.7671297,0.56865215,-1.2238598,-0.08212528,1.2824254,-1.0870659,-1.7388963,-1.3509786,1.3701738,2.931718,-0.7735076,1.95661,-1.9293754,1.5812232,0.20414098,-1.8515258,1.1769086
1.5157548,-0.88979113,0.5336272,-0.5526027,1.7115886,-2.704816,-1.0760915,-3.2414298,-2.720411,-1.4781618,-0.2913892,-0.6552145,-3.8074715,0.78170747,-0.44326586,-1.5809256,-1.2574267,-2.4641767,0.96906346,-1.5593488,-2.5643985,0.5602317,-0.6727011,1.6931927,0.20446664,1.9127854,2.07078,-0.017966941,-1.5361565,-0.13073574,-0.30769435,2.157085
-0.64568806,-0.82057106,0.22285755,-0.106812,0.3967509,-0.07908298,0.42572433,0.9957605,-0.6298574,-1.0700623,-0.14509335,0.6239494,-0.1288327,2.6483529,0.09948962,-1.2707396,-0.16189888,-0.2606923,-0.5366635,1.1354802,0.08489381,-1.6799213,-1.2964733,0.74513006,1.4886657,-1.0707669,2.315982,-1.6656072,1.2816113,-0.03134267,-1.7001716,1.0603154
-0.12580165,-1.1188815,1.1108829,-0.5451967,1.2282557,-0.9389743,0.50632364,1.1357414,-0.7424822,-0.43045944,1.3465374,1.4252613,0.06901287,3.512204,-0.4923463,-1.7222539,-0.7646868,-0.8321232,-0.10365861,1.9122531,0.05453913,-2.132752,-2.4425035,0.59967136,1.7943599,-1.2420754,2.8382077,-2.5285876,0.87062806,0.40637168,-3.5265908,1.8657552
1.3832967,-0.9133915,3.2497969,-1.077901,-1.8072317,1.9165316,0.0896506,-1.135442,-0.8705343,-0.09657313,2.4535713,-0.92552376,1.1310276,2.2403514,-3.0057144,-0.52610004,0.21505654,-0.48201472,3.3241282,-0.87999636,-2.6530595,3.2963963,-1.4825734,0.5766815,-0.053892575,0.69844174,-0.75391114,0.8787822,-0.74216723,1.2362037,0.53501284,-1.329946
-0.39168,-1.4166893,0.54022086,-0.3905251,0.8433633,-2.8797185,0.13969025,-0.1586778,-1.8409555,-1.9669447,1.4361947,1.923088,-0.7823926,4.1119657,-0.060372815,-1.7882227,-0.91130805,-2.3491638,-0.27589935,1.7902508,-0.28876072,-1.9116613,-2.898942,1.81624,1.8894055,-1.1371557,2.3747163,-2.9758344,-1.2249254,-0.7859463,-3.223863,1.6764742
-1.0912298,-0.8217458,-0.59145385,-0.4789042,-0.38085765,-2.2308745,-0.9187417,-0.1943823,-0.93169606,-0.98991764,1.8919889,1.8553382,-0.9498853,2.113783,-0.19329359,-0.7247068,-0.8684517,-1.6078286,0.29223144,1.8774081,0.565226,-2.3160465,-1.493729,1.2205471,3.2184775,-0.92714924,2.0734887,-1.8138182,-0.09346206,-1.3231182,-2.9190493,0.4766824
-1.2034267,-1.8116316,2.560389,-0.010479793,1.2308762,-0.019266099,0.47424686,1.1470578,-1.2522194,-0.10696173,-0.092445,0.73588085,-0.23526669,4.5089464,-1.0379921,-1.0013266,-0.498244,-1.0128862,0.3168168,1.6575884,0.15533344,-2.0526037,-4.024536,0.24810198,1.6398758,-0.43562213,2.2718349,-1.725576,0.19482823,0.61624223,-3.6538582,1.1481663
-1.4494413,-1.4975462,1.7808794,-0.078433275,0.5140362,-0.8842895,0.3944996,2.461212,-1.1024108,-1.6773072,1.0247393,0.83706534,0.60243857,6.820555,-1.441339,-3.246114,-1.3560734,-0.8209536,0.3077265,0.9991207,-1.0438092,-1.3884063,-2.9693244,2.694303,1.7983047,-1.7544142,1.8603374,-3.5770686,2.3810039,0.046756968,-4.617137,3.5076869
-1.1840653,-0.81615806,-1.1485898,-0.37647957,-1.3346841,-2.1127005,-0.21883714,0.5782813,-1.589546,-2.4967883,1.428517,1.494683,-0.39806408,2.7257311,1.056162,-2.4643087,-2.604528,-1.2047023,-0.6747557,2.261128,-0.5359943,-1.5329654,-3.021451,2.5664382,2.7397895,-1.1937963,2.3548799,-2.5230844,0.7607447,-2.0046542,-2.9069054,0.63238966
-1.7763898,-2.3164976,0.12224276,-1.0503899,1.1179962,-1.2347115,0.25132248,0.79025245,-0.89566886,-0.79649836,0.2946175,1.7430906,-0.7664173,3.663164,-1.7380184,-0.73461646,0.44906312,-0.29165608,-0.4527253,0.17511521,-0.16209388,-2.2406535,-1.46374,1.7299459,1.901053,-1.4313354,2.3647006,-3.7763975,0.86852264,0.15196131,-2.6066134,2.969877
-0.42301452,-1.6716703,1.5273751,-1.0051584,0.5083537,-2.8358414,-0.50494444,0.028352326,-0.20631517,-1.8731897,0.7738754,1.4491287,-0.025336802,4.452042,-1.6651304,-1.6918845,-1.2675303,-1.6811285,1.0253544,1.043562,-0.69213915,-1.7064048,-3.2301567,1.5436732,0.39236006,-1.0660925,2.148668,-1.4161043,-0.30477276,-0.6539899,-2.4478607,1.8023102
1.5593901,-2.8975406,0.016977325,0.22976992,1.9486039,0.555745,-3.3269,2.022583,0.63709116,-1.2612138,2.3388672,2.495411,-0.14813156,-0.7868541,-0.6823873,-0.6478468,-1.3279313,-1.6981533,-0.25820518,-1.2617404,-0.93531007,-1.2334796,-2.9399083,2.2780418,-0.4816141,1.3608992,1.4190702,-0.7613137,1.7475396,-0.5890404,0.30080634,0.9825226
-0.7448277,-1.1416925,0.29603225,0.95050347,-0.4084571,-0.7310431,0.31832275,0.97617024,-1.5544871,-1.7019343,1.2437888,1.8729333,-0.694897,3.2402143,0.8108798,-1.4169343,-0.83616626,-1.1942365,-1.2384644,1.1860214,-1.0783403,-0.50426495,-2.456047,2.3980644,0.87827444,0.15844938,1.7102804,-1.8762233,1.013002,-1.4335487,-2.032775,1.0990449
-1.2391615,-1.0833839,1.0013381,-0.099182814,0.3928723,-0.21206717,0.72857296,0.52117896,-1.0395854,-1.1510798,0.9949118,0.6417137,-0.2681091,3.1635103,0.64260584,-1.0913032,-0.05314356,-0.7116061,-0.7544922,1.5432423,0.5859762,-1.5798104,-1.5530765,1.1174839,1.9660547,-1.2725711,0.62081265,-1.894027,0.83344907,-0.59123385,-1.8736777,0.77088225
-0.8974411,-1.8353187,0.9198466,0.3464347,0.22090125,0.0053340048,0.60578156,0.6937242,-1.532342,-0.43366462,0.28941715,1.353799,-0.81581837,2.9323497,0.19801271,-0.7925083,-0.37481654,-0.059638023,-0.7046276,1.1940254,-0.449717,-1.3776249,-2.8735945,1.1362684,0.9184872,-0.0013286397,2.3563123,-1.8424041,1.7350272,-0.66388327,-2.3729038,1.2784897
-0.5779698,-1.3356547,1.6970937,-0.48882002,1.1152618,-1.4538541,-0.075805016,0.33258918,-0.48120546,-0.90414023,1.0542932,2.022719,0.08754253,3.7191741,-0.6175463,-0.8845931,0.08370373,-1.282281,0.13095707,1.8792517,0.17211257,-2.0571787,-2.2951846,0.326147,1.0632836,-0.20084935,1.4888994,-1.8031472,0.21264693,-0.5723388,-2.8950307,1.6243
-0.6653359,-1.6795833,1.5870333,-0.09972067,1.1233408,-0.098239645,0.9383755,1.6046453,-1.9484837,-0.96264815,1.4822822,1.9279073,-0.9126427,5.0416393,-0.059608683,-1.4529873,0.40020442,-1.5923716,-1.0593193,3.178665,-0.4475208,-3.0908837,-2.5241184,0.83540225,3.2471838,-0.5632715,3.8798351,-2.6661234,1.2844806,0.08081454,-3.8336945,1.7150743
-0.0958187,-2.3313806,1.2907457,-0.5512298,1.8311455,-0.67223376,-0.22607124,0.54907835,-0.8008672,-1.4591069,1.5786091,2.1841338,-0.33320376,2.1578555,0.31976116,-0.26819396,0.96486557,-1.6648802,-0.26177287,1.5813855,0.34035125,-2.3219898,-2.0907454,0.26274064,0.9915689,0.06309913,1.0345109,-1.473992,0.51999104,-0.91779745,-1.9525237,0.8237947
-0.38418815,-1.6932557,1.907775,0.15191224,1.6637866,-1.0817007,0.046079148,0.678485,-0.6952386,-0.4277513,0.46753097,1.9593321,-0.7860216,3.5647013,-0.620156,-0.46521935,0.78660816,-1.2842066,-0.58151406,1.4114503,0.796225,-2.4563336,-2.081421,0.3465227,1.4603828,-1.2252828,2.3878162,-1.7318918,0.3587345,0.0061186943,-2.6957507,1.8438774
-0.096218586,-1.1427287,1.9831047,-1.6340034,1.034714,-0.017002895,1.4476513,1.0237001,-0.7974218,0.022701494,1.6789111,1.2117195,-0.39427117,3.6818361,-0.9893686,-0.74081326,1.1099919,-1.098393,0.14538375,2.732513,-0.4425015,-2.2040555,-1.7194315,-0.59586287,2.7869065,-0.79468673,3.1321423,-2.3136485,0.84107244,0.8889934,-3.061183,0.87530994
-0.73016626,-1.9623429,1.773155,1.4972733,1.3570776,-4.3647513,-0.77044386,-0.62917465,-2.1638055,-2.361728,-0.32211277,3.0530183,-1.2770306,6.412537,-0.9462423,-1.9841999,-0.5666301,-2.1953688,0.042748712,0.9686822,0.43205497,-2.1240203,-3.873766,2.0637867,0.8986239,-2.1390634,4.2806773,-3.0811043,-0.78866893,-0.7903361,-4.74529,3.4411376
-0.13610142,-0.59922165,2.7807155,1.7349334,-0.640826,1.8286505,2.2272103,2.0187528,-3.2224226,-3.2857468,0.6618349,-0.95084655,-0.28468713,7.5400796,1.1872927,-3.871277,0.4745612,-0.9667731,-1.2386233,0.51638764,-4.2760644,2.4585168,-2.657933,3.7723815,0.08797612,1.2554597,1.095366,-2.7290971,2.8593507,0.1338623,-2.8062565,1.8580259
-0.3023297,-1.2880448,1.5642695,0.11108883,0.73546535,-1.6812792,-0.17904237,1.0825663,-0.3769933,-1.2274933,1.0616412,2.1242206,0.6240059,4.084513,-0.14967294,-1.4285548,-0.49883285,-1.570827,0.049502,2.234706,0.48444426,-1.9126855,-2.8398712,0.4574946,0.85166436,-0.48408875,0.85931706,-1.3102347,0.108542904,-1.275394,-3.1457977,1.457497
0.16127619,-1.2851973,1.3251895,-0.2517166,1.5856316,-0.15390672,0.18493703,1.1710067,-0.48196048,-0.67438424,0.13166887,0.8865929,-0.12634891,2.4294052,-0.1148759,-1.0889037,0.051587626,-0.6504261,-0.26213926,1.0245916,0.32548907,-1.9816647,-1.4624912,0.29166472,0.9276059,-0.84502536,2.2873023,-1.0379835,1.4019492,0.3405088,-1.868535,1.4931271
-0.96453494,-1.517596,1.1328543,0.13454965,1.316927,-0.99159795,-0.14350218,0.62027925,-1.7340862,-0.692256,1.2295493,1.4616882,-1.4050483,3.01287,0.35389,-1.0292099,-0.86824876,-1.864933,-0.7702805,1.8385068,0.3045809,-2.6707609,-2.665778,1.5084178,2.1646423,0.4607768,1.2370871,-1.8254222,0.017818883,-0.5510087,-3.1460161,1.685455
-0.36086652,-1.5169412,1.9050196,-0.32102984,2.2841475,-0.8801118,0.18959975,0.58511084,-0.74311614,0.013580531,0.3045637,0.5680356,-0.29380882,2.9331589,-1.0081618,-1.2320312,-0.66264856,-0.68891853,-0.14642274,0.54585063,0.16501647,-2.4208999,-1.8496754,0.6165184,1.0346183,-1.1293133,1.7955109,-1.3572267,0.73798865,0.64610577,-2.5800364,2.2862346
-0.5307672,-0.8964825,1.2108437,-0.075406075,1.0064971,-0.68068135,-0.05501642,0.72232616,-0.96615326,-0.55430484,0.34933406,0.739854,-0.5385839,2.7700849,0.023342043,-1.3099282,-0.5232136,-1.275549,-0.15492508,1.3054119,-0.19891849,-1.4537745,-2.0130315,0.509915,1.411067,-0.13459802,1.3959273,-1.3068093,0.48352668,-0.42031896,-2.5937395,1.2743447
-1.5860116,-2.88655,3.660111,-1.5947418,2.0293536,-0.9571779,1.116277,0.6847799,-0.6726022,-0.16950008,0.033291176,0.46051526,-0.12739453,5.378414,-1.9729168,-1.2055069,0.09728441,-0.34505698,0.35793138,0.9863547,0.1285446,-2.3294103,-3.460259,0.28577918,0.91700363,-2.0831025,1.4103516,-2.3833923,1.1174251,0.70822394,-3.0003226,2.996492
-0.8204526,-2.2383578,1.1246405,-0.1556918,1.7341332,-0.8302863,0.06834489,0.58774465,-0.65287757,-0.63568944,-0.16200298,0.68187445,-0.22672065,2.4063106,0.26481426,-1.0854806,-1.64295,0.048018903,-0.6093754,1.2574685,0.96921855,-2.7946656,-4.0091267,0.63428485,0.12255891,-0.8691053,1.6159486,-1.4838156,1.2198546,-0.15893112,-2.3017957,1.571971
-1.2965885,-0.6381055,0.7889016,-0.19498248,0.8952406,-1.8835827,0.2779653,0.19225514,-1.1552494,-1.2786723,-0.3174868,0.4127255,-1.103726,4.3092203,-0.26662695,-1.7215499,0.2981931,-1.0868688,-0.47545302,1.3298941,0.07253797,-1.5746337,-1.3760355,0.8151721,1.3747653,-1.3126208,1.6024046,-2.683913,0.12003512,0.086425744,-2.6526802,2.1467166
-1.3556038,-2.390991,1.038081,-0.9196517,1.4422255,-1.7860111,-0.32024327,0.923466,-0.34186673,-0.6064991,0.8493881,2.01657,-0.53265125,3.0638285,-2.4753687,-0.7135209,-0.80113226,-1.2487414,-0.30347106,-0.34492266,-1.1143801,-1.8739476,-1.6113567,2.4710987,1.0912448,-0.4917666,1.6993659,-2.3889446,0.34660837,-0.20262001,-1.7769359,3.197151
-0.2996566,-1.8622528,2.4766817,-1.5347877,1.267451,-1.0943165,0.36250412,2.2323596,0.19655493,-0.67829025,1.2786324,0.5570633,0.7652965,5.069987,-1.063782,-2.3763673,-0.64109516,-0.8081068,0.08917159,1.881541,-0.39481276,-2.143378,-3.2332332,0.2103677,1.0146224,-2.0616724,1.9689511,-2.3586447,2.2804525,0.24479319,-3.0994956,2.5794427
-0.24392411,-1.1169578,1.5314008,0.33513826,1.9290249,-0.50378126,-0.634986,1.8037426,-0.7239169,-0.5229226,0.60727954,0.9520283,-0.20748703,3.1633353,-0.6614508,-1.3811564,-1.1692483,-1.6563812,-0.1479884,0.7914485,0.2659534,-1.9334402,-2.66728,1.2736808,1.3495824,0.07575683,1.617094,-1.5809761,0.36178198,0.5822324,-3.0333972,1.9833173
-0.9331749,-2.5273414,2.3156605,-0.4692818,1.2400458,-1.5373642,1.4026359,0.15532771,-1.291474,0.24241474,0.80475146,2.6758242,-1.3592396,4.646904,-0.89969605,-0.2062891,1.2866471,-0.625021,-0.9669891,2.7516437,-0.5157988,-3.01796,-1.8864834,-0.49578318,0.99399805,-0.115197815,3.6338465,-1.5105026,1.6784376,-0.74689436,-2.9114738,2.3262045
-0.97035694,-1.2966173,0.48636606,0.84991264,0.57677585,-0.097096965,0.21298811,3.0116456,-1.3546124,-1.8261561,1.053633,1.968962,0.41476214,4.431956,-0.28973693,-2.033473,-1.0703197,-1.3172766,-1.1099224,1.5061617,-1.1420114,-1.6486758,-2.9886184,2.657705,1.6944718,0.32204935,2.3640609,-3.2565167,1.4244671,-0.23986828,-3.582344,2.0833836
-0.34347168,-1.8062054,0.39120638,-0.73156875,0.6201203,-2.4034214,0.36708546,0.9984495,-1.3432819,-1.4573295,0.8248615,1.9609507,-0.62019986,4.496954,-0.044525236,-2.0471394,-0.7497124,-0.7591297,-0.91853756,2.2976832,-0.86891234,-2.6584346,-2.5470173,1.2787449,1.6608211,-1.4842962,4.378361,-3.1481028,1.8283464,-0.7511236,-3.6586337,2.7585328
-1.258183,-2.0093844,-0.025730759,-0.58844215,0.4322885,-2.0939388,-1.0152011,0.5228645,-0.91010416,-1.2555721,1.2291867,1.8107488,-0.64395106,2.8800116,0.23478921,-1.4801303,-1.6816896,-1.0456425,-0.23142645,1.9040229,0.91615254,-2.9062648,-3.1312807,1.3403323,2.148805,-1.4130514,1.647173,-2.0184395,1.2274263,-1.5220928,-3.542956,1.6205447
-1.4151064,-1.547719,0.5661638,0.30493003,0.30074012,-1.7675651,-0.42570084,1.0172687,-1.247435,-1.364064,1.1179146,2.0620902,-0.92961615,3.8996441,0.0706259,-1.5392369,-0.7542413,-1.3687984,-0.9917199,1.8315517,0.07290985,-2.4354584,-1.6507994,1.8201972,2.1591854,-1.1048839,1.9293786,-1.8732176,1.5553427,-1.5656106,-3.0106483,2.2148278
-0.17636493,-0.41074052,1.6652292,1.1591527,1.5668402,1.250483,1.0929556,2.3177304,-1.8573118,-2.0034494,1.252376,1.507002,0.33192852,5.0004306,-0.2195838,-1.8103191,1.0435429,-2.0983264,-0.6805723,1.2997589,-0.3609096,-1.5121981,-1.6632315,2.322075,2.9693627,-0.62045324,2.1017277,-3.3286624,-0.3141087,1.3273865,-3.5705342,1.4275953
1.1349512,-1.0640773,2.7257352,3.2398443,-0.6083274,3.171521,0.7206528,1.3573449,-1.5065861,-3.6748,-0.58694804,-0.8474742,1.9786707,5.637654,0.18841633,-3.6555212,-0.27146202,-0.21097988,0.16750856,-0.7534662,-3.0925794,3.6431017,-4.074562,3.2565658,-2.6360545,0.7167632,0.5786359,0.6901565,2.3343155,0.19660246,-0.35537964,-0.0857043
-0.74008423,-1.1165485,1.7594092,0.2043766,1.494019,-0.7198183,0.38811558,-0.24078235,-1.0621432,-0.5548761,0.18445258,0.5802383,-0.65187174,2.9478724,0.34328383,-0.9053929,0.093719125,-0.74013436,-0.2474194,1.050238,1.2546501,-1.603423,-2.3901048,0.1840527,1.1551969,-1.3592542,0.7424524,-1.7387835,-0.46747738,0.25372365,-2.3753774,1.243417
-1.5587574,-1.8816843,1.239254,0.21171147,1.1338358,-1.1005372,0.1737771,1.9004124,-1.9784371,-1.7363756,1.4529957,2.7095578,-0.59241843,6.1938305,-0.59084994,-1.8093128,0.37057453,-2.2966383,-0.37845087,2.1573005,0.06677274,-2.4506445,-2.7845721,2.0842698,3.091448,-0.6058593,2.2646048,-3.8877714,0.62464637,-0.5181709,-5.16992,2.546948
-0.6411819,-2.0123823,2.788559,-0.7740875,2.46145,-0.4664072,1.7452302,0.08505795,-1.4822055,-1.3688068,0.28853166,0.033852827,-0.38058767,4.825804,0.11316122,-1.7596016,0.080655575,-0.42595232,-1.2222393,1.395441,0.03166478,-2.0789895,-3.2248816,0.89034224,0.27996585,-1.5736743,1.4980736,-2.7441995,0.30744073,1.2859836,-2.1411307,2.5269437
-1.1324928,-1.615384,-0.95030177,-0.38161176,-0.7429361,-1.2933706,-0.33905324,1.7030169,-0.37907237,-2.2387671,1.9885622,2.1470726,0.3112583,2.4450545,-0.05165872,-1.9515842,-2.1302097,-0.8797546,-1.3057096,1.4079854,-1.0192013,-1.8147523,-2.1928215,3.1449745,1.8813986,-0.98158896,2.1784291,-2.4245267,1.5475546,-1.5120811,-1.5522822,1.2555048
-0.9661307,-2.1717803,1.3673618,0.23009145,1.0649213,-2.26025,-0.41988087,0.30785608,-1.3173913,-1.1021318,1.4702415,2.2367175,-0.9147433,4.563455,0.15659887,-1.2169234,-0.18416734,-1.4236665,-0.6523778,1.9915841,0.8267503,-2.9921615,-2.0160856,1.1414521,1.9886978,-2.1071892,2.5845683,-1.8858109,1.5361313,-1.1346134,-3.7061436,2.1535978
-1.4467206,-1.6474502,1.1281545,0.77832186,0.20161904,-0.2793361,0.52334064,0.8153267,-1.5914726,-0.79800344,0.74364525,1.1661606,-0.7086993,3.5661798,-0.35050207,-0.96076447,-0.6024226,-0.49060172,-0.73503834,0.6087283,-0.7775556,-1.4978079,-2.006929,2.1739595,1.8687491,-1.0178337,2.5600343,-1.8635074,1.4206669,-0.6643725,-2.3967268,1.3359636
-1.0906549,-1.4246627,1.7866242,-0.7747068,0.44064957,-1.1170716,0.8197738,-0.39617622,-1.2847264,-0.88791645,1.5981121,1.2699711,-0.7710395,3.6919773,-0.6019291,-1.0972787,-0.64519787,-1.2710086,0.20618407,1.2913027,-0.11313885,-1.5826904,-1.7545805,1.5119517,2.1646965,-0.9572425,1.1963583,-1.6424319,0.0681328,-0.5685998,-2.2613094,1.372121
-1.9781748,-1.4002736,0.15779467,1.3103906,1.0786614,-2.5034318,-0.49861318,-0.35121918,-2.245859,-1.6281526,-0.23508772,2.1431599,-1.6811221,4.5813603,-0.24301405,-1.317497,-0.26460356,-1.651285,-0.5846111,0.40830815,0.86320037,-1.8294281,-2.5217638,2.3986988,1.8886735,-1.0292081,1.8121458,-3.723018,-1.2068839,-0.7680688,-4.24724,2.720071
-0.5109234,-1.0942471,0.5957846,0.453103,1.4262269,-0.9452545,0.00068745017,1.2245752,-0.972005,-1.0974779,0.335523,1.2588935,-0.46192008,3.6419017,1.8429048,-1.5434608,-0.012796402,-0.6061641,-1.8070157,2.725585,1.7395282,-3.0106497,-2.673654,0.47879672,1.7368765,-2.0592012,1.9748602,-2.7362578,1.2450758,-0.38423416,-3.4511702,1.8073385
-1.1135243,-1.8131226,1.1848472,-0.935707,1.5843647,-1.9864804,0.14414692,0.8272251,-1.1506408,-1.1166028,0.94125116,0.34356928,-0.40430093,4.025894,-0.5130792,-2.341906,-2.6461277,-1.255967,-0.03263943,1.499364,-0.0007361565,-2.8642817,-4.0506487,1.5562947,1.5902401,-1.1043255,1.7018853,-2.423571,0.33496284,-0.029031595,-3.6744585,2.2297733
-0.9769141,-1.4718701,-0.5599204,-0.3757761,0.02559407,-2.9724314,-0.06437356,-1.0291632,-1.8564334,-1.8078841,0.899597,1.988125,-1.4168599,3.289429,0.47561687,-1.543432,-1.4774001,-0.9141399,-0.6693533,1.8881516,0.06489013,-2.511182,-2.4754043,2.052331,2.3649848,-1.9937439,3.6905024,-2.9487119,0.016820468,-1.2852066,-3.1618032,1.6259141
-1.0873901,-0.79683614,1.0206931,-0.74819314,0.83677435,-1.9345791,0.64543205,-0.049351245,-1.3003005,-1.3807132,-0.4983126,0.2680936,-0.9433557,4.541965,-1.0532403,-2.0086513,-0.44889948,-1.0801015,-0.020804256,0.84374565,-0.73906094,-1.1468335,-2.538791,1.1461269,1.3503733,-1.1116773,1.9646088,-3.382356,-0.5099932,0.88398415,-2.780815,2.591943
-0.9359551,-1.4697982,1.336171,-0.9696264,0.3831048,-0.44966826,0.6182604,1.0551043,-1.087753,-1.5304273,1.6030735,1.2722398,-0.6302377,3.115613,-0.87415034,-1.3652397,-0.106543735,-1.5019776,-0.32374197,1.3954207,-1.0797935,-2.0291643,-1.2392645,1.8086501,2.8720644,-0.7556505,2.8547735,-1.9015017,1.2798883,0.08289654,-1.4110757,1.2903222
-1.052959,-0.8456449,-0.83613515,0.358684,-0.21533206,-0.99075264,1.2904775,0.21906164,-2.3963068,-1.0618993,-0.84397024,0.51190746,-1.4535544,3.3651993,1.4315176,-2.0530126,-0.676389,0.49554855,-1.8956277,2.251624,-1.3052021,-1.5795944,-2.34792,0.89673185,1.1265359,-1.1842605,4.4603424,-2.928517,2.004326,-0.42275017,-2.7854824,1.6303161
-0.6338663,-1.3292246,0.77304465,0.059102338,0.2668268,-1.4522831,0.023961872,0.24160434,-1.1173322,-1.4816355,1.4468052,2.0525746,-0.4894592,3.3923523,0.30820632,-1.1511449,-0.43559194,-1.5471534,-0.27824426,1.7683753,0.3516472,-1.9039671,-1.9343342,1.3484713,1.8679982,-1.0689873,1.7488971,-1.5719918,0.24529243,-1.1693088,-2.6093178,0.999755
-1.2766957,-0.72625107,-0.58340275,-0.17571385,0.87881833,-1.0658915,-0.034231678,0.94224095,-1.5427206,-0.9618889,0.20763579,1.8031495,-0.7045225,3.1260314,0.6594201,-1.502437,-1.0565383,-0.7927739,-0.9334362,2.9790504,1.3405806,-3.461702,-2.9711492,0.71453166,3.088602,-0.4357957,2.6053543,-3.4704697,0.08937687,-0.5540668,-4.6925545,1.3991671
-0.8440342,-2.5383677,1.5754926,-0.12442425,2.347118,-0.55228674,-0.70683515,1.3542751,-0.77682054,-0.7181619,0.54871976,1.5026957,-0.54611033,4.018919,-1.6550204,-1.3753189,-0.3627366,-1.0838697,0.15869977,0.12544449,0.762594,-3.0908625,-1.9133263,1.4772973,2.0940669,-1.5594926,2.2747097,-2.0072134,1.7038671,0.08459619,-3.425765,2.8995945
-1.8207176,-2.3888965,0.23679471,-1.1558218,0.3599136,-1.7993261,0.12599355,0.34633824,-0.71177495,-1.364747,0.44839534,1.0693383,-0.51347655,4.024774,0.029221013,-2.1167858,-1.6574969,0.23412718,-0.6321718,1.3884047,0.48191306,-2.9705944,-2.774854,1.950109,2.0857038,-3.2796388,2.5124514,-2.9321485,2.353252,-1.3432891,-2.8683977,2.4476402
-0.41464028,-1.3893391,-0.08699101,-0.60340893,-1.0742967,-1.9002802,0.1869623,1.8214048,-0.8454969,-2.102941,2.4740753,2.6483207,0.3892074,2.987169,0.83280635,-2.074521,-2.151339,-1.4158621,-0.7167195,3.2839851,-1.1862597,-1.5929772,-4.3136234,1.737785,1.2289857,0.8690426,1.9551495,-2.3661938,0.96464413,-2.3436992,-2.7719908,0.51799303
-0.696624,-0.8385111,0.95848775,0.4220488,1.0256524,-0.05262443,0.20914261,0.38468584,-1.8909619,-0.61877155,1.3435577,1.2019345,-0.67780364,3.1997924,0.12862481,-1.0616361,-0.7452849,-1.4753791,-0.2452813,1.6524025,0.11527736,-1.7833531,-2.331551,1.29045,2.3646076,0.1502068,1.6445217,-1.9493222,-0.19832376,0.084714256,-3.5421102,0.9428755
-0.21760453,-1.3506219,0.40860006,0.84502095,1.4228075,-1.4119977,-0.49388617,0.38843107,-1.2063249,-0.481727,0.8144422,1.873772,-0.64921755,2.4679563,0.58198667,-0.849197,-1.2667704,-0.88648194,-1.1317449,1.5152779,0.712948,-2.6451907,-2.8917449,1.1276404,1.15548,-0.672404,2.4951682,-1.8634717,0.25740686,-0.46536013,-3.1047502,1.7261615
-0.6804583,-1.255671,1.5936025,0.37903976,1.8598182,-1.2356644,0.32551548,0.08436823,-2.3168492,-0.9943781,0.877103,0.9224434,-1.199144,4.052663,0.06587343,-1.6501626,-1.1265445,-1.9978118,-0.20090094,1.045946,-0.027878383,-2.167357,-2.0158675,1.9725543,2.3266335,-0.49133155,1.6514095,-1.9097295,-0.28434947,0.047741603,-3.8424876,2.2631817
-0.27453142,-1.4394087,1.2158768,0.35173428,0.2733535,-0.8325055,0.26858217,0.61044115,-1.2103239,-0.2801085,0.64049965,1.3310888,-0.7853327,2.7956965,-0.80168897,-0.9005736,-0.88232666,-0.75390136,-0.053161316,0.7538809,-1.3472261,-0.995746,-1.949263,1.1642114,0.6586007,0.38807032,2.9798698,-0.68592656,1.3448163,-0.2507882,-1.88292,1.5148138
-2.1786764,-1.8428822,2.1710525,0.08644744,0.74774426,-0.8055698,-0.9164611,1.3023839,-0.3117625,-0.59387356,0.43560022,1.2644098,-0.29390296,4.533514,-1.090897,-1.3570716,-0.8511322,-1.2294185,0.43279558,0.69706964,0.6499966,-1.9573959,-2.9183824,1.3996992,1.6279536,-1.3209682,0.77560556,-1.7700034,1.7947116,-0.87539715,-3.0021224,2.3278005
-1.3079156,-1.7115448,2.1143913,-0.53736347,0.35691386,-0.3551199,0.63685715,0.72597885,-0.38621342,-0.44033188,1.7241988,1.390254,-0.12805724,4.2994833,-0.6542975,-0.8559413,0.10635707,-0.88994986,0.1064333,1.7820967,-0.22623073,-2.0342562,-1.0311099,0.8553158,2.019469,-0.9936632,1.0073105,-0.70716244,1.8737822,-0.9796142,-2.2248933,1.5691943
-1.3647554,-1.3656815,1.3771198,0.1781293,-0.6707772,-0.34676886,-0.1612893,3.032107,0.11242473,-1.533103,1.9087509,2.0961947,0.78132135,4.763023,0.76098216,-1.6508893,-0.5150359,-1.0836612,-0.9177773,3.004245,0.9872672,-2.2424197,-3.2457807,1.2708709,2.4157417,-1.575223,0.9047072,-2.2462673,2.622118,-1.8090017,-3.4488394,1.0531968
-1.4992329,-2.619467,0.48756155,0.04730019,2.0885468,-0.73161525,-0.6076395,2.1923378,-0.36910784,-0.59326726,0.4585167,2.1393576,-0.18436,4.2548065,-2.7847507,-1.4145002,-0.23892328,-0.2893956,-0.37815487,-0.5705813,-0.40810764,-3.1152687,-0.7617961,2.552085,2.2562048,-1.7912532,3.4213588,-3.019332,2.6574428,0.17930388,-3.4791756,4.084368
-1.0741333,-2.824529,2.939241,-0.16198131,2.0671089,-2.029468,0.6562398,0.5055656,-1.064458,-0.018152878,-0.17349288,2.0233376,-1.1295683,5.662544,-1.5959446,-0.8414303,1.0424664,-0.8151867,-0.7130756,1.1307338,-0.44772097,-2.6329854,-2.345656,0.29882312,0.80596906,-1.926301,3.6684494,-2.4889383,1.5437285,0.102808565,-3.4896994,3.5757573
-0.3110265,-1.0687399,0.85264665,-0.9686743,0.8428161,-1.278808,-0.08269588,0.3222958,0.09582162,-0.21141618,1.0549502,1.5970173,-0.38014504,2.2149315,-0.8145723,-0.5571395,0.09229076,-0.46436918,-0.004203558,1.7095135,0.35269246,-2.2510037,-0.49191722,-0.296158,1.4256605,-1.0381153,2.3830166,-0.74584293,1.6240778,-0.55986273,-1.675249,1.4051366
-1.3389169,-1.338206,0.07195547,0.98189896,-1.1468453,-0.7492611,0.5949555,1.4661648,-2.1405559,-3.8932512,1.5273423,2.0575478,-0.16305554,5.40888,0.48366654,-2.8276842,-0.883783,-1.7862221,-1.0386455,1.0603714,-2.870353,0.095827356,-2.7814555,4.4188004,1.452236,0.40358382,1.4531335,-3.099947,1.1598257,-2.4289913,-2.353993,1.6602725
-0.8462219,-1.7248015,1.3075694,-1.7028496,-0.19881591,-1.7796053,0.4481642,0.6983411,-1.7249492,-1.3752658,2.721922,2.081425,-1.1011032,4.4281282,-1.3273841,-1.6483053,-0.82298714,-2.6600993,0.25011635,2.5634768,-2.2124498,-1.9593606,-2.6170962,1.652187,3.4419386,0.0046982393,3.8820274,-2.4022658,0.318103,-0.5841153,-3.0417664,1.0924817
2.1369479,-0.37756556,0.10461128,-0.23670985,2.363301,-3.1189554,-0.3961239,-3.6644752,-3.4508967,-1.5739006,-1.071855,-1.2754841,-4.134706,1.0064093,0.72881496,-2.1068945,-1.1806355,-1.9841926,0.42388672,-1.0511671,-2.2796957,0.54493785,-1.6859611,1.266736,-0.4960671,1.5644734,3.0843005,-1.0123603,-1.8778374,0.977901,-0.93769455,2.612609
-0.90722036,-0.6375635,0.97945666,-0.46166277,-0.15033743,-1.1712981,1.1294341,1.3195382,-1.1003865,-2.150499,1.3445339,1.0251985,0.39048934,4.440276,0.28345722,-2.5220914,-1.3608313,-1.1113665,-0.5837137,2.239905,-1.1787293,-1.3884567,-2.6723793,1.8233213,1.5952966,-0.74133235,1.7143854,-2.2275093,1.2039282,-0.8971816,-2.787084,1.4893005
-0.93985564,-2.565879,2.9459915,-0.69705844,0.4899783,-2.040027,1.5166191,0.6389794,-1.3898453,-0.44913328,0.6375223,1.805055,-0.65865386,6.1671605,-1.6529434,-1.8783376,-1.0006952,-0.25495902,-0.17987645,2.2917814,-1.7102168,-2.0913112,-4.041799,0.7142687,0.7307849,-1.0714024,4.5277667,-2.0589285,2.1201131,-0.4715753,-3.5237694,3.0204432
-0.062336244,-2.0169692,1.1862128,0.2326639,0.6626236,-1.19379,-0.27362224,1.6457475,-1.2233052,-1.2374766,2.0089712,2.798376,-0.29946,3.9233997,-0.7211837,-1.3181219,-0.51310873,-2.018421,-0.12997946,1.5752852,-1.1648555,-1.9863104,-2.3810906,1.8029681,1.7098668,0.15779875,3.0593863,-1.4863652,1.5289156,-1.1537533,-3.299514,1.6826962
-1.039344,-1.6160202,1.0248935,1.1660342,0.81006324,-0.8722393,-0.274993,0.48099142,-0.8746327,-0.30268157,0.032757476,1.8751225,-0.7602909,2.8865073,-0.37115085,-0.100392506,0.20814651,-0.63522923,-0.7216995,0.5951577,0.71314913,-1.7644379,-2.4072173,0.89733815,0.8226734,-0.6362974,1.872163,-1.7441516,0.09215546,-0.3987036,-2.4136252,1.3019475
0.09549193,-0.8512464,1.1329386,0.9612944,-0.88712734,1.6355268,1.0274601,1.8631985,-1.4420092,-2.7137003,0.60802066,-0.3301434,0.2893261,4.042602,0.58157915,-2.727543,-0.27302098,-0.3992933,-1.0415326,-0.01367373,-3.0868282,1.6971916,-1.7657589,3.2424328,-0.1598379,0.8136065,0.5821078,-1.5352273,2.6153343,-0.32929444,-0.8398227,1.055237
-1.0650659,-2.8102598,1.4624325,0.7009244,1.0027566,-0.7311668,1.1700062,0.87728256,-2.626317,-1.745763,-0.5161778,1.320427,-1.5878146,4.4850545,1.041662,-1.3827326,0.31475687,-0.7241009,-1.8133383,2.1564171,-1.1446687,-2.3162649,-4.304547,1.0766305,0.68783915,-0.5033591,4.2251472,-2.7184668,2.1539023,-0.46951893,-2.7584996,1.7872967
0.030385474,-2.9446263,2.0495994,-0.017327212,1.0298185,-1.4139316,0.68762803,0.7092093,-1.5735244,-1.6295877,2.4802341,3.3361638,-0.8182754,4.0578537,-0.16300987,-0.9004386,0.0034857392,-1.9602396,-1.0679997,2.1706197,-1.3565451,-2.3146782,-2.5771463,1.7336669,1.0151744,-0.033721507,3.2238336,-1.3683662,1.5069765,-1.2057073,-2.197603,1.8623306
-0.66733557,-1.3585726,-0.5486005,0.748888,0.19264258,-1.4262153,-0.380218,2.16451,-1.4978465,-2.4227927,1.6346369,2.0882635,0.11095641,3.2091439,-0.20397939,-2.6135283,-3.0358016,-1.66288,-1.3412704,0.7851283,-1.1915431,-1.6695372,-3.6850998,4.235711,1.406303,0.08591588,2.30763,-3.231399,-0.16227221,-0.56779814,-2.5710785,2.0814116
-0.53406763,-1.2094139,1.2087432,-0.7753074,0.87152255,-0.6700563,0.47554865,1.1410408,-0.37006837,-0.62986994,0.08959553,0.5988714,-0.35158312,3.1830869,-0.264202,-1.4629312,-0.11881929,-0.49677682,-0.7011282,1.3021439,-0.34079528,-1.5577363,-1.896417,0.3782474,0.83045006,-1.0629576,1.8607308,-2.002337,1.7712597,0.029393326,-1.8528886,2.029986
-0.3132475,-1.2972006,1.002995,-0.073553145,1.158046,-1.2398479,-0.035078377,0.59956634,-1.4389143,-0.7916972,1.4955622,1.812187,-0.7376853,2.6752887,-0.38508964,-0.910561,-0.40204528,-1.6018087,-0.16091692,1.21939,-0.43993565,-1.6759883,-1.9876659,1.0983006,1.5397457,0.5879381,1.6505092,-1.8325069,-0.19819555,-0.50844985,-2.8921278,1.4980756
-0.7534693,-0.95688015,0.26837564,0.21590695,-0.029259518,-0.75610447,0.21442008,0.5224751,-1.3011066,-0.7075502,0.63664067,1.3825476,-1.062159,2.5832434,-0.14108802,-0.944059,-0.61534524,-0.6090557,-0.7743064,1.2127534,-0.78680027,-1.3136748,-1.5096254,1.4727491,1.7119652,-0.10025223,2.36072,-1.5876948,0.73827595,-0.61705333,-2.035848,1.2826219
0.142459,-2.3033373,0.56420237,0.05179114,1.1972754,-0.71950746,0.37125126,1.525609,-0.7283664,-1.0777904,0.8739531,2.3834918,0.32111067,2.6622546,-0.43671113,-0.88915193,-0.6675321,-0.48560804,-1.0529958,1.8360903,-0.057380617,-2.8749335,-3.1026027,0.8014084,0.4231291,-0.33887917,3.8046265,-1.4330944,1.5416617,-0.28910407,-2.2823975,1.2236097
1.1275096,-2.4460776,0.5412364,0.0085135475,1.6322262,0.40654033,-2.2955506,1.3438734,0.24597543,-1.1217976,2.4168024,2.036489,-0.13232885,-0.26056883,-0.29101658,-0.46619096,-1.0136497,-1.610103,-0.21538237,-0.74305636,-0.378138,-1.1468017,-2.1642632,1.9799334,-0.09475263,1.107892,0.6704273,-0.30755866,1.3354117,-0.5187672,0.096873045,0.6394266
-0.9850735,-1.6804084,1.3065673,0.24911857,0.09316883,-1.1707829,0.8050922,0.172867,-1.2412436,-1.1062695,-0.015528008,0.97931224,-0.8838524,4.2595367,-0.8177324,-1.3183817,-0.16568533,-0.47087014,-0.67072636,0.19364032,-1.0952584,-0.6382718,-1.6386838,1.8052688,0.720694,-1.76831,2.7166643,-1.9256549,1.054204,-0.24654895,-1.499645,2.1597536
-0.83216804,-1.5278654,1.6324195,-0.8949169,1.4126596,-1.1235337,0.88583815,0.47274873,-1.42996,-1.2924218,0.8182037,-0.014018372,-0.3203444,4.114913,-0.24204026,-2.0653896,-0.8907331,-0.9633469,0.019168824,1.1461217,-0.24356799,-1.8127505,-2.0092156,1.2270643,1.6611156,-1.408818,1.2726103,-2.2729068,0.6198966,0.3590758,-2.7455873,2.2452128
-1.0189822,-2.4690506,0.6934143,0.84235495,1.7098384,-1.2282315,-0.3034094,1.0688055,-1.5701215,-0.9397124,-0.37850678,0.9478065,-0.9948255,3.6512845,-0.36435348,-1.411224,-0.7838509,-0.52349544,-0.82854164,-0.02185025,0.30755836,-2.3485825,-2.4617941,1.6398368,0.9610066,-1.5869085,3.0120943,-2.1295173,1.944709,-0.33429936,-3.2465723,2.5372212
-1.036542,-5.5568385,3.0667892,-0.9969021,0.06617515,1.8311355,-2.5210245,2.6953306,0.908787,-3.414746,6.108549,4.9567904,0.6585653,3.6162724,-3.6804988,-0.090999134,0.87832,-3.7702243,1.4801925,-1.4566424,-4.3909316,-0.16232243,-1.5883694,5.0319324,2.259026,0.8505925,0.2596315,-0.24083681,3.1410925,-2.621467,0.9463287,0.89453506
-0.90250915,-1.7443509,1.6692915,-0.98960483,0.7176873,-0.86467403,0.8818147,-0.13533263,-1.6405327,-1.6387604,1.1934315,0.35397515,-0.82124335,3.7785375,-0.10082628,-2.021385,-0.71699756,-0.94671535,0.15198773,0.95857686,-1.3844012,-1.0483558,-1.2446096,1.7826239,1.832675,-0.9807805,1.5803286,-1.5650382,1.774623,-0.66552055,-1.9095598,2.030373
-1.1517407,-1.3115559,0.5497346,0.6357539,0.87153894,-2.4815013,-0.5260204,-0.22118732,-1.9156011,-1.5026476,-0.0076598674,1.4650773,-1.7636168,4.46402,-0.6967549,-1.5161269,-0.34863353,-1.4191307,-0.28725737,0.46075162,-0.4366089,-1.7395555,-1.8918413,2.1052904,1.8277692,-1.4416813,3.3821857,-2.9027698,0.25720987,-0.15181015,-3.2643242,2.8821461
-1.7160031,-2.0180163,-0.27563733,0.18147472,-1.2681639,-1.9328495,0.3631266,-0.94330734,-2.206215,-1.442655,1.1266137,2.4035423,-1.6077627,3.1919599,0.55283356,-1.0380782,-1.1208072,-0.40460217,-0.7143296,1.7146484,-0.36290935,-1.7505122,-1.8293319,2.1602888,2.6926355,-1.9087281,3.5347583,-1.9828188,1.474445,-2.4457269,-2.6254752,1.1275707
-0.50768,-1.6810442,2.6849256,-0.47737378,1.432188,-0.6966427,1.205607,0.046658047,-1.2501322,-0.06726222,0.89913404,0.21535361,-0.6442993,3.900262,0.02465202,-1.3297387,-0.9904668,-0.47457594,-0.49059027,1.6083149,-0.7524927,-2.1837933,-2.3845901,0.583025,1.0217699,-0.9037512,2.077249,-0.74122506,1.6673203,-0.02230989,-2.5505,1.9404399
-1.2032276,-1.3438455,-0.49094373,0.7916435,0.6094299,-1.2162707,-0.2296662,-0.37167814,-1.752786,-0.5691674,0.41409278,1.6776326,-1.3387198,2.2376428,0.322609,-0.79920787,-1.1417063,-0.5111691,-0.8683727,0.7970986,0.09364071,-2.012903,-1.6271298,1.6965722,1.7502964,-0.41657123,2.3771272,-1.8371164,0.58417404,-0.9846981,-2.9266398,1.568265
-1.3035883,-1.6029186,-1.3087728,0.49462116,-1.8938417,-2.5130467,-0.36737874,1.1607077,-2.4353967,-3.048386,1.8082038,2.9302788,-0.88396436,3.972531,1.3859446,-2.7077587,-2.5380642,-1.6812077,-1.5171177,2.9819946,-1.5516052,-1.706752,-3.8905814,3.2961073,2.1812356,-0.13676456,3.4358516,-3.0526412,1.5401462,-3.0741687,-3.4467676,1.1523049
-1.6356287,-2.2741334,1.4262315,0.0418442,1.4063625,-1.6140522,0.1394935,-0.61110574,-1.3842255,0.19853805,0.05234491,1.4032478,-1.7484819,4.0796447,-1.4587449,-0.4025362,0.27233458,-0.43918985,-0.26222885,0.38226277,-0.3996668,-2.3236694,-1.1591887,1.0275154,1.2971622,-1.3656968,2.9176316,-1.661622,1.3187654,-0.29237336,-2.7587473,2.766602
-0.6593488,-1.829628,0.84116465,-0.8186913,1.0576591,-1.5330875,0.26822773,-0.2977282,-1.2116499,-1.1945648,1.0844779,1.4881381,-1.1545422,2.6210096,-0.37203455,-1.0509671,-0.7386019,-1.2467462,-0.4379859,1.5357935,-0.4629498,-2.8637252,-1.4469743,1.3998749,1.8607966,-0.79942685,2.7258852,-1.3419911,0.79894954,-0.5991255,-1.7226447,1.5898744
-0.89619225,-1.0101496,-0.36345065,-0.3349527,0.8724365,-1.2739371,-0.47536838,0.72691876,-2.036409,-2.7398608,1.2624087,0.5040133,-0.19508213,3.4827738,0.20829362,-2.8395102,-2.403738,-1.7770734,0.10718611,1.3886364,0.9397494,-2.298255,-4.2664595,2.7880538,3.035805,-1.486752,1.739028,-4.0343623,-1.2111548,0.1296517,-4.1358953,0.85452175
-0.22544408,-2.3358898,1.932021,0.53922534,1.2033687,-1.0766746,0.775295,1.0917708,-1.2600551,-0.4031719,0.61343324,2.2738254,-0.73066264,4.230537,-1.4966524,-1.0057691,-0.5383621,-0.7185115,-0.9130621,0.90043545,-1.9371337,-1.9973519,-2.201807,1.7209005,-0.0069596767,0.4971273,4.193659,-0.8794832,2.0085645,-0.13230215,-2.2926908,2.9102225
-0.8720298,-1.4903526,3.791781,-0.8413158,1.6189721,-1.9682938,1.7407728,0.1447997,-1.7626636,-0.9482523,0.0929145,0.69768876,-1.3809904,7.030738,-1.7497175,-2.2084837,0.54647607,-2.028783,-0.2694622,1.4570886,-2.431986,-1.2011478,-2.827485,1.1752251,0.82252496,-0.50236106,2.7791803,-2.7127388,-0.30352682,0.8825865,-2.969583,3.6662824
0.24340315,-1.2241814,1.5316277,-0.9889802,1.3027318,-0.34978667,0.63250065,0.5227549,-0.77176034,-1.3047765,1.3786609,0.6292801,0.12483179,3.2262084,-0.98342043,-1.2683499,0.2570434,-1.0745076,0.6000183,0.8128905,-0.1555012,-1.5145875,-1.4037057,0.600204,1.8178824,-1.0484357,2.160012,-1.495282,0.49153462,0.6854652,-1.9362372,0.99096227
-0.27395087,-1.758059,0.9490176,0.10206529,1.2751505,-2.2184794,0.01942686,0.44884524,-1.6798513,-2.2757945,0.94705117,1.6194572,-0.46170413,4.186563,-0.5113219,-2.0108595,-1.1783359,-1.6712527,-0.2542152,0.9256501,-0.40094084,-1.7857985,-3.4091368,2.313162,1.3421934,-1.2455251,3.092211,-2.9149199,-0.120486595,0.0722589,-3.1290042,2.0457919
-1.1699374,-1.183688,1.0131507,-0.25393063,-0.6036715,-1.435216,-0.5654142,1.441476,-0.5826482,-1.2955395,2.6725416,2.4443407,0.44708836,5.0644364,-0.1864665,-2.044774,-1.1475174,-1.5143374,0.45806837,3.5522053,0.6025488,-3.056967,-2.238324,0.9543699,3.725955,-2.0442197,2.742861,-1.4306765,2.2428546,-2.1792274,-4.5670533,0.8741455
-0.99591917,-1.7292583,2.0706515,-0.52912647,0.03011731,-0.63090503,0.5055812,1.1296105,-0.9771266,-0.31649154,2.4564474,2.4932418,-0.1067377,4.6283035,-1.9024441,-0.8132731,-0.0023583025,-1.6585664,0.8463045,1.4638841,-1.2606643,-1.3732061,-1.7140094,1.5036349,2.5464027,-0.15410757,2.1076117,-1.7236874,0.90408474,-0.9174461,-3.3231342,1.3172822
-0.42370588,-3.3253577,1.078119,-0.22224785,0.5530038,0.739899,-1.9510188,1.6335322,0.55060637,-1.6918479,3.1151004,3.1367674,-0.03853347,1.3528104,-1.7313641,-0.015156068,0.30005917,-2.2186935,0.30266434,-0.9450131,-2.097698,-0.6055968,-1.0378743,2.711846,0.9343549,0.8875881,0.43530914,-0.19179158,1.8215598,-1.7075282,0.37596184,0.84892905
-0.718828,-1.1148323,1.914206,-0.5337474,0.33428413,0.03220436,1.3218164,0.7484505,-0.7160882,-0.4235859,0.7118915,1.160938,-0.12177656,3.3795621,0.32172716,-0.7803905,0.38682276,-0.56465745,-0.46973455,2.6165307,-0.5777731,-1.5184895,-1.9045647,-0.18151781,0.8765976,0.35724264,1.2352955,-0.8198119,1.465058,-0.7646397,-1.9572265,0.94446385
0.64651024,-1.2654527,-0.806114,-0.19617565,1.2949238,-2.9115667,-0.6391856,-2.4020975,-3.0631802,-1.7928842,-0.24850956,0.11785184,-3.6246977,0.68121606,1.1049378,-1.8344373,-1.7795128,-1.7577436,-0.80456555,-0.3253,-1.8458472,-0.51152027,-1.5178536,2.146011,-0.027705692,1.6187395,2.1023097,-1.008989,-0.62403065,-1.2161957,-1.0238549,2.3602822
-0.7940165,-2.1280198,1.9698132,0.5559333,0.20235446,-0.98668057,0.097895555,2.6733935,-0.5988258,-1.2507396,1.5008572,2.8797452,0.21516812,4.9887547,-0.9277156,-1.7972528,-0.9408341,-1.5673009,-0.40170425,1.8631634,-2.057651,-1.6493666,-3.5116074,1.8507998,0.45889527,1.0322108,2.3143728,-1.5082233,2.333309,-1.5730002,-3.333206,2.3834727
-1.8348379,-1.5389595,0.79118603,0.37324715,0.26663703,-0.4501976,0.62850267,0.21511362,-2.3383515,-2.9190903,1.0362175,1.4882687,-0.97716504,4.335951,0.41668266,-1.7594192,0.49580616,-1.6293466,-0.5786168,0.1647513,-0.9424609,-0.6121814,-1.8413678,3.4863093,2.29247,-1.4843875,0.6649308,-3.5361946,0.2206283,-0.9824185,-2.3947964,1.5044384
-1.5370417,-2.3775318,1.6624397,0.49542248,1.8041255,-0.18860905,-0.15892464,1.1158812,-1.0446571,-0.8685087,0.4199125,1.6929677,-0.34776494,4.4024744,-1.3206711,-0.9986472,0.4738443,-0.87722147,0.014415771,0.05742585,0.82210904,-2.3616188,-1.8460255,1.9509954,2.3024123,-1.8858732,1.6130081,-2.544137,1.3268127,-0.28143144,-3.3898597,2.4247944
-0.7388977,-1.5924054,3.3727999,-0.7745593,-1.1464732,0.5385917,2.4292035,3.6741047,-1.7036368,-3.4775627,1.8480843,-0.27287233,0.728614,7.884146,0.6032817,-3.821567,0.70761174,-1.2749691,-1.2764355,1.7060298,-4.185942,1.0536325,-3.4658751,3.435452,0.80116177,0.3034951,-0.0114685,-3.830143,3.3998659,-0.8411867,-3.006218,2.2259765
-1.6654727,-1.5838295,-0.021911234,0.20996988,0.5574322,-1.4398915,-0.7565714,0.18067835,-1.128658,-0.88434577,0.17674218,1.4245759,-1.1927598,2.5378907,-0.1181771,-0.9005189,-0.51592666,-0.7125093,-0.55742943,0.69800436,0.22187181,-1.9906875,-1.8781571,1.3549888,1.7091033,-0.9487057,1.7425528,-2.24705,0.66824704,-0.9690459,-2.5161772,1.7965198
-0.4794444,-1.3028239,2.9535918,-0.39028746,2.4681714,-1.2621084,1.453381,1.2969345,-1.6647191,-1.178737,0.22001797,1.0146056,-0.019021139,6.266763,-0.72971493,-2.1564944,0.16273135,-1.7632109,-0.12709461,2.0748346,-0.32803577,-2.2930012,-3.4986923,0.73225343,1.423379,-0.3902559,2.2993526,-3.4499044,-0.33286044,1.0048971,-4.488269,2.9722393
-1.2137605,-2.1654115,1.1975757,-0.04507889,1.5420487,-0.75936824,-0.3402553,0.3483448,-1.0413378,-0.2662442,0.6794665,0.5967009,-1.0834582,2.5846763,-1.1906209,-1.0199932,-1.9751781,-0.609597,-0.34223032,-0.27157176,0.20890301,-2.4134858,-2.060968,2.2474232,1.5095502,-0.87438816,1.3743068,-1.119062,0.8377534,-0.08928877,-1.881519,2.4198768
-1.8359686,-2.146987,-0.1921094,0.039569434,0.35384342,-2.2844887,-0.24098015,-0.94758564,-2.0184903,-1.7529993,-0.15827307,1.0694478,-2.1633885,2.9237041,0.2605082,-1.4095858,-1.3981116,-0.6830078,-0.83343685,0.5446027,-0.5065477,-2.0244727,-2.4196906,2.3712907,1.5712497,-1.4334908,2.5392148,-2.3492553,0.8879462,-1.4286593,-2.0685387,2.3222592
0.55522555,-0.57378834,1.6822652,-1.436434,-0.9570231,1.1420739,3.2040246,2.2764688,-2.3403397,-3.538027,1.854809,-1.1331071,0.3925961,5.7518077,1.8043326,-3.8988156,0.6864335,-0.69900465,-1.4660616,2.923694,-3.4407945,0.47920886,-2.5077314,1.8408918,1.5059564,-0.316795,1.5863926,-3.3021708,2.8306298,0.080942445,-2.106013,0.6636355
-1.5736711,-1.8054813,0.8306659,0.5631467,0.4284722,0.009798267,0.5805293,0.8243552,-1.2667859,-0.6960166,0.10817171,0.87323946,-1.0358111,3.002889,0.2331762,-0.83010876,-0.12455039,0.010151602,-1.5195777,0.6026893,-0.9522899,-1.2931056,-1.5222645,1.7349231,1.046179,-0.6003499,1.7319607,-1.6488588,2.3882563,-0.7527483,-1.6198033,1.9143517
-0.35463217,-1.4876664,1.0653899,-0.62332165,1.0243007,0.29359618,1.9065422,1.5598506,-1.2343984,-0.009105563,0.524537,0.7913223,-0.35746622,3.4334252,0.43998796,-1.2498264,0.03775324,-0.06323582,-1.7644073,3.2196214,-0.587751,-2.6517274,-2.9245348,-0.3250404,0.910627,0.45102468,2.6628983,-2.1379871,1.3607404,0.17556335,-2.671934,1.2337382
-1.4848115,-1.6956819,0.68126357,0.5932635,1.2483909,-1.2151185,-0.5295506,2.0455306,-0.946138,-1.4557936,0.6131995,1.8258873,-0.26361167,4.804897,-1.3221053,-1.8656802,-0.80575234,-1.3425186,-0.72621346,0.40453908,-0.0124488305,-2.5005944,-2.2070599,2.786691,2.2920341,-1.6251541,3.0446236,-3.575677,0.9354681,0.28089434,-3.7810395,2.8544407
-1.0632463,-1.9121691,0.49510467,-0.14775799,0.20608626,-0.16252528,0.665008,2.3100936,-0.79219484,-0.6235336,1.3930738,2.3353531,0.103981756,4.0895576,-0.6080415,-0.99921286,0.08772966,-0.42390305,-0.86760235,2.3826988,0.18846403,-2.5768068,-2.6917872,0.8774215,2.1168602,-0.53752023,2.943073,-2.85752,1.8310287,-0.42098552,-3.271808,1.3547668
-0.5636711,-0.66381717,-0.6095732,1.3784512,0.0940078,-2.2156475,-1.0291619,1.1339179,-1.5691739,-1.9181316,0.37055662,2.4178562,-0.7565441,3.651895,1.0014946,-1.606987,-0.7495899,-1.8500768,-1.2199436,2.5445478,0.64862454,-2.5978837,-3.3952982,1.1311781,1.8553925,-1.0331526,3.5856938,-2.7988288,0.15968663,-1.0956236,-4.400188,0.87021625
-0.67248505,-1.9377601,1.7506757,0.15528253,0.23312497,-0.43014145,0.51876825,0.66161174,-1.3936195,-0.9241048,1.6991295,2.6457846,-0.9555159,3.6183558,-0.6741061,-0.5238268,1.0634133,-1.5943217,-0.58140045,1.6868834,-1.4663787,-1.4132559,-1.5449322,1.2321503,1.9572347,0.12566404,3.144607,-1.484937,1.3243761,-0.8602762,-1.9906291,1.3446288
0.1751828,-3.2250278,1.1706449,-0.693494,0.7865644,0.36912718,-1.7525564,0.95320827,0.31298974,-1.9720995,3.4507484,2.7308307,-0.16520408,1.0920961,-0.8828388,-0.19577311,-0.11743011,-2.1518376,0.32538664,-0.46946022,-1.894293,-0.65401924,-1.3679073,2.585609,0.8114564,0.8086623,0.4032525,-0.07984693,1.9186065,-1.7010391,0.5186929,0.64225996
-2.0928144,-2.0770113,3.2289276,-0.81787974,1.1577969,-1.8519542,0.6501848,0.8085053,-1.0082188,-0.040622935,0.41619787,1.681794,-1.0669343,6.094668,-1.4975392,-0.86481464,0.8130022,-1.5674506,0.2404523,1.9214226,-0.48261338,-2.5184462,-2.5871828,0.39057004,2.0294638,-0.9390836,1.4528986,-2.4560053,1.0595347,-0.4694073,-4.2260957,3.1550975
-0.6036575,-1.6127394,1.2185563,0.24111846,1.7212172,-0.42107478,-0.2645909,0.8978989,-1.0954995,-0.75279534,0.23960713,0.7218705,-0.31812763,2.8386483,-0.16594093,-1.3297632,-0.96179456,-0.8014551,-0.2047028,0.3683723,-0.030007048,-1.6953212,-2.6377742,1.4448891,0.79710376,-0.44221494,1.3995049,-1.8168663,0.81188655,0.06784699,-2.6179554,1.94358
-2.2352102,-2.5038135,-0.66793776,0.24094981,-0.04828258,0.08142653,0.1920639,0.40046522,-1.9034216,-1.3330426,0.32436594,1.6845841,-1.7523743,2.0347726,-0.19877191,-0.426326,-0.14028351,-0.17502013,-1.3896782,0.18409687,-0.67422473,-1.7520682,-2.4293475,2.6394804,2.4833214,-0.7210338,2.6860204,-3.1331787,1.1986712,-0.75128144,-1.7291175,0.9877236
-0.43330747,-2.0070384,1.0077875,0.5393981,1.6974247,-0.5306648,-0.5044174,0.5931971,-1.3379793,-0.12007493,0.43185404,1.6263888,-0.82929313,2.6774962,-1.1013358,-0.4520918,-0.33669737,-0.7458487,0.09768343,0.24406254,0.97364867,-2.3739297,-2.8549423,1.1157092,1.5833256,-0.63641524,2.740987,-2.101296,0.057752315,0.48927414,-3.2673466,1.4343342
1.7432319,-1.8084276,3.0441837,-1.4960086,-1.9393561,2.9135585,-1.0001686,0.1570462,-0.019620404,-1.1815422,3.9287314,0.6353336,2.1537316,1.8703828,-3.1268158,-0.62281156,0.021609232,-0.83655405,3.385617,-0.523221,-2.6302974,2.9270146,-2.3551302,0.80810344,0.2286712,0.12539792,-0.876565,0.5056665,0.19480059,0.39467242,1.2354602,-2.2426188
-0.21972708,-4.4370565,1.620114,-0.25580227,1.0529053,0.989174,-2.805045,2.3947403,0.8337585,-1.7753302,3.871513,3.7672231,0.31876373,1.4484451,-2.2642102,0.054312624,-0.5233121,-2.1826844,0.4819448,-1.3002886,-1.8759459,-1.1017578,-2.4176419,3.568002,0.7901986,0.6352014,1.006572,-0.46626252,2.5567694,-1.4646807,0.28690642,1.1146415
0.5169279,-1.0655726,0.30217153,0.11206247,1.8140259,-1.9974743,-0.56444937,-1.9676298,-2.303018,-1.0721742,-0.28929293,-0.19183841,-3.0076697,1.2698591,-0.24869974,-1.3209667,-0.81400007,-1.6690978,0.16738412,-1.383415,-1.9821538,-0.04856907,-0.38184,1.9327056,-0.007830478,1.5574223,1.3683585,-0.27181816,-0.5077494,-0.21584956,-0.71963817,2.5461578
-1.2137811,-1.7038448,0.47410548,0.44563246,0.27895194,-1.0026146,-0.6667752,0.6001329,-0.28830844,-0.14813948,0.33985204,1.4307989,-0.6706564,2.899102,-1.1382965,-0.71205604,-1.214083,-0.117196575,-0.22768748,0.026070498,-0.016741535,-1.7674645,-1.6053401,1.7086306,0.8633037,-0.9386562,1.5691513,-1.2754864,1.6534709,-0.79829395,-2.1721873,2.047106
-0.9898345,-1.9367007,1.1511228,-0.38113612,0.69389045,-0.3112143,0.28296685,2.151347,-0.94755256,-1.6897011,1.6497047,1.857402,0.19058907,3.7618957,-1.192041,-1.9019946,-0.72092766,-1.4911659,-0.30178636,0.39844674,-1.454162,-1.2137218,-2.3351047,2.819232,1.6737952,-0.09200322,1.4049766,-2.7839448,1.0834339,-0.5761269,-2.2064075,2.3474512
-1.0280381,-0.9027376,0.90701884,-0.1112978,-1.0680084,0.344214,1.9681166,1.7278143,-2.5344486,-4.126444,2.0058634,1.193398,0.22925195,6.132331,0.38588744,-3.41366,-0.38904047,-1.6510234,-0.75328636,1.796852,-2.859274,-0.010151394,-2.6963685,4.0705814,2.6195586,-1.0271244,1.970046,-4.0638556,0.96323603,-0.55292034,-2.3904657,1.2811359
-1.0900171,-1.3278834,3.2616768,-0.6405075,0.49998432,-0.79862463,0.7780612,0.9546359,-0.36828977,-0.17042601,1.0968523,0.87461275,0.14323655,4.87121,-0.14437984,-1.1018765,0.26534462,-1.0348489,0.44549584,2.3236005,0.49413532,-1.5516874,-2.785327,-0.35271373,1.2410457,-1.0560914,0.3853143,-1.1338143,1.2502329,-0.6325874,-2.8379228,1.3719046
-1.372884,-2.551617,0.30656794,-0.31181675,-0.1666024,-1.869632,0.59175164,1.2777531,-1.805411,-2.0179262,1.4478155,2.4834757,-0.8905233,4.2920785,-0.60526156,-1.8622782,-1.1399529,-0.96823174,-1.2864597,1.0662289,-2.6450732,-1.4282737,-2.7546413,3.3956854,1.2714025,-0.0482008,3.231548,-3.6215966,1.8039993,-1.3757144,-2.5210185,2.9371345
0.60075206,-0.5483717,0.912829,2.3295023,-1.3876791,1.5992149,1.090337,2.5865145,-1.9760468,-4.4916315,0.6239871,0.3787872,0.97447395,6.0333295,1.1844424,-4.200456,-0.73338556,-0.7512174,-1.729822,0.5400039,-3.9628794,2.165101,-2.5148566,4.3778133,-0.5238837,0.7382531,1.9163723,-1.8292508,3.1306658,-0.68035877,-1.3691543,1.4150202
-0.12563205,-1.5342335,0.8429158,-0.8390381,1.0075464,-2.6188672,-0.72324985,2.611891,0.18174231,-0.82057726,1.325472,3.0084915,-0.015063755,4.152812,-1.3625349,-1.744123,-0.96788013,-1.8495519,-0.370565,2.4949737,-1.3173825,-2.9485276,-2.6761508,0.7050626,0.87559557,0.87660444,3.660961,-1.9641006,1.9473922,-1.1955502,-3.6911914,2.9105957
-1.1523937,-1.6217902,0.23984581,-1.2158096,-0.9337384,0.19779155,1.3613884,1.7670981,-0.93569493,-3.08479,2.6273935,2.4584813,0.4427728,3.4398172,0.39318722,-2.1731608,-0.12423976,-1.2003142,-1.2304493,2.6518629,-1.8552355,-1.2950573,-1.7838355,2.557111,2.4959757,-0.096748106,1.6719793,-2.6720755,2.0191708,-1.9243585,-1.1374968,0.8260255
-1.931133,-1.8914981,1.0737913,-0.08858627,0.56666297,-0.89755285,0.03731077,2.0848837,-0.5213009,-1.0964134,0.3129735,1.6198995,0.028327309,3.881567,-0.3895849,-1.4612578,-0.6327841,-1.0899291,-0.60725915,1.254021,-0.2518986,-1.9996169,-3.3266377,1.7348975,1.1544415,-0.24782771,0.37508017,-2.7451048,0.9288659,-1.049909,-2.8467207,2.113603
-1.076769,-2.488515,2.0612428,-0.19597204,0.7374836,-0.96299833,0.034118753,1.8961418,-0.0837623,-0.5651915,0.73447317,2.077232,0.13916123,4.242008,-0.73796076,-1.0466626,-0.34929115,-0.60398316,-0.40547943,1.5158807,-0.7479461,-2.1921463,-2.8012388,0.8035867,0.45071438,-0.33405545,1.8394964,-1.1025401,2.95523,-1.6433306,-2.6953788,2.3201356
-0.83837605,-1.6075941,1.9846022,-0.27591974,1.2239866,-1.9861652,-0.1429925,0.48745993,-0.6728378,-0.74030906,1.0637969,1.7014376,-0.35265526,4.6168156,-1.329,-1.1912426,-0.20884681,-1.4981734,0.39227557,1.5212655,0.42602476,-2.1967168,-2.418154,0.8489939,1.5244293,-1.2797858,1.8874888,-1.859943,-0.008986674,-0.1187882,-3.2090924,2.0899363
0.3152438,-3.6964595,0.85291284,0.20722318,1.6191738,0.9468908,-2.4502864,1.6903291,0.2141757,-1.4693964,2.9723058,2.8000846,-0.5929861,0.36951277,-0.6614072,0.1775155,-0.046076342,-2.0349536,-0.31343734,-1.0263221,-1.2765037,-1.3180073,-1.4998599,2.4647627,0.37563646,1.2568015,0.70149577,0.33776596,2.7605748,-1.5128428,0.57118404,1.0073851
-0.7422557,-1.385718,0.6696533,0.03883201,1.9606185,-2.0396867,-0.3987547,0.638883,-0.932474,-1.5594054,-0.4172681,1.4170647,-1.2388679,3.6526759,-0.43561143,-1.5613927,-0.23506193,-1.5261745,-1.0881256,0.7165467,-0.61140937,-1.9301612,-2.3382933,1.6114482,0.3421083,-0.19728076,2.0208426,-2.9314396,0.0402316,0.13492747,-2.569854,3.2498527
-1.0823547,-1.8684803,3.772531,-1.7445774,0.9556368,-1.6948401,2.4921536,0.7451978,-0.7998928,-0.24153298,0.66924924,1.1485163,-0.4444828,6.9217525,-0.9123773,-1.2841616,1.3210397,-0.7268877,-0.30439723,3.8701863,-1.2827286,-2.0616684,-4.0615196,-1.207748,0.13791677,-0.11357511,2.1630147,-2.316346,1.080808,0.24483949,-3.530172,2.2609954
-0.2073828,-1.0780843,1.7773062,0.07504816,0.53239447,0.97401524,0.87864816,2.4450984,-1.4554257,-1.9785087,1.6642854,0.048823446,0.44937414,4.880402,0.11129993,-2.7937844,-0.8048078,-1.0781054,-1.0710421,1.2180065,-1.3055254,-1.078616,-2.8336325,2.7734373,1.7451853,-0.6304519,1.4513929,-2.742399,1.7074236,0.26160696,-2.6145322,1.5894784
-1.2623327,-1.6321021,2.0499601,1.2425053,0.847657,0.051098127,-0.5719725,2.2578263,-0.7462888,-1.4213073,0.8566357,2.1013443,0.26433504,5.637053,-0.89647037,-1.5502988,0.4975595,-1.3364499,0.08855049,1.0021952,0.6967272,-1.9235575,-2.7731752,1.6951632,2.1573095,-1.5631391,2.0277622,-2.4153976,1.7762076,-0.4940334,-4.0328803,1.7578914
-0.42762783,-1.3782967,2.1086917,-1.0204362,1.1961555,-1.4582794,1.0503232,1.4053597,-1.3229152,-1.0881996,2.3102582,1.7739884,0.18300784,5.3261466,-0.08805375,-2.1678402,-0.9105101,-1.6682897,-0.2960669,3.3027391,-0.10674987,-2.6677952,-3.0720174,0.9275329,2.437438,-0.6980112,1.9212587,-2.6730556,0.61178666,-0.4950186,-4.484564,2.1470265
-1.1206455,-1.5955143,1.6977702,-0.7074674,0.9058406,-0.2239131,0.68438256,1.0344751,-0.8910483,-0.47129864,1.4555227,0.6608984,-0.24041075,3.512068,0.21667957,-1.3885156,-1.1643709,-0.94072604,-0.6623355,1.8980354,0.33675486,-2.6056025,-2.156578,1.2196797,2.100004,-1.0861828,0.8246144,-1.2796065,1.6077949,-0.5237198,-2.6308413,1.4766619
-1.7242624,-1.6770253,0.9105694,1.307456,0.40144843,-1.5226945,0.36707672,0.24302131,-2.5473487,-1.51003,-0.2721065,0.8456426,-1.4172318,4.6446466,0.029611006,-1.742786,-1.6208448,-0.85969245,-0.9249762,0.40769228,-0.45411804,-1.2618042,-4.179709,2.8839536,1.2507627,-1.0812851,2.6615129,-3.1015282,0.024611048,-0.20654894,-3.5548966,2.0868847
0.015925946,-1.900771,0.2552699,-0.18099724,0.42270765,-1.4795945,0.8459541,1.2979726,-1.8753523,-1.7960602,1.4307517,2.4534533,-0.62354517,3.5491564,0.53280616,-2.045176,-1.3293755,-1.375576,-1.5836784,2.6251965,-1.5389249,-2.2535565,-3.357585,1.8626077,1.2041487,0.37718546,3.9695773,-2.4172733,1.0914577,-0.90758353,-2.661339,1.9188731
-1.1082499,-1.3527572,0.51225996,0.46878052,1.1648502,-3.0359404,-0.57846785,0.20450436,-1.6488652,-1.2621118,0.7125223,3.0399735,-1.373583,5.2123218,-0.22919999,-1.5469745,0.009149924,-1.6934265,-0.5526143,2.0747952,0.3939565,-2.7426143,-1.6657007,1.0056602,2.3193645,-1.231101,3.0647018,-3.301199,0.65365994,-1.0836093,-4.994963,3.3197715
-1.5755785,-1.2826705,2.8380685,0.27465504,0.17857322,-1.7608789,1.8784262,0.4719881,-2.2105134,-0.9970106,-0.106961325,1.1306938,-0.32231653,7.8655825,-0.7956472,-1.8553064,0.95348084,-0.66656774,0.5588686,1.9210894,-1.3759158,-0.29974166,-3.8038554,0.5538511,1.0098958,-1.1572804,2.632778,-3.7775323,0.17761008,-0.1355171,-5.0857725,2.0527174
-0.51104456,-0.5062526,1.4450306,-0.30662912,-1.1597261,-1.8705635,0.709159,1.1586981,-0.9020933,-0.86219126,1.0820484,1.4695588,-0.06517459,5.1883025,0.14183347,-2.1357825,-0.8342468,-0.89247787,0.14576356,3.009688,-1.9126657,-0.61706734,-3.1058226,0.25952452,0.9990016,0.22581288,2.691802,-1.7292752,1.5114002,-1.3609835,-3.5238838,1.2711412
-1.0332403,-1.4470333,-1.6356045,-0.13077354,-0.6402024,-2.6508226,-0.40226957,-0.5506464,-2.2450533,-2.2196064,1.2562186,2.5293067,-1.4441255,2.8638856,0.2599864,-1.7265768,-1.5702422,-1.3965188,-0.4935078,1.8812704,-0.43058538,-2.440289,-2.0635495,2.499015,3.1170027,-1.1601775,4.1091847,-3.025469,0.091891535,-1.6775613,-3.4508016,1.1047167
0.022973586,-1.283076,1.8366162,0.7461695,2.0660958,-1.5669061,-0.61261964,1.2045549,-0.62912977,-1.2227038,-0.14275184,1.692173,-0.2796537,4.7145605,0.5777489,-1.5413216,0.45803624,-1.4123653,-0.34012818,2.218506,1.015964,-2.4322674,-3.5126648,-0.3965265,0.13462853,-0.3435512,1.7645744,-1.7500799,0.7548622,-0.48022354,-4.1380606,1.9652652
-0.6162689,-1.9609901,1.2575336,-0.7772749,1.4042804,-0.8076865,0.78355867,0.14297034,-1.2161516,-0.8192327,1.3828559,0.32415608,-0.34276325,3.347072,-0.30305016,-2.0431318,-1.9420207,-0.3384136,-0.11891017,1.0969065,-0.038161486,-2.4495926,-2.5168295,1.7140892,1.5647038,-1.5330876,1.8022479,-1.6090652,1.4695607,-0.08501344,-2.5278947,2.2879686
-1.490773,-1.803341,1.0749805,0.2138351,0.2099317,-0.09102617,0.24106017,0.32579455,-0.999799,-0.84234196,0.35591415,0.9130102,-0.7384357,2.5257103,-0.059927493,-0.76083,-0.3517618,-0.023097716,-0.49993312,0.31118724,-0.42534715,-0.9426366,-1.7929876,1.5083693,1.0461001,-0.63218385,1.1522893,-1.3213148,1.7025036,-0.90743876,-1.4017966,1.3826873
0.014289357,-1.4936348,2.1936145,0.33190614,2.1444223,-1.1994734,0.39302203,0.15819034,-0.97384393,-1.2231822,-0.48806584,0.76063085,-0.81536376,3.3824036,0.63838416,-1.3200446,-0.11253115,-1.1491555,-0.8424954,1.2215284,0.4410424,-2.2551072,-2.9578402,0.42521,-0.22223833,-0.6559408,1.9819211,-1.0750256,0.36511973,0.17465007,-2.1866295,1.8163987
-0.010167377,-1.2133167,2.3273535,0.5127898,1.647753,-1.6175185,-0.6690089,1.3980693,-0.49581248,-1.4815211,0.74849606,2.3838627,0.061518498,4.800431,-1.7071741,-1.3864772,0.16114515,-2.6471436,0.401627,0.66824275,-0.9225452,-1.3792331,-2.2673552,1.5967151,0.6554006,0.05137126,1.9001166,-1.7990025,-0.4594869,-0.014480637,-2.8469276,2.4710953
-0.99192125,-1.370285,0.27746668,0.47228682,-0.5401077,-2.179358,0.11189732,1.1076101,-1.8775845,-1.8490897,1.8524259,2.628619,-0.55487305,4.8559747,0.08455068,-2.29413,-1.9436685,-1.7101557,-0.3640468,1.858494,-1.7504452,-1.3430666,-2.2191262,3.0313966,2.0921469,-0.1773802,2.6916137,-2.3191912,1.4577191,-2.06692,-4.016102,2.3670692
-0.8887989,-1.3204285,0.09871416,0.04115889,0.6898233,-1.0126358,-0.16573584,0.042931683,-1.0997113,-0.8335347,0.34889245,0.7883733,-0.88076097,1.9509265,0.39580375,-0.8402315,-0.83414906,-0.3824213,-0.53099835,0.7612159,0.116522424,-1.7180321,-1.6105719,1.323251,1.2931764,-0.7656904,1.7355857,-1.7605451,0.71190524,-0.47194156,-1.98033,1.2531971
-0.86465406,-1.3785666,0.9137738,-0.6784592,0.4332891,-0.65387505,0.8331011,1.3433859,-1.2114023,-0.28504357,0.5314354,1.5385672,-0.94397056,3.4724293,-0.019997597,-0.55436116,0.82493937,-0.92116964,-0.6659898,2.8574388,-0.4068681,-2.470423,-2.392398,-0.16732585,2.3142202,-0.33489844,3.746007,-2.6624553,1.1978338,0.06976311,-3.2704678,0.91892827
-1.5242889,-2.215947,1.02076,-0.8959557,-0.57752174,-0.90697336,1.0260745,0.90660614,-1.7244256,-1.4234893,2.3660276,2.686699,-0.712739,4.2157526,-1.3074696,-1.076547,-0.47147942,-1.5832417,-0.21474293,2.2536962,-1.3845426,-2.288919,-2.2396157,2.2587097,3.5193024,-0.4439284,3.9776602,-2.4295423,0.9929897,-1.0195279,-2.525773,0.934055
-0.060486265,-4.8119793,1.112318,-0.12950303,1.4376872,1.0886798,-3.0780113,2.8075216,0.9157951,-2.361349,4.053523,3.9756522,0.2800041,1.369957,-1.1312258,0.0641742,0.5123759,-2.424161,-0.12968367,-0.8307251,-1.3808905,-1.7013261,-1.9389412,3.0361285,0.6999563,0.5545729,0.48300582,-0.25734782,3.574055,-2.0576043,0.52389354,0.98295474
-0.926829,-1.7042705,0.93431664,0.08397487,1.134989,-1.0493473,0.7872331,0.45191208,-1.3924818,-0.49445164,0.19666706,0.9279664,-0.8526493,3.219975,-0.36487824,-1.3191993,-0.94718754,-0.26865873,-0.8746253,0.899142,-0.6175753,-2.2560282,-1.288898,1.5005002,1.4941478,-1.0616331,2.8618875,-1.5448608,1.7701216,-0.24949473,-2.514127,2.4538856
-1.1379334,-1.846508,-0.04253629,0.9977238,1.243036,-1.7131393,-1.4740915,1.3993037,-0.3085763,-1.9968016,-0.24522525,2.366115,-0.33845243,3.1199994,0.6983433,-1.4346639,-0.55949116,-0.8507345,-1.5501926,0.7781126,0.19475237,-2.5615897,-2.2712433,2.0222938,0.61013675,-1.36208,1.9440755,-2.4743168,2.131717,-1.7693063,-2.7901185,2.701826
-1.0984637,-1.2765782,0.42757738,0.27515602,-0.71817183,-0.48759362,0.38222587,0.93140113,-1.2454265,-2.2582676,2.4499924,2.1491394,-0.051384415,3.404428,0.9158203,-1.66157,-1.2176611,-1.5632731,-0.9696431,2.1755874,-0.89922446,-1.237124,-2.133593,2.611406,2.1323278,-0.3328948,1.095201,-1.3763958,1.3763521,-2.0782213,-1.9015124,0.75404716
-1.60815,-2.1701982,1.547366,-0.013989769,0.6598024,-1.6839304,-0.54636765,2.8748553,-0.3949494,-1.5575794,0.221391,1.5096476,0.3664944,5.637739,-1.107859,-2.5894635,-1.8179415,-1.1372896,-0.4354599,0.9222004,-0.6851901,-1.9420264,-3.9003987,2.4796329,0.8140068,-1.0425646,1.629154,-3.137849,2.181622,-0.6957803,-3.978748,3.5555391
-0.7154678,-2.582577,2.0449033,-0.8827963,-0.32434416,-1.1919255,1.148258,1.8632783,-1.7416658,-1.4262434,2.7918618,3.226633,-0.5846192,5.117719,-1.8447835,-1.4687567,-0.90035677,-2.4239638,0.14637855,1.7587289,-3.9203126,-0.8902812,-3.323227,2.8779085,1.2936332,2.4086888,2.691471,-2.2653291,1.0406433,-1.2966369,-2.6755915,2.3046782
-1.3078297,-1.9536546,0.9798081,-2.0873482,0.57575047,-1.909767,0.43817484,0.9804934,-0.7994683,-1.378338,1.1206704,1.0380688,-1.1145079,4.4635983,-1.5624796,-1.8918469,-0.50150347,-1.2090441,-0.21243982,1.265335,-1.2950436,-2.076024,-2.2863853,1.8369497,2.3586028,-1.4038535,2.4126403,-3.583634,1.0563694,-0.24980289,-2.4329321,3.003999
-0.1306894,-1.2827482,1.9992366,0.3325411,3.0711665,0.12059778,0.47717294,1.175556,-1.2395154,-1.7317787,0.6406882,0.69404787,0.124049865,4.5835,-0.19462736,-1.919125,0.38389677,-1.3506442,-0.67916965,0.6511575,0.76180565,-2.1310475,-1.8835421,1.8109213,1.503241,-1.4995817,1.1226614,-2.9765577,-0.100302435,1.3912611,-3.0021546,2.5532854
-0.8183292,-2.4227467,0.34241015,0.3951956,1.013262,-2.1534402,-0.19163367,-0.13025075,-1.8993381,-1.4142092,0.07750845,2.45667,-1.8134817,3.8164887,-0.55558026,-0.9735777,0.13107157,-1.2896696,-0.91799986,0.6537345,-1.1588693,-2.0904148,-2.0044935,2.0752797,1.0428324,-0.6244153,3.575376,-2.4576068,0.6767445,-1.1210424,-2.680013,2.7002578
1.0165343,-1.3708994,0.65290546,-0.7796691,2.1426325,-3.960911,-0.6528198,-3.2160335,-3.0302184,-2.4263313,-0.62880504,-0.7405629,-3.7371132,2.3107471,-0.56895167,-2.6412477,-2.3979988,-2.6677384,0.56465113,-1.308716,-2.433936,-0.5623639,-1.5603544,2.6346576,0.27352938,0.6579936,3.0839462,-0.82411027,-1.3545287,0.02974789,-0.76299715,3.4571092
-0.33729818,-1.3642362,0.47768873,0.2473981,-0.49379832,-0.8953318,1.1148053,2.0586057,-1.1468261,-1.6073622,0.8323886,1.5463165,-0.025221169,4.070073,-0.24552615,-2.365253,-2.056541,-0.31244558,-1.4314137,2.0654495,-2.5709965,-1.4244643,-3.9249742,2.1393244,0.057387985,0.91611266,3.5478451,-2.2001445,1.6027858,-0.59289455,-2.211904,1.9199378
-0.25105876,-2.153477,1.4779341,-0.58565784,0.8849321,-0.54512805,1.4883225,2.4021416,-1.4790155,-1.6716698,0.58993787,2.2774441,-0.092862405,5.0022373,-1.0856876,-2.0404894,-0.042967245,-0.7809212,-1.0357388,2.1239514,-2.7943645,-1.7499082,-3.541258,1.5375786,0.50291866,1.1269896,4.0386567,-3.3125093,1.8850658,-0.10916813,-2.9282582,2.9799647
-0.86492145,-1.7990658,-0.5093444,0.2598284,-0.7935535,-1.2333733,0.20455883,2.5859828,-1.3532451,-2.2283912,1.2599269,2.9878552,-0.08141515,3.7854056,0.35549515,-2.1521003,-1.4059027,-1.072302,-1.9703493,2.8033125,-0.91972035,-2.3601694,-3.2355947,2.304318,2.083034,-0.4356273,4.0129986,-2.9997184,2.0009952,-1.7581503,-2.804809,1.6605779
-0.1386461,-1.512851,2.1806207,0.7405514,-0.5184565,0.8518154,1.0649397,1.916849,-1.5990684,-2.337534,1.904895,0.92625993,0.087609686,4.810063,0.5277641,-2.2209635,-0.03651534,-1.32876,-0.958732,0.75285006,-3.2077844,0.75374687,-2.1714196,3.098308,0.27445954,0.8384404,0.6239399,-1.1257365,2.6245065,-1.464382,-1.5242871,1.3666757
-1.02635,-1.2393532,1.9099951,0.1932488,0.173335,-2.1909988,0.72099406,-0.027734064,-1.7361315,-0.2436105,0.97837496,2.4434516,-1.243033,5.5360136,-1.4444785,-0.66200876,1.0062802,-1.4459611,0.63182443,1.8391902,-1.015955,-1.4044874,-1.7740269,0.46842465,1.8911229,-0.20895374,3.2830868,-2.3988616,0.17167881,-0.65066445,-4.1232944,1.9691067
1.6815476,-0.28427088,1.4262353,3.053655,0.24303234,0.6240796,-0.56196195,1.2214679,-1.1816882,-3.6857405,-0.78109455,0.64275795,0.6941049,5.7403765,1.1634173,-4.294641,0.10136843,-1.0900793,-1.4028939,0.44193515,-2.929329,1.639125,-1.9204227,2.3451803,-2.3788693,-0.13058463,2.8105013,0.01088544,3.5109186,-0.037223928,-1.1423175,2.2302303
-0.15979479,-0.67287254,1.4656518,-0.011444509,0.93134654,-1.5119863,0.2421408,-0.028124064,-1.3329155,-0.37221336,0.5683389,0.7162634,-0.80941355,3.6556878,-0.16007556,-1.3825504,-0.7141472,-1.0814992,0.05586098,1.199594,-0.5331166,-1.3506747,-1.1764517,0.7291056,1.2187222,-0.51352257,1.9417185,-1.0908545,0.5193565,-0.24162263,-2.9635549,2.0188253
-0.014896227,-1.7134092,2.2202334,0.107350364,2.2987669,-0.602169,-0.40272236,1.7552831,-0.36338335,-1.2324148,1.4227649,2.5330298,0.2811184,4.521432,-1.2125351,-1.409656,0.558269,-1.653646,-0.43930447,1.5754977,-0.3380985,-2.8534648,-1.6008272,1.073335,1.3544453,-0.36736333,2.8579645,-1.7267191,1.4024533,-0.15894642,-3.170933,2.8202138
-0.85430276,-0.36472785,1.250587,0.39473444,-1.8331027,-0.31202954,1.3037049,1.7646382,-0.9603381,-1.430048,0.92228025,2.1378465,0.032276936,4.762268,-0.3634503,-1.6854697,0.41140497,-0.96161264,-0.31081712,2.3156648,-2.2682965,0.45474127,-2.8579152,0.99015987,1.1127485,0.51180756,2.3913527,-2.1850438,1.2057892,-1.1578957,-2.2465453,0.52634037
-0.9872529,-1.8586919,0.33015728,-0.39592224,0.9793528,-1.7615377,0.7281289,0.67782426,-1.0214367,-0.14604953,-0.16138369,0.6346363,-0.83029914,3.3417885,0.3272125,-1.4748893,-1.2177297,0.30246305,-1.4629409,2.065606,-0.02003065,-2.820754,-2.9677458,0.3236931,0.56125444,-1.2068201,3.0462642,-2.192912,1.7343792,-0.39738584,-2.9824495,2.3829541
-1.2499864,-1.523157,-0.4479894,-0.16546704,0.06107361,-2.4013681,-0.9022437,-0.028621549,-1.2463855,-0.5106087,0.36964443,1.5782413,-1.3157277,3.2448516,-1.6236259,-1.448619,-2.0242476,-0.8333511,0.39733493,0.7787462,-0.26023516,-2.748848,-1.4362704,1.8295425,2.7217767,-1.727381,3.9673042,-1.7185382,1.2301235,-0.8679416,-3.560776,2.1482754
-0.14222088,-1.7923064,1.8519688,0.21948399,1.152992,-0.45048818,0.5384163,2.4496324,-0.5511713,-2.2281559,1.3313353,1.8518975,1.2985384,5.292517,0.14873242,-2.582364,-1.2193997,-1.2780101,-1.0093901,2.86777,0.5325534,-2.906789,-4.1140857,1.4328512,1.0534492,-1.4865562,2.8319945,-2.15222,1.2725617,-0.08034806,-3.1892211,1.5164896
0.5523142,-0.51407963,1.3996946,0.65897155,-1.4168777,1.476026,1.1212336,2.5720685,-1.5759387,-3.781977,1.8715146,0.17422804,1.7659147,5.1017966,1.4101727,-3.5252302,-0.8595446,-1.1519142,-0.5501155,1.9186895,-2.6646786,1.2532828,-3.209,2.515095,0.10749256,0.9837,0.42331347,-1.6963631,2.0334225,-0.71291894,-1.8392268,-0.006101027
-0.8563196,-1.5876483,0.061887823,-1.2007332,0.84240896,-1.3187101,0.09317849,2.373962,-0.8552654,-2.0764031,1.5567842,2.618963,0.18623501,4.557773,-0.4610557,-2.1401114,0.40739113,-1.809798,-0.47995496,2.7526884,-0.29945463,-2.78595,-2.1222088,1.3015348,2.9445336,-0.6067403,2.6162071,-3.9894822,0.89043933,-0.6751231,-3.9997797,2.1758354
-0.6957543,-2.3027449,2.3380432,0.6163125,-0.42906427,-0.839006,0.088277295,3.8754418,-0.063640594,-1.9182017,1.9128054,3.3105335,1.4487875,5.8516293,-0.6709662,-2.2901015,-1.4628402,-1.6746113,-0.6724781,2.5736682,-1.8371394,-1.5172801,-5.1455045,2.24899,0.059501886,0.730419,2.0675943,-1.92524,2.6215923,-2.0463836,-3.4342306,1.8916994
-1.6831481,-1.6612583,-0.7451461,0.772925,0.57118344,-1.0636059,-0.17796636,1.0336897,-1.5567842,-0.80097646,-0.81079614,1.1211907,-1.148261,2.7970562,0.23978609,-1.5728545,-1.7146906,0.10039885,-1.5981435,0.5270444,-0.22709037,-2.1626568,-2.650193,1.9567466,0.9698182,-0.6402643,2.7596,-2.7112288,1.9348273,-0.7477071,-3.079127,2.5523636
-0.102817625,-1.7327822,1.451256,-0.8920785,1.3634138,-0.6424516,0.17396048,0.7518299,-0.39335158,-0.78350675,0.9242418,0.6649935,0.023926742,2.216428,-0.54814184,-1.2233257,-0.8443439,-0.8186106,-0.046314985,0.88227206,-0.83696157,-1.8732749,-1.9653611,0.69505453,0.15516621,0.11109473,1.6560857,-0.61418325,1.7647622,-0.20576924,-1.2037098,1.5526811
-0.74100256,-1.2018676,1.0157955,-0.2967013,1.8263433,-0.9169731,0.44280654,1.0539739,-1.2821147,-0.7533788,0.34996352,0.5940103,-0.41925728,4.3688703,-0.1297879,-1.9589076,-1.020256,-0.685687,-0.8559217,2.1442468,0.603748,-3.1657393,-2.6338627,0.7791816,1.9526305,-1.2791646,2.5566416,-2.567424,0.7357336,0.6692666,-3.9739447,2.2740223
-0.5191317,-1.6670141,2.6002173,-1.0497633,1.2076166,-1.6746645,1.1240628,0.084931605,-1.3404908,-0.7959577,0.29283583,0.4251662,-1.0541438,4.140537,-0.024464056,-1.5070349,0.40370804,-1.2560494,0.11407456,2.083449,-0.7638244,-1.6403123,-2.5580828,-0.40646836,0.93970054,-0.60857683,2.3169045,-1.2822509,1.2308654,-0.26166934,-2.32121,1.7472721
-0.3275682,-1.2312282,0.90339583,-0.08496624,1.1173587,-1.167527,-0.00088401884,2.8418117,-0.26861295,-1.5964656,0.66519046,0.77000207,0.67136455,4.037615,-0.3030417,-2.8641608,-2.7784393,-1.1866481,-0.9658842,1.3906146,-0.7341483,-2.1194007,-4.2111406,2.3540606,0.27674413,0.046922408,1.5303191,-2.3813062,1.0424161,0.05202614,-2.6891537,2.711443
-1.3989195,-1.8050584,0.5105033,-0.55279887,-0.8595359,-0.18910514,0.24467728,1.190727,-0.89914143,-1.2338428,1.9034976,2.3126616,-0.06831785,2.9160085,-0.06702477,-1.3166958,-0.6042504,-0.27540123,-0.41460347,1.3843955,-0.6181416,-0.91642785,-2.5698273,1.8309177,1.9192216,-0.6255541,1.7744681,-2.730087,1.8387536,-1.709007,-2.1707072,0.87782395
-0.836058,-1.1419309,1.5615232,0.16956648,-1.0417769,-1.2727194,0.6660585,1.9145343,-0.74852777,-1.5104505,1.0649803,1.9125326,0.25988963,5.004134,-0.47877306,-1.9851052,-0.6801004,-1.3164567,-0.05438055,1.4845012,-2.4774725,0.19078988,-3.0289044,1.8014872,0.23016882,0.5750613,1.6413301,-1.9138794,1.2121705,-1.3861668,-2.4653099,1.4968176
0.14069775,-0.8491147,-0.13311204,0.45972496,0.5423207,-0.771191,-0.4732384,2.127905,-0.7501904,-2.214916,1.4308906,1.9395331,0.51316756,3.5821583,0.95702857,-2.5661654,-2.0648413,-1.1472477,-1.3847303,2.9281518,0.42960972,-2.6424406,-4.3370314,1.6914803,0.95208263,-0.29480734,2.7875726,-2.3423924,1.311974,-0.4978773,-3.2357256,1.2152715
-1.0625548,-1.2802168,0.99147284,-0.07089186,0.91806465,-0.9210625,0.059629872,-0.1471943,-1.2494789,0.47728458,0.6199038,1.203918,-1.2785615,2.8906274,-0.48088175,-0.23758516,0.050508454,-0.67373,-0.17983288,1.4293792,0.21238732,-2.3355615,-0.8487463,0.11159783,2.1578045,-0.6789686,2.4401898,-1.1981729,0.8603517,-0.3555138,-3.0144117,1.3138819
-1.6603369,-2.249737,1.1050265,-0.88894635,0.46573323,-1.8791475,-0.42331666,1.5226692,-0.71093166,-1.3563591,1.5065056,2.0660036,0.16860756,4.772242,-0.4956535,-1.6858866,-1.179121,-1.2800001,0.043316975,2.3144135,-0.15390915,-2.639827,-3.1438048,1.3807118,1.9798698,-0.97541356,1.3242365,-2.415277,1.717548,-1.7819899,-4.039967,2.1452584
-0.53181106,-1.1880366,0.19957326,-0.049454227,1.6029942,-1.183869,-0.35894462,0.70264316,-1.2665124,-0.30954155,0.7113299,1.2334244,-1.0122681,2.5815835,-0.50966394,-1.1800725,-0.75093937,-1.2064437,-0.34114218,1.4376353,0.3421827,-2.9605434,-1.1952869,0.752648,2.2316377,-0.28260845,3.3039029,-1.5993224,0.85059863,-0.025786752,-3.1994414,1.8448731
-0.7433951,-1.2369004,0.91869235,-0.6365407,-0.9820195,0.29820806,1.1185127,1.1053417,-1.80365,-3.0055082,1.9034994,0.07085498,-0.11057275,4.112972,0.64181685,-2.5106997,-0.13861376,-0.9925099,-0.5238722,0.72976816,-2.3013442,0.4233968,-1.8986421,3.022596,1.7162048,-0.5985029,0.6040844,-2.6713119,1.7148678,-1.0586597,-1.4398749,0.73644793
-0.6088408,-1.2012136,2.2767878,0.16619015,-0.27441245,-0.1749566,0.75281733,1.4571329,-0.4924969,-1.7157971,1.2526599,1.4230303,0.39956588,4.7154236,-0.84421045,-1.464804,-0.05602032,-1.4947894,-0.15876967,0.8139331,-1.7170961,-0.53397846,-1.5944207,1.9088589,1.1009886,-0.8471858,1.3188429,-1.1425625,1.5201913,-0.4823076,-1.556785,1.4174676
-1.0805464,-1.5386312,0.7191129,-0.8096941,1.1228027,-0.4398391,-0.022815533,1.3584514,-0.07760706,-0.04695432,0.5956235,1.3215429,-0.026545681,1.9699101,0.121255666,-0.56892335,-0.8787071,-0.4591989,-0.7615681,2.5765944,1.2203184,-3.2558374,-3.1861217,-0.18414786,1.2987343,-0.14113668,1.4777128,-1.4955086,1.3330728,-0.32829475,-2.398222,1.1133051
-0.22095835,-2.0694356,2.4702177,-0.2428704,1.9516456,-0.7334889,0.17460799,2.1302097,-0.44555187,-0.87120104,1.039373,1.6603538,0.7345903,4.6855793,-0.5906557,-1.6838682,-0.5913861,-0.9486856,-0.51174283,2.586118,0.079563394,-2.997699,-4.2602553,0.28321722,0.36445615,-0.096926354,2.154136,-1.887125,1.2363765,-0.023021618,-3.359274,2.1966448
-1.0102868,-1.4614218,0.62562746,-1.0392524,0.709909,-2.5292618,-0.31854534,0.16294935,-0.87252414,-1.1900496,0.5066292,1.2039189,-1.0326368,3.505774,-1.1137282,-1.6943431,-1.0962455,-1.164489,0.16661018,1.059537,-0.1710724,-2.0982263,-1.3008229,1.2580138,2.0266452,-1.5988485,2.7506332,-2.0302904,0.84538424,-0.5086708,-2.463596,2.5081186
-0.5719097,-1.4649018,0.66991735,-0.53835446,-0.44476074,-1.1276734,0.48768738,1.6654727,-0.7062323,-0.81537515,1.4695376,2.0572433,0.0039974153,2.9900851,0.025561586,-1.6123501,-1.8852667,-1.0852594,-0.51099324,2.6395345,-1.2911308,-1.8202811,-3.4625509,1.2470566,0.90721756,0.8546231,2.2169597,-1.3100519,1.6228582,-1.6045809,-2.451507,1.2819462
-0.8361744,-2.331476,1.9349872,0.21168208,1.9137728,-0.2908808,0.5162403,0.9963042,-1.1183709,-1.4373499,0.015693486,1.1063653,-0.54385847,3.649768,-0.02567929,-1.2235926,0.61820155,-0.74108785,-1.0211937,0.4324759,-0.49834538,-1.9068055,-1.8520839,1.5833857,0.77254266,-1.0829821,2.0365553,-1.806473,1.7697867,-0.058952764,-1.8622069,2.365878
-0.8639788,-1.7142682,-0.8370768,-0.61046433,0.11276208,-1.0135063,0.36227587,1.5543742,-1.476512,-1.5184764,1.6594875,2.8877237,-0.74636334,2.6247065,0.52154654,-1.0001328,0.18597502,-1.4138277,-1.5436662,2.7717297,-0.53050935,-2.511989,-3.066832,1.2300975,2.1930254,0.17197698,2.9397128,-3.81978,0.45049468,-1.0627506,-3.0093744,1.0035979
-0.7206765,-1.3664325,1.5225625,1.035573,0.6760176,0.11179116,-0.012203507,2.5326135,-1.3356571,-2.6251483,1.1661631,0.7366601,0.55765146,5.218175,0.28482968,-2.5059204,-0.4139126,-1.3163717,-0.84868324,0.25852045,-0.7829231,-0.9142029,-2.283037,3.4478168,1.7015815,-1.3590354,0.77024615,-2.728965,1.9146309,-0.6408917,-3.1744983,2.1343155
-0.93058175,-1.0682822,0.48715958,-0.30318773,0.31682533,-1.6084036,-0.4723701,-0.039069887,-1.3936491,-1.8546286,1.1689045,1.127109,-0.3952856,3.6669703,0.65737605,-2.0690506,-1.8363765,-1.4589446,0.287786,1.9615663,1.1459975,-2.1768458,-3.1104882,1.3175262,2.4334204,-1.9753499,1.5334251,-2.3595023,-0.0025519133,-0.96028554,-3.686066,0.9113208
0.3498674,-1.5520989,2.4920173,0.12440685,2.2482271,-1.0253007,1.1016845,0.019876722,-1.5694665,0.0427766,0.14907557,0.61252296,-1.1055653,4.1823487,-0.1424974,-1.2663453,-0.1855329,-0.7910683,-0.68024486,1.7938458,-0.13681163,-2.3642511,-2.4817114,0.007832959,0.7039452,-0.80860496,3.2601295,-1.0645959,0.6575312,0.7937633,-3.1114626,2.2624943
-0.3127607,-0.27489513,-0.73514515,0.3827495,-0.76194,-1.7411256,1.0548364,0.634519,-3.301287,-3.2862616,1.3654408,1.4341369,-1.3900527,4.9238124,1.0648963,-3.2255387,-0.93384933,-2.091455,-1.131499,1.9553778,-2.985861,-0.26397458,-2.2905428,3.3161476,2.273146,0.6217194,3.3610048,-3.808821,0.22402687,-1.2479888,-3.4971273,1.9735315
1.3377169,-1.0100237,0.09884415,-0.67040133,1.8417172,-3.0484989,-0.74971807,-3.07647,-2.5475645,-1.6501352,-0.21603015,-0.6450507,-3.442417,1.0110328,0.28635192,-1.9247142,-1.5142835,-1.8364152,0.5596736,-0.86620027,-1.8762155,-0.3687496,-0.76555175,1.694253,0.0480756,1.190713,2.052477,-0.27212167,-0.62551427,-0.36854097,-0.74096966,2.3496585
-1.4385371,-2.0547767,-0.21281585,-0.056220874,-0.1449903,-0.8142456,0.5869061,1.199708,-1.7128222,-1.4399368,1.4712219,2.5964217,-1.0725291,3.447642,-0.08993773,-1.1580688,-0.25088418,-0.8253492,-1.3727113,1.6815013,-0.7983494,-2.153701,-2.2224386,2.326575,2.8257406,-0.8866172,3.643129,-3.5203435,1.3919178,-0.8699949,-2.8790646,1.7579619
-0.34206158,-0.55066186,0.92540723,0.60150087,-0.86154646,-0.6242839,0.61592716,2.9119768,-0.74011517,-3.358214,0.98792684,1.4270114,1.1809539,5.954263,0.26252005,-3.631303,-1.0051914,-1.3591803,-0.79883957,1.7122146,-2.2897482,0.34825712,-2.6737406,2.6015873,0.4668478,-0.57021236,1.7484542,-2.5997078,2.2799995,-0.95908624,-2.6271183,2.0262375
1.3102311,-0.2822806,1.9692852,1.4380865,0.9378308,-0.01590851,0.5919681,1.4601917,-1.0700179,-3.3689346,-1.1069365,-0.6394035,1.2688885,6.3281145,1.4359642,-4.7992163,-0.91224235,-0.7789745,-0.82496214,1.3865002,-1.7437154,0.6971841,-3.1899815,1.1934221,-2.0595112,-0.75698537,2.0396087,-0.98424613,2.5864697,0.53333527,-2.4047248,2.3095653
0.029946677,-1.2841151,2.3490644,3.2665055,-0.6616777,2.9462628,0.7289287,1.8626953,-2.3391883,-2.7126045,0.48163435,0.30311707,0.74602693,5.6571507,-0.05971794,-2.8446054,-0.29641768,-0.7579414,-0.41058725,-0.9746892,-3.8248258,2.7505863,-2.5371113,4.165425,-0.55497783,1.6246986,1.0133333,-0.509695,3.1767297,-0.2948819,-1.6325902,1.0672088
-2.2416217,-3.1901526,1.0475731,-0.13797794,1.0382406,0.68922,-0.35840443,0.7885663,-1.7911649,-1.6026924,1.7535805,1.7858764,-0.320805,3.7212415,-0.24517511,-0.994688,0.049713433,-0.8835014,-0.132157,0.5036266,0.98745877,-2.2462542,-2.8418179,2.5978944,3.5177503,-2.0685525,1.0675266,-3.5795557,1.3785151,-0.7946063,-3.46211,1.2272569
-0.7477184,-1.2706515,0.70282876,-0.55335796,2.0174246,-1.2943218,0.021257915,2.514299,-0.20170528,-1.2976296,0.7186262,1.4693072,0.7058795,5.167953,-1.7931781,-2.5719051,-0.95138365,-0.90020454,-0.42244798,1.4626687,0.07008691,-3.291067,-2.1547973,1.6045107,1.8475219,-1.5185727,2.9188523,-3.2831078,1.3628055,0.6990759,-4.1218705,3.6803567
0.8952227,-1.524474,1.6555167,-1.1091964,-0.58534884,1.1998354,-0.845031,0.04808311,0.26264745,-0.8709794,2.5052865,0.8968318,1.1262505,0.9098365,-1.7964705,-0.23707175,-0.22418143,-0.8760601,1.868138,-0.1824233,-1.3858098,0.9780308,-1.2740269,0.7668263,0.40712854,-0.0025101006,-0.28090116,0.30053043,0.23537025,-0.02171865,0.748835,-1.1341192
-0.060672708,-0.41919732,1.2350093,0.7681645,-0.13509569,0.77678835,0.28326407,1.9385146,-0.94910336,-2.0418355,0.94421464,-0.18348107,0.5019932,4.111992,0.10658486,-2.6871927,-1.143559,-1.1025977,-0.55986434,0.07988495,-2.346329,0.50591767,-1.130535,2.738427,0.7619485,-0.030718945,0.33846346,-0.9219383,2.0805886,-0.3282564,-1.5487447,1.5797198
0.4768221,-0.59115034,0.6892687,-0.8155893,1.0991733,-2.03736,-0.7612943,-2.430671,-2.1626694,-1.8102456,0.23258264,-1.2021842,-3.0814514,1.358211,-1.2180221,-2.2869654,-2.0975215,-2.4753776,1.0328823,-1.9761951,-2.6561499,0.9815128,-1.3791732,2.4684343,0.5344571,1.0917467,0.95873606,-0.5269602,-1.5612997,0.62842804,-0.015566722,1.9712824
-1.2241251,-0.8777628,0.9833225,0.48847526,0.75464964,-1.570112,-0.7234362,0.75900865,-0.8411801,-0.5228352,-0.359489,0.72721016,-1.0104507,3.5517626,-0.07106352,-1.3956634,-0.7914706,-0.8641978,-0.3324046,0.901283,0.29816088,-1.6329169,-2.2233665,1.15888,1.2406812,-1.1527288,1.5020753,-1.9546835,0.7682329,-0.37226108,-2.908271,2.310407
-1.7196525,-1.7736163,0.7431657,-0.30973297,0.22668195,-0.84833854,-0.65419257,2.4846125,0.083067715,-0.71048546,0.5923738,1.966276,-0.30062267,4.531656,-0.8812451,-1.3536408,0.80998945,-0.82999516,-0.19488996,1.4666289,-0.13901949,-1.9298074,-1.4287727,0.60774493,2.0283127,-1.3366054,1.9474695,-2.7514327,3.118607,-1.2390606,-3.4239972,2.423535
1.7209669,0.47166666,-0.06485534,-0.13973129,1.6524124,-2.8994932,-0.25215736,-3.0180066,-2.7636886,-1.750839,-1.2275255,-1.4903278,-3.1189501,1.7259378,0.40779373,-2.8227189,-1.6155108,-2.0000725,0.6614481,-0.6286425,-2.282483,0.7534715,-1.520987,1.0561417,-0.27774614,1.2519772,2.585945,-1.2181492,-1.8787472,1.1067417,-1.2053763,2.400252
-0.25149298,-0.6680759,0.021179214,0.8598913,-0.58419234,-1.6185013,-0.71581995,2.432341,-1.5303471,-1.9650528,1.9941574,2.6024706,0.03995148,4.2846994,-0.17998104,-2.2263362,-2.2184196,-2.6335967,-0.32196742,1.8551371,-1.4092419,-0.970894,-4.1542716,2.6850123,1.6663728,1.2047448,2.3030252,-2.7284265,-0.12023618,-1.1017457,-4.1561933,1.2171737
-0.94324166,-2.5992408,3.478558,-0.6973769,1.2650921,-2.2199244,0.1842846,0.7218336,-0.22251232,-0.31090695,0.8213697,2.0267138,-0.3366847,5.9662104,-1.8760397,-1.2116919,0.3492955,-1.1702191,0.27631897,1.1463712,-1.6979673,-1.6522009,-2.2760012,0.6511682,-0.05101364,-0.81426543,1.7272599,-1.2323928,1.903706,-1.2482783,-2.9230783,3.5291474
-0.5457458,-1.764835,1.3152851,-0.028014876,1.6452658,-1.0019485,-0.077756085,-0.11204016,-0.9629079,-0.78777933,0.64194757,1.075462,-0.6945293,2.2511842,-0.5404017,-0.7080306,-1.03348,-1.2057083,-0.31738696,0.18386084,0.1233363,-1.9677918,-1.7870717,1.6690481,0.9559272,-0.40988252,1.0420399,-1.0812933,-0.23224917,-0.10566801,-1.6470311,1.8030301
1.7041487,0.035802923,0.15701582,1.127135,2.5476243,-1.5116391,-0.4855109,-1.1948032,-2.7571325,-1.4236225,-0.31118694,-0.36627427,-2.331507,1.5394869,0.05103208,-1.9307636,-1.1134398,-2.063311,-0.10182205,-1.4948711,-1.3025587,0.27882615,-0.98517656,2.218715,0.25340134,1.1052347,2.1129453,-1.5983955,-1.9949174,1.5392096,-1.8269681,2.6765344
-1.2931551,-1.5123339,-0.5572443,-0.43923962,-0.6676289,-0.33200908,0.3425507,0.51634294,-1.2165208,-1.0062668,0.76758516,1.6933278,-0.8205009,1.9872215,1.6101485,-0.6086322,0.29791558,-0.11218172,-1.1210182,3.1518083,0.2393785,-2.2869458,-1.8868709,-0.0946427,2.4917102,-0.62524503,2.9698715,-1.7358174,2.4555576,-1.7856598,-2.1939235,-0.10990965
-1.1352448,-2.2406378,1.1298802,0.7145322,1.6380975,-1.0800766,-0.41863966,1.0538491,-1.3879807,-1.2728968,0.49552882,1.4274257,-1.0850912,4.504267,-0.6979136,-1.26487,-0.16012768,-1.4564078,-0.6342251,0.20949076,0.23270154,-2.3954787,-2.2619472,2.259554,1.8324956,-1.838051,2.4702115,-2.3959098,1.1179752,-0.17779893,-3.300577,2.432173
-0.80630684,-1.5267956,1.3223498,0.34190303,0.878555,-1.811353,0.6397184,0.034693662,-1.965601,-0.7736896,0.46037245,1.7781901,-1.4873613,4.536274,-0.51116353,-1.2198492,0.0147679,-1.1579125,-0.770684,1.6404494,-0.9594343,-1.6849916,-3.002547,1.1464622,1.2405481,-0.3026782,3.5137155,-2.82471,-0.069372915,0.022862032,-3.2092855,2.251442
-0.0036397204,-1.157373,2.168343,0.4133711,-0.45560777,1.6796492,2.6137834,2.418707,-2.267353,-3.0572503,1.445984,0.07426163,0.0797024,5.675559,1.6068281,-2.8974962,0.83565414,-0.8400961,-2.2694035,2.1919105,-2.7707255,0.014355049,-1.9033096,2.6442537,1.1134435,-0.5096989,1.7393129,-2.210574,3.167977,-0.2659662,-1.6291068,1.1963098
-1.6751758,-2.7456205,1.078948,0.4281966,-0.8031733,-2.968972,-0.7086865,0.8262074,-1.2457078,-2.1378982,1.2845513,3.9317994,-0.5611557,4.8142457,-1.4254057,-1.4219918,-1.6379533,-1.8256893,-0.089561835,1.2518519,-1.2320276,-1.4457002,-4.1369677,2.9897165,1.1818236,-0.32057062,2.9250455,-2.4397304,0.6090012,-2.6899328,-3.1368785,2.245441
-0.44206804,-2.370581,1.7735406,-0.4198352,1.2203367,-1.4204881,0.7340996,1.3300947,-0.74319875,-0.73506576,0.43726805,2.5060573,-0.55840087,4.932568,-0.98905236,-0.8143503,1.4600244,-0.9498097,-0.7941486,1.7420415,-0.87743354,-2.2359283,-2.397235,0.2812303,0.48973954,-0.6739547,3.2817762,-2.5460966,1.6381727,-0.45732483,-3.0291708,2.5086832
-1.1047693,-1.1610085,1.5223023,-0.5136426,-0.13502586,-1.0773032,0.89280313,1.7285935,-0.95422053,-0.60464215,1.1026492,2.360661,-0.19358975,4.8186035,-1.6671546,-1.2381254,0.2015501,-1.3812141,-0.01888964,1.7264234,-2.2996778,-0.94507015,-2.0241804,1.3234669,1.5513072,1.2322426,2.6003256,-2.4363873,0.83933055,-0.6365329,-3.2103631,2.0726404
0.25630206,-1.1957992,0.4119692,-0.7505331,1.4379852,-2.4318514,-0.11832481,-2.8218093,-2.6640959,-1.1617856,-0.59977555,-0.80871874,-3.3564947,1.131772,-0.18260534,-1.5705425,-1.5380901,-1.5049397,0.39551878,-1.0482576,-2.0543199,-0.31927085,-1.0696616,1.7189134,0.6808411,0.62373364,2.1895537,-0.67600435,-0.69005406,-0.11283651,-0.62938803,2.1532521
-0.36593506,-0.97850823,0.13919017,-0.1121559,0.5241964,-0.31309566,0.10610368,0.80539435,-0.6358391,-0.41958684,0.6426454,0.6840675,0.0323601,1.2671599,1.0174154,-1.0490003,-1.4781554,-0.25845188,-0.6240555,1.6869129,0.58966315,-2.2078083,-2.0395067,0.54260767,1.0251992,-0.48038122,1.3614005,-0.8198864,1.3242326,-0.62967896,-2.0349066,0.40325162
-0.6194318,-1.077187,1.8361249,-1.271884,1.2998741,-1.9362339,0.7312215,0.2554741,-1.0112355,-1.3722911,0.7014885,0.91341186,-0.51512384,4.78328,-0.18401305,-2.3434079,-0.3224517,-1.106212,-0.16483554,2.0695677,-0.36281508,-1.8267931,-2.0721896,0.54483485,1.4959656,-1.4358971,1.8792621,-2.6044478,0.9674129,-0.14179927,-2.9446747,2.8507652
-1.3645039,-1.1532735,-0.11282745,0.49797553,-0.069296554,-0.75347567,-0.29038724,-0.014012192,-1.7632445,-1.1698289,1.4217303,1.7847631,-1.1079478,2.346654,0.005231455,-0.8370026,-1.0077059,-1.4036542,-0.2899143,1.0560344,-0.23197426,-1.7125732,-1.196499,2.3501804,2.850741,-0.066206105,1.7364057,-1.5332745,0.12789638,-1.160306,-2.5021188,0.87776124
-0.34594524,-1.6120709,-0.7172589,0.73452044,0.7803999,-2.744714,0.22161657,3.1462533,-1.8624688,-3.3778343,1.0893574,3.2429328,0.13953075,6.199918,-0.108116284,-3.6849177,-1.5638812,-1.4437332,-2.4329412,2.5793352,-1.0930791,-2.6280363,-4.7757645,3.448554,1.3560611,-0.91917485,5.0311112,-6.166906,0.52323097,0.13855003,-5.068081,3.9162953
-1.7626812,-3.9706237,5.3388915,-2.4395854,-0.2745022,-2.5770075,-2.3043194,1.424824,3.4833221,-7.6436453,-3.718138,-1.099151,8.091872,8.185483,0.9735576,-6.420539,-7.8115654,-0.7667411,5.209216,4.279529,4.877752,-0.72764003,-20.985144,-0.95715725,-4.6690297,-2.1011431,-5.142999,-3.9311244,-2.7777197,-2.635131,-4.005296,-0.73635614
3.1832325,0.07721599,-1.0879762,-2.7140725,0.8846496,-5.6597733,-0.36001775,-6.2551646,-3.500035,-4.244364,-1.9077933,-2.643343,-4.8499207,1.5942049,1.2611225,-3.8834882,-1.2652385,-2.9095066,1.6939857,-0.6598005,-3.6289933,2.9693327,-3.2155635,0.7788243,-2.1815488,1.801808,1.4717877,-1.8398999,-4.5162926,0.13792755,0.3599012,1.6802614
1.2179781,-0.10950503,-1.4135064,-0.15001203,2.130713,-2.017112,-0.7555539,-2.5192654,-3.115765,-3.0006435,-0.87410676,-1.1555903,-3.4544923,0.74239874,1.122318,-2.9433029,-0.28474456,-1.5351748,-0.796248,-1.8755499,-2.4251053,1.3099052,-0.313677,2.5195312,-0.15481433,0.9241194,1.757348,-2.8038096,-0.9795497,0.19079351,-0.5992807,2.7060995
4.562591,0.27738127,-1.0760901,-0.2528112,2.3659074,-3.2925503,-1.227974,-4.4929023,-3.878871,-2.930157,-1.227258,-2.086655,-4.839774,-0.25641233,0.9736161,-3.4797683,-1.0384412,-2.697888,1.2075326,-2.3166025,-3.3801708,3.1910653,-2.3476958,1.1996534,-1.6054717,3.2195904,2.8468623,-1.9664664,-3.8643632,1.6640791,-0.06264374,2.1145608
1.1976489,-0.24294102,-1.9162873,-0.96536183,2.0288372,-2.9201841,-1.0904571,-3.741075,-3.631783,-4.296711,-0.7150902,-1.4119294,-4.355058,0.8765231,0.6790508,-3.505232,-0.3311292,-2.2244804,-0.41083986,-2.457794,-3.3534868,1.626202,0.115303874,3.5572171,0.10553155,1.4671212,1.756469,-3.084131,-1.4784976,-0.3262549,-0.009265915,2.7467482
2.1743193,-0.1942094,-0.14503494,-0.9004688,2.6547565,-4.2559156,-0.741486,-4.396131,-3.8727508,-2.3809292,-0.7185724,-1.7262484,-5.030356,1.9613686,-1.2480415,-3.5911794,-2.5872886,-3.0834837,0.9651337,-2.4100132,-3.4369314,0.97015977,-1.0441649,2.7153893,0.10871604,2.0646389,3.1408887,-1.4201798,-3.070124,1.2003964,-0.99070776,3.7242813
3.7235472,-6.9542217,-2.123712,-2.8525877,3.2982016,0.850678,-6.481659,4.895199,3.915841,-4.783452,4.826313,6.106831,1.6187623,-3.3691378,-1.4376053,-0.5546426,2.4114418,-2.0175006,-0.84243685,-2.0511422,-0.6859005,-2.4221516,-5.686267,1.7770908,-1.5812131,-0.37593085,2.3679245,-4.280527,3.271231,-0.3061607,3.9969833,0.04548351
8.320714,-4.2911963,-3.8856578,-2.001587,3.9859111,-0.82613945,-6.777998,2.4278364,1.0128471,-3.1548884,1.8201265,4.252693,-0.89897454,-6.5088015,0.14620727,-1.1626018,0.8294617,-2.0308406,-0.71298033,-3.0614324,-0.12476223,0.16516861,-8.393679,-0.11699799,-3.97884,0.98094565,5.8734336,-6.4439235,-2.537196,3.453713,2.6377225,-0.26019746
1.7447473,-6.8027735,-0.1954886,-2.8722162,0.47487372,1.038648,-4.796254,3.1380177,2.8733518,-5.0375147,6.61456,6.6128445,1.8330781,-0.34859872,-1.9939106,0.47854254,1.6100752,-3.1978621,0.6351294,-0.41833195,-2.3922582,-0.49449715,-4.39222,3.1054502,0.5889889,0.2704762,1.3495213,-2.2763016,2.309811,-2.304116,3.4965205,-0.7770692
3.885058,-5.4435763,-0.83325315,-1.5978832,2.8270364,1.0945259,-5.0110083,2.402748,2.1995454,-3.5122166,4.5323496,4.499807,0.67305917,-2.9051325,0.21481146,-0.15043174,1.0180092,-2.0066345,-0.63568586,-0.9798874,-0.24144755,-1.7492499,-4.9126983,0.98851585,-1.9176741,1.298616,1.3310895,-1.7665765,2.5193408,-0.8946315,3.2937765,-0.62621593
3.5957847,-10.303498,-2.1118445,-7.2756844,1.4402807,1.5181036,-5.415185,4.306982,6.1580143,-8.334221,6.6572084,8.097897,2.8861578,-1.8049698,0.9190603,1.5751407,7.2957945,-1.2269516,-1.3381747,0.62376255,-0.77308905,-2.6147065,-7.465781,-0.26538974,-1.2926522,-2.083538,1.3793429,-5.3695674,6.327602,-3.0771327,7.940385,-2.238008
4.021609,-7.885563,-0.7113398,-4.348217,1.867065,2.8585641,-5.07506,4.098872,4.458144,-6.1461935,7.174924,7.5021157,3.163168,-2.7046347,-1.0933148,0.7398953,3.580372,-2.4806328,-0.053474836,0.6941279,-0.9461908,-1.5277079,-6.9363275,1.282228,-1.1323303,0.375197,1.889903,-2.9963677,3.6336687,-1.355676,5.7404895,-2.6170933
0.52937585,-8.063624,-0.14587694,-3.4888418,0.40158495,0.9961811,-6.100445,4.1174545,3.9325366,-6.169423,7.853794,7.8733687,2.050712,1.0482512,-3.3905938,0.14331803,3.374829,-4.266619,1.1870325,-0.9571218,-3.477838,-0.6548128,-3.8847976,3.5888455,1.0160692,-0.20214528,0.7989626,-2.979108,3.3274505,-3.3561134,3.8209996,-0.19919437
6.024875,-6.2894163,-3.2233148,-2.9227967,3.01684,-0.23530842,-7.4864306,3.6916604,3.1330533,-4.646206,4.063635,5.6811028,0.7824535,-5.3975396,-1.5739433,-0.6623386,1.5685074,-2.5920432,-0.19760248,-3.2671669,-1.4945029,-0.10046307,-7.0814867,1.1073742,-2.662008,0.6508102,4.6101246,-5.5642505,0.35397926,1.0367855,4.145535,-0.44198152
6.74697,-4.3687015,-3.4341006,-2.2622297,1.616111,-0.30625385,-7.1230597,5.0981345,2.9735417,-2.7285738,2.3106735,4.131283,1.2177254,-5.2438273,-1.4789349,-1.9133995,-1.5510637,-1.2436785,-1.0354924,-2.5528758,-1.4906225,0.05545655,-9.8001175,1.2083538,-3.8923779,2.4207945,5.45999,-6.337625,-0.9418681,2.8872914,1.6512697,-0.29831344
7.0663037,2.4156053,-0.05250661,6.4541454,-1.3687513,3.795888,-4.278301,3.2504082,0.9122989,-9.963978,-5.279542,-0.17354926,5.6228766,10.087113,-0.3651061,-10.450106,-0.02607499,0.21480887,1.5805258,-3.3327484,-4.89169,10.867383,-7.6046925,2.891203,-10.349603,0.2583175,1.9367967,-1.5306079,0.11606832,4.041691,-1.0965533,1.5211188
1.5925436,-0.2179361,1.1968079,3.804043,-1.5578418,3.0420053,1.3814733,2.3176565,-2.266733,-4.988929,-1.8387076,-1.2124804,2.028284,7.0322027,1.6470586,-5.2247148,-0.37367594,0.7178173,-0.87696797,-0.29512095,-3.493313,5.1688027,-5.7025104,3.2059274,-3.2522714,0.7621183,1.5062531,-2.3431156,2.2485874,1.356993,-1.7042913,0.45152977
2.65985,-0.16848552,2.279499,4.5244665,0.52319777,2.132654,0.54534376,0.1676684,-2.0164664,-8.468772,-6.750554,-5.2719784,4.313902,8.520049,-0.27525514,-8.975768,-2.0795913,2.374702,0.8747066,-2.2630272,-6.4163713,7.441133,-8.097435,2.8640845,-9.907525,0.88494974,2.5048022,1.269041,3.0785453,4.1559577,0.7829249,2.7558556
3.1115363,0.32475725,1.7011558,4.7871895,-2.6224473,4.0754857,0.33981624,4.600916,-1.0170448,-9.166332,-3.1398835,-2.3626814,6.1131577,10.721327,2.1824036,-9.468942,-2.085805,0.59875375,0.063327044,-0.19634894,-4.8271413,7.7354665,-9.280401,4.4207616,-6.6722894,0.6211887,0.059006367,-2.4563649,2.967966,1.5252252,-1.9564059,0.38276818
3.9956746,0.6686661,2.0351954,6.1681533,0.21790871,3.9532607,-1.6940329,2.1624086,-0.8776157,-6.781396,-2.991857,0.099369965,3.0691097,8.678827,1.0636873,-6.8838043,1.0389447,-1.0651088,-0.06094271,-1.6894959,-4.200676,6.9161425,-4.5851297,3.4329543,-5.486531,1.2308508,0.8648931,-0.2223501,2.0087404,1.2924829,-1.2709548,1.4424083
3.635057,0.21368691,3.1807952,4.01527,-2.7997935,5.902605,-0.4437397,4.169923,-0.826468,-8.204074,-0.3689348,-1.9242766,4.5767145,10.931151,0.5427138,-8.644225,0.600721,-0.21598245,0.49994463,-1.274366,-6.5289397,8.359137,-5.396894,5.2692704,-4.6984797,-0.29312584,-0.7744026,-2.1776142,4.686256,1.3380338,-1.172258,0.53804684
5.4508114,1.1781985,1.7342502,6.314452,-1.5787933,4.432451,-2.0285685,3.4311213,-0.34612903,-8.8607235,-3.9923832,-0.8859616,5.359663,10.608169,0.5168954,-9.70868,-0.26949054,0.3430975,0.5325698,-2.1224968,-5.4099426,10.137894,-7.7388816,3.4109194,-9.04475,0.8557916,0.72139,-1.2403349,1.8848139,2.4407008,-1.020694,1.5325776
4.1311073,0.24910843,2.1290598,4.458424,-0.1010271,3.8190718,-0.85008985,2.074677,-0.8657912,-6.5549154,-2.5779033,-0.94402254,3.3912637,8.092537,0.5663479,-6.7185416,1.3944348,-0.34030962,0.04732407,-1.4093719,-4.2381926,6.5101714,-4.513584,2.685386,-5.642133,0.5158545,0.8308344,-0.37930465,2.3511555,1.5555588,-0.39927524,1.1064379
3.2156622,0.41318563,1.3097334,5.2260065,-1.0899365,4.0858283,-0.8234491,3.3081307,-0.87141144,-6.5204973,-2.0012014,-0.10004045,3.639139,8.2761965,0.2940204,-7.212194,-0.3799578,-0.03978849,-0.19709517,-1.4220707,-4.228504,6.052704,-4.669625,4.42212,-4.845733,0.30699,1.6856897,-1.3522344,2.752724,1.8067639,-1.5221757,1.4699225
8.128323,-0.7057816,2.6124644,12.309288,-4.2619796,12.787792,0.035949808,8.730719,-2.32886,-20.321518,-6.8792505,-2.6207225,9.819308,20.593569,0.6773544,-19.553408,0.048986703,2.7384646,-2.101266,-5.752309,-17.570913,19.94367,-14.182979,12.455925,-16.930786,4.8796573,1.3124902,-3.4595287,8.454303,3.2080667,1.4176176,2.3140254
2.8538654,0.67680407,1.3509912,4.673993,-0.6584017,2.6145525,-0.28181192,4.6300282,-0.5568334,-6.527253,-2.552683,-0.6472051,4.938495,10.022588,0.41207466,-8.023059,-1.6096913,0.017053813,-0.21575852,-0.40960994,-3.3841436,5.5994687,-6.52118,4.1153693,-5.118601,-0.14249375,2.0971692,-3.2388527,1.9885246,2.846228,-3.4392169,2.1962109
1.4552227,0.29603115,1.6902794,3.3351996,-2.4295118,3.4636693,1.445043,3.883098,-1.6968081,-6.297164,-0.8595487,-1.6356882,3.1230083,9.38314,1.2535101,-6.6163716,-0.53036404,0.06223616,-0.67377627,0.32961303,-4.925214,5.4839435,-5.3079224,4.3918386,-2.7528403,0.935383,0.25432545,-3.1336906,3.044739,0.9443927,-2.3114884,0.8568722
-0.85811496,-1.6138953,4.3638563,0.18425542,-0.8242448,1.5925776,2.7227287,3.694803,-2.6262343,-3.803868,1.9595157,-1.392585,0.8842429,9.132499,1.6121731,-4.4235377,0.2393569,-1.2355946,-1.5864449,1.4741962,-3.7489507,1.4186018,-4.0942802,4.2559266,1.1208987,-0.8004005,-0.33298028,-4.1268315,3.8477309,-0.4589188,-3.9160886,2.242072
-1.5758444,3.1644948,1.5243275,0.57150036,-5.59445,0.18254854,1.3483598,5.8447423,-0.5293578,-5.1572447,-0.08966151,-1.8048356,2.0630183,11.496162,-0.70389,-7.852698,-3.850358,-1.8362716,0.9846348,0.520855,-4.3377237,4.0638547,-6.7264466,5.267341,3.4539204,-2.1692202,-0.44231567,-8.163463,-0.29049623,1.0126615,-5.518759,1.7115119
-1.9054632,-2.0290928,2.0102024,1.6723243,-0.9943158,2.624549,3.0340438,2.1949134,-3.7106464,-4.062846,-0.9750477,-1.8417964,-0.44658098,7.3584094,2.1281335,-3.5174985,1.3208433,0.4729597,-2.016895,-0.4105561,-3.351084,2.8588023,-4.2829037,4.4142838,0.12599602,-0.22170389,0.117064744,-4.985494,3.367673,0.07859854,-2.8768964,1.6410614
1.8534958,0.29032183,2.4407506,3.600288,-2.0863447,3.497289,1.8449103,2.8895485,-1.5854049,-6.1331873,-2.2808118,-2.1896787,3.8366518,9.483392,1.0372223,-6.465366,-0.5154301,0.47283232,0.047544524,0.16801459,-4.1142817,5.708883,-6.2757683,3.5061686,-3.8540068,-0.20018566,0.80133843,-1.6253433,2.3839998,1.6244895,-1.6531023,0.028448515
-0.6256438,-2.8191562,4.8968935,3.4413998,-5.8898015,7.266935,4.226049,5.55493,-2.200087,-7.8684225,-0.3404674,-0.75499415,6.8202744,12.539136,0.9285124,-5.107773,1.1675578,2.2185285,0.91371626,1.5761043,-4.660501,5.2698154,-9.805248,4.469058,-2.0627506,-1.6694828,2.7289462,-3.2536144,5.636089,-0.40292943,-2.3994708,-4.3748307
7.3194847,-4.463308,-3.1151772,-1.9516056,2.9663682,0.08737001,-7.026172,4.197037,2.4265857,-3.3442926,3.532022,4.4524736,0.735161,-5.2854156,-0.714282,-2.0115545,-0.05696337,-2.177033,-0.972609,-2.443238,-1.0599909,-0.4689533,-8.017064,1.0268029,-3.5053632,1.8500084,4.446973,-5.373041,-0.36861864,2.057652,2.506734,-0.3930019
7.0555573,-3.2585623,-5.199202,-1.6405456,1.1584654,1.5490569,-5.498545,7.4609394,2.6549413,-3.3700912,0.89842755,2.9381835,2.6794026,-4.6812572,-2.2452521,-3.9685261,-3.1222906,0.67928374,-1.2294508,-4.020697,-0.8788903,1.5731784,-13.599619,2.8363287,-4.8399673,1.688162,7.1425967,-10.186632,-3.11536,6.621568,0.18383063,-0.036477357
3.722569,-2.8583353,-0.2150473,-0.5439333,2.2058,0.20370112,-4.3604274,3.077694,1.2613415,-1.0509799,2.3112864,2.6113617,0.2964618,-1.9910665,-1.7873269,-0.64191604,-1.4849225,-2.306933,0.34529954,-2.281845,-1.2040706,-0.49921477,-5.712839,1.8884121,-1.1719543,1.6936203,2.9946876,-2.8317082,-0.4406798,1.8942649,-0.10614976,0.7267405
6.537953,-3.83625,-5.324627,-1.0063713,0.43187147,-1.2421682,-9.137425,6.699449,4.2225566,-1.801574,-1.585375,5.417472,1.7384436,-4.7457333,-5.2334523,-2.5559554,-1.6034107,-0.3478381,-1.5855685,-6.9872084,-3.1813571,1.639648,-11.7794,2.610393,-5.781217,-0.16467339,10.732059,-10.428548,-2.6979046,5.9758515,-0.2576387,1.3334639
8.110154,-4.000335,-3.1072965,-3.2819672,3.301378,-0.38674006,-7.663134,5.469089,2.9323568,-1.7953532,1.2391845,3.53964,1.0382782,-6.2606277,-4.130055,-2.0117645,-2.8880749,-1.6178482,0.07252802,-4.945515,-0.6740132,0.86971056,-12.857704,1.6508745,-3.8295588,1.9377671,7.6292057,-8.92005,-4.4561534,6.734693,0.89516526,0.69953656
9.330248,-2.69924,-6.9713407,-2.6861982,1.0607275,0.7063077,-4.742596,8.451369,3.6260004,-2.1332924,-0.12491037,1.3664073,2.4736645,-5.7841177,-0.48066592,-6.229408,-4.432868,2.2225704,-2.495122,-2.975859,-1.9484931,0.65647364,-17.640085,0.7405132,-6.988868,4.06218,8.48125,-13.228005,-3.788666,8.670281,-2.1566136,-0.36583227
6.3243823,-3.817412,-4.816363,-2.3797812,1.860358,0.2404211,-5.960451,6.478678,1.6810616,-2.4507349,0.79263043,3.3688848,0.3696274,-5.504161,-2.019529,-2.9115503,-1.708162,-0.66162086,-2.2606916,-4.2271037,-1.9142026,0.1763311,-11.508765,2.519701,-3.863473,2.0929134,7.010566,-9.540713,-2.3861938,4.4433846,0.4359405,0.8154597
6.418803,-2.121667,-3.2309122,-1.0381879,2.295312,-0.5555927,-5.321589,4.10125,2.013666,-1.0021541,-0.26590106,2.526674,1.0420626,-3.8868442,-1.6678969,-2.3505254,-2.122706,-0.6215516,-0.9149409,-3.4079843,-0.76401347,0.39955905,-9.758859,0.58389497,-4.3662705,1.4445019,5.734458,-6.77873,-3.7121959,4.5798097,-0.018021062,0.8371613
8.60075,-3.190445,-4.39863,-3.5523949,2.2139962,-0.025985721,-8.027041,7.079286,4.245215,-1.881849,-0.66608113,2.6615818,2.5122895,-6.1803923,-5.1869845,-3.187738,-2.6020129,-0.5204355,-0.022135124,-6.2711306,-1.3320366,2.300037,-14.455991,0.8871623,-5.7478495,1.2971687,8.856213,-10.693396,-5.2613935,8.851209,0.5586006,0.3156844
10.4558935,2.0408351,-5.0353074,-0.8190318,4.5888624,-1.9331895,-6.0164723,-3.875741,-1.9592298,-4.607313,-3.1542227,-1.0241779,-6.0920057,-4.9745555,5.226072,-3.6343174,4.9431915,-1.2813,0.727006,-2.516408,0.72740567,3.203042,-7.0876822,-4.3206024,-5.2241683,3.5177677,5.4995017,-8.58842,-6.1466913,5.053794,-0.6799597,0.3750677
10.31293,0.46457878,-6.304989,-0.35874653,3.5276825,-3.2762275,-7.3072815,-3.0320785,-2.377786,-5.040044,-1.4387078,0.85255605,-5.612944,-6.6276217,2.49845,-3.3716288,1.5072954,-2.3752573,0.96630913,-5.5932894,-2.1163104,4.88811,-6.6035132,-0.6664454,-5.2198033,3.3534377,5.825266,-8.814876,-6.9190316,4.0283966,1.235367,1.3483692
5.2476187,-1.4370519,-2.409998,0.040432937,2.5762177,-0.5329135,-3.597549,0.33459875,-1.0092049,-1.7387066,0.29884347,1.3228885,-2.297219,-3.2540407,2.2671769,-1.446891,0.35385776,-1.2950852,-1.1817331,-1.3191211,-0.35950127,0.39020613,-4.5035024,-0.21899724,-2.8012788,2.6116087,2.9902442,-3.452095,-1.2013668,1.6118965,0.5293264,0.73712075
7.037475,-3.6107,-2.2336888,-0.8593222,5.2792363,-1.7691709,-5.8946075,-0.08586149,-0.34474486,-3.3327768,0.6696319,1.7520857,-2.4275844,-2.6154127,4.283924,-2.9437351,1.2141165,-1.808887,-2.0098164,-1.3078649,1.7104563,-1.625519,-7.1497993,-0.9094771,-4.0725875,2.5306997,2.5299048,-4.0249596,-0.41531438,0.68646324,0.5788253,2.1769717
12.719424,-1.3425984,-6.8510847,-3.3658335,2.1458554,-1.430239,-7.449791,-4.1005573,-0.062069185,-7.770092,-0.029084906,1.9651828,-1.7906809,-8.025827,5.131803,-3.3171387,5.0070324,0.17315744,1.3710089,-1.4002403,-0.77195716,4.5765305,-9.344474,-4.8925776,-6.64735,3.273742,3.549985,-9.06859,-5.3198676,1.8312165,2.5905354,-3.0172343
11.892602,-6.197457,-5.1626816,-5.614562,5.199638,0.48306206,-6.751097,1.2718548,2.1294575,-7.1463804,2.6038113,5.518074,-0.4416144,-8.55584,2.7324378,-0.8793391,5.4994745,-1.4622175,-0.45068264,-0.745637,1.1675096,0.1418381,-9.8688545,-2.2693894,-5.613236,2.172522,5.0955305,-7.9641523,-1.5365448,3.701271,4.948066,-1.8305451
11.770583,-3.364523,-5.296914,-4.195971,4.551508,-2.6709406,-8.794222,-0.9035314,2.0513437,-7.0070314,1.0363743,4.534902,-2.0077407,-7.2754297,2.877796,-2.6321082,4.726837,-2.185509,-0.4192583,-2.229608,0.21908598,1.5752668,-8.402632,-3.8510818,-6.811373,2.2781549,3.9206018,-6.965471,-2.7845538,1.0783184,4.7061553,-1.2089778
4.1237063,-6.5956197,-0.8486733,-2.787317,3.1526058,1.0110278,-5.642279,2.6556365,2.48883,-5.319063,4.7393246,5.208469,0.55698395,-1.8988523,1.166869,-0.35252023,3.5013032,-2.9618096,-0.82848316,-0.5342496,-0.26137906,-1.5656563,-4.713872,0.5326651,-2.1142023,1.1933671,0.7600788,-2.1320276,4.1167083,-2.178924,3.907098,-0.22602347
7.0957236,-3.2193465,-3.3579125,-1.6272655,4.0780544,-2.2928267,-5.8517294,0.18400057,0.3249142,-4.5730476,0.8617947,3.408606,-0.8060218,-3.6312404,3.1764581,-1.8156899,2.0994945,-1.6363263,-2.0050004,-0.76572764,-0.04715603,-0.18896532,-6.5139785,-1.0896868,-4.8857107,2.373213,3.8931513,-4.905116,-1.2161648,0.9054295,1.8242186,0.7123351
9.644193,-3.9158556,-3.7204294,-3.187685,6.082102,2.1610053,-3.9164944,-1.0257233,0.16288957,-5.731371,-0.7889003,1.2687407,-3.605879,-4.8006897,7.0968966,-2.1353543,7.877165,-0.44959086,-2.3421857,2.1963017,2.9547787,-1.1330693,-8.324844,-4.8727207,-5.984937,4.4379234,3.9236321,-5.3268595,0.97006536,3.8750677,2.0597565,-0.34005058
4.394236,-3.2838078,7.4096518,-5.2971044,-5.45207,6.163561,-2.3425512,-0.83559006,0.88360703,-2.8004484,8.512495,0.55138254,6.708836,4.599477,-8.333387,-1.2280899,0.83006525,-1.405497,9.394626,-1.0061558,-5.760194,7.7513785,-6.1095166,0.16609344,0.32327464,-0.6946965,-2.1115005,0.60867065,-1.5077461,1.5525383,2.6209254,-6.186815
3.3397813,-2.9816284,6.996784,-5.9314,-5.876259,3.9108026,-1.334155,-1.5264493,1.2129823,-2.864378,6.3968496,-0.15005583,5.980738,4.702113,-7.314091,-1.570543,0.84950423,-1.4509921,8.882899,-0.01698146,-5.732278,7.6308746,-5.4236717,-0.83883,-1.5628865,-0.023953795,-2.2388897,1.2206852,-1.6364156,1.3162243,2.8862214,-4.794869
3.2541177,-2.5566783,6.159032,-3.6306455,-4.113593,4.5289674,-1.226486,-1.0326722,0.18949789,-1.9796064,6.070325,-0.11640978,4.8102083,4.1096234,-6.451425,-1.142357,0.71738696,-1.0949118,7.2872553,-1.0215176,-5.0309377,6.5430093,-4.211965,0.33275586,-0.2696445,-0.07938915,-1.9145113,1.1001724,-0.975656,1.2655092,2.3093648,-4.1667757
4.8736725,-2.9189663,7.516686,-5.9918613,-6.338335,6.2882047,-2.5583935,-1.234937,0.9911951,-2.7337523,8.935483,0.3174004,6.9556084,4.644009,-9.229182,-1.3225858,0.7545511,-1.2721353,10.284914,-1.3480788,-6.155165,8.644936,-6.59659,-0.19746274,0.13138558,-0.9351568,-2.171541,0.3066629,-2.222142,2.0910528,2.8261313,-6.5544033
4.824238,-3.3063264,7.513772,-6.1154785,-5.8010798,6.3609624,-3.041026,-0.69103193,1.3899378,-3.0864701,8.857288,0.82329375,7.780004,4.8740344,-8.958866,-1.2149688,1.1675315,-1.5743046,10.517418,-0.9339606,-5.661762,8.378555,-6.720939,-0.543802,0.1425833,-1.520688,-2.1007872,0.11031496,-1.8796844,1.416032,2.4359016,-6.6431684
9.234079,-3.172534,11.204988,-8.244291,-9.364766,6.9908834,0.9229018,-6.531079,-3.2381494,-2.1734364,7.7216015,-6.50255,6.6741242,8.618376,-12.911811,-2.343141,6.2423363,0.29775274,15.099308,-2.387606,-10.879587,18.76587,-8.345161,-1.4021996,-2.985738,1.6552626,-5.4600954,-0.20624642,-6.2886815,5.9517264,3.7733028,-6.617344
4.2216463,-1.7680289,5.9038925,-4.7643895,-5.3648076,6.104974,-3.0531552,-0.5054161,1.1769638,-2.096669,8.049724,1.1327872,5.59598,3.9915686,-8.446493,-1.0720663,0.35526383,-1.5283382,9.275068,-1.8832754,-4.9267907,7.499747,-4.865449,0.009744033,0.9729682,-0.58723444,-2.2191129,-0.2291077,-1.6284971,1.860902,2.1409423,-5.096187
3.4313817,-3.254511,6.794405,-3.6355972,-4.7018886,5.730375,-1.4073378,-0.3571152,0.29607382,-2.230117,7.3810806,0.18257919,5.656354,4.6794724,-7.314674,-1.4953945,0.24956012,-1.0993444,7.8983665,-1.0268,-5.3876452,6.513143,-5.304856,1.1838126,-0.24836624,-0.34061164,-1.5901067,1.5630783,-0.45600784,1.4433382,2.5326521,-5.1253886
3.3991525,-2.4838398,6.1976647,-3.493638,-4.4081974,4.764003,-1.0375297,-0.8920693,-0.14918678,-1.6035017,6.44627,-0.28586736,4.5817614,4.101781,-6.356111,-1.0606322,0.256125,-0.9035105,7.1610823,-0.81316847,-4.9940352,6.2655296,-4.7128925,0.62153494,0.12328316,-0.14823934,-1.5106478,0.9072518,-1.1899664,1.6141648,1.8846123,-4.600991
4.364374,-3.231617,-1.1820059,-1.8319232,2.1299484,0.37942997,-3.7449434,1.9971277,1.6661566,-2.6327963,2.2777574,2.9777138,0.78852445,-3.0589805,-0.3205114,-0.67980415,0.671983,-1.3656466,0.12759985,-0.52560717,-0.27651975,-0.33488682,-4.8584228,-0.26186582,-2.022169,1.3339726,2.0110679,-2.2257583,0.18899092,0.76906246,2.2052867,-0.81677663
